{
    "VT": 140.5749969482422,
    "ANET": 126.04000091552734,
    "GOOG": 317.2049865722656,
    "PDD": 119.19999694824219,
    "BRK-B": 507.1199951171875,
    "OXY": 42.36000061035156,
    "GEO": 16.90999984741211
}
