{
    "VT": 140.65989685058594,
    "ANET": 131.6999969482422,
    "GOOG": 305.80999755859375,
    "PDD": 110.37999725341797,
    "BRK-B": 499.5899963378906,
    "OXY": 39.67499923706055,
    "GEO": 16.059999465942383
}
