{
    "VT": 141.08999633789062,
    "ANET": 128.57000732421875,
    "GOOG": 317.7099914550781,
    "PDD": 116.04000091552734,
    "BRK-B": 501.0799865722656,
    "OXY": 42.525001525878906,
    "GEO": 17.094999313354492
}
