{
    "VT": 142.39500427246094,
    "ANET": 130.6300048828125,
    "GOOG": 313.9800109863281,
    "PDD": 115.77999877929688,
    "BRK-B": 500.5,
    "OXY": 39.919898986816406,
    "GEO": 16.309999465942383
}
