{
    "VT": 138.69000244140625,
    "ANET": 143.76170349121094,
    "GOOG": 252.18800354003906,
    "PDD": 128.82000732421875,
    "BRK-B": 496.1390075683594,
    "OXY": 42.36000061035156,
    "GEO": 17.21500015258789
}
