{
    "VT": 138.58999633789062,
    "ANET": 148.86000061035156,
    "GOOG": 246.42999267578125,
    "PDD": 134.52999877929688,
    "BRK-B": 498.7650146484375,
    "OXY": 47.69499969482422,
    "GEO": 21.75
}
