{
    "VT": 133.2100067138672,
    "ANET": 137.35000610351562,
    "GOOG": 230.65499877929688,
    "PDD": 121.52999877929688,
    "BRK-B": 497.84869384765625,
    "OXY": 46.814998626708984,
    "GEO": 20.969999313354492
}
