{
    "VT": 144.65499877929688,
    "ANET": 123.61000061035156,
    "GOOG": 330.3949890136719,
    "PDD": 120.24030303955078,
    "BRK-B": 499.1549987792969,
    "OXY": 42.779998779296875,
    "GEO": 17.479999542236328
}
