{
    "VT": 141.41000366210938,
    "ANET": 130.00999450683594,
    "GOOG": 316.0400085449219,
    "PDD": 115.89990234375,
    "BRK-B": 493.3800048828125,
    "OXY": 41.720001220703125,
    "GEO": 16.790000915527344
}
