{
    "VT": 138.61000061035156,
    "ANET": 134.1750030517578,
    "GOOG": 303.885009765625,
    "PDD": 97.38999938964844
}
