{
    "VT": 147.02999877929688,
    "ANET": 146.57000732421875,
    "GOOG": 335.5299987792969,
    "PDD": 107.08000183105469
}
