{
    "VT": 143.38150024414062,
    "ANET": 136.24000549316406,
    "GOOG": 316.9800109863281,
    "PDD": 118.73999786376953,
    "BRK-B": 500.8349914550781,
    "OXY": 41.26499938964844,
    "GEO": 16.540000915527344
}
