{
    "VT": 137.31500244140625,
    "ANET": 142.9550018310547,
    "GOOG": 245.47000122070312,
    "PDD": 130.83999633789062,
    "BRK-B": 498.5111083984375,
    "OXY": 47.77000045776367,
    "GEO": 20.989999771118164
}
