{
    "VT": 148.1649932861328,
    "ANET": 130.3000030517578,
    "GOOG": 305.80999755859375,
    "PDD": 105.95999908447266
}
