{
    "VT": 141.1699981689453,
    "ANET": 136.39999389648438,
    "GOOG": 308.7300109863281,
    "PDD": 100.91999816894531
}
