{
    "VT": 133.55999755859375,
    "ANET": 133.2100067138672,
    "GOOG": 207.5749969482422,
    "PDD": 123.4749984741211,
    "BRK-B": 488.70001220703125,
    "OXY": 45.7599983215332,
    "GEO": 20.850000381469727
}