{
    "VT": 142.80999755859375,
    "ANET": 140.19000244140625,
    "GOOG": 308.69500732421875,
    "PDD": 102.93170166015625
}
