{
    "VT": 137.3699951171875,
    "ANET": 143.66000366210938,
    "GOOG": 241.90499877929688,
    "PDD": 131.59939575195312,
    "BRK-B": 501.8500061035156,
    "OXY": 46.84199905395508,
    "GEO": 20.6299991607666
}
