{
    "VT": 140.7100067138672,
    "ANET": 128.6999969482422,
    "GOOG": 318.04278564453125,
    "PDD": 118.23999786376953,
    "BRK-B": 512.010009765625,
    "OXY": 42.46500015258789,
    "GEO": 16.10140037536621
}
