{
    "VT": 145.21499633789062,
    "ANET": 131.3000030517578,
    "GOOG": 333.90008544921875,
    "PDD": 101.83000183105469
}
