{
    "VT": 147.84950256347656,
    "ANET": 133.8350067138672,
    "GOOG": 316.1199951171875,
    "PDD": 106.43000030517578
}
