{
    "VT": 145.8300018310547,
    "ANET": 135.32000732421875,
    "GOOG": 321.6499938964844,
    "PDD": 104.98999786376953
}
