{
    "VT": 137.61529541015625,
    "ANET": 148.0500030517578,
    "GOOG": 254.7899932861328,
    "PDD": 128.97000122070312,
    "BRK-B": 493.92999267578125,
    "OXY": 45.849998474121094,
    "GEO": 21.454999923706055
}
