{
    "VT": 145.55999755859375,
    "ANET": 143.30990600585938,
    "GOOG": 299.75,
    "PDD": 101.87999725341797
}
