{
    "VT": 143.44000244140625,
    "ANET": 139.89999389648438,
    "GOOG": 307.04998779296875,
    "PDD": 105.3499984741211
}
