{
    "VT": 136.89999389648438,
    "ANET": 142.40499877929688,
    "GOOG": 249.31500244140625,
    "PDD": 132.72000122070312,
    "BRK-B": 495.3500061035156,
    "OXY": 47.189998626708984,
    "GEO": 21.459999084472656
}
