{
    "VT": 146.0050048828125,
    "ANET": 139.47999572753906,
    "GOOG": 305.4100036621094,
    "PDD": 100.26499938964844
}
