{
    "VT": 141.5198974609375,
    "ANET": 134.88999938964844,
    "GOOG": 287.30999755859375,
    "PDD": 135.98500061035156,
    "BRK-B": 502.9649963378906,
    "OXY": 42.01499938964844,
    "GEO": 15.020000457763672
}
