{
    "VT": 141.9949951171875,
    "ANET": 131.49000549316406,
    "GOOG": 315.8500061035156,
    "PDD": 112.0199966430664,
    "BRK-B": 500.4750061035156,
    "OXY": 40.1349983215332,
    "GEO": 16.280000686645508
}
