{
    "VT": 139.25999450683594,
    "ANET": 147.42999267578125,
    "GOOG": 247.6584930419922,
    "PDD": 131.1699981689453,
    "BRK-B": 494.2900085449219,
    "OXY": 40.904998779296875,
    "GEO": 17.725000381469727
}
