{
    "VT": 145.0749969482422,
    "ANET": 129.67999267578125,
    "GOOG": 329.7900085449219,
    "PDD": 106.91999816894531
}
