{
    "VT": 142.06500244140625,
    "ANET": 159.35499572753906,
    "GOOG": 271.6000061035156,
    "PDD": 138.02499389648438,
    "BRK-B": 477.29998779296875,
    "OXY": 41.07500076293945,
    "GEO": 16.886999130249023
}
