{
    "VT": 146.58999633789062,
    "ANET": 135.80999755859375,
    "GOOG": 310.9200134277344,
    "PDD": 100.47000122070312
}
