{
    "VT": 141.77499389648438,
    "ANET": 127.62000274658203,
    "GOOG": 310.25,
    "PDD": 112.05999755859375,
    "BRK-B": 496.875,
    "OXY": 41.095001220703125,
    "GEO": 17.165000915527344
}
