{
    "VT": 138.98899841308594,
    "ANET": 132.52499389648438,
    "GOOG": 277.5849914550781,
    "PDD": 131.11000061035156,
    "BRK-B": 508.2749938964844,
    "OXY": 42.48500061035156,
    "GEO": 15.270000457763672
}
