{
    "VT": 146.64999389648438,
    "ANET": 144.1300048828125,
    "GOOG": 336.44000244140625,
    "PDD": 106.83999633789062
}
