{
    "VT": 145.15499877929688,
    "ANET": 123.67620086669922,
    "GOOG": 330.70001220703125,
    "PDD": 118.87000274658203,
    "BRK-B": 498.3255920410156,
    "OXY": 42.654998779296875,
    "GEO": 17.489999771118164
}
