{
    "VT": 145.19500732421875,
    "ANET": 126.79000091552734,
    "GOOG": 340.6099853515625,
    "PDD": 113.6500015258789,
    "BRK-B": 495.7699890136719,
    "OXY": 43.130001068115234,
    "GEO": 17.15999984741211
}
