{
    "VT": 141.69000244140625,
    "ANET": 132.5500030517578,
    "GOOG": 314.07000732421875,
    "PDD": 116.12999725341797,
    "BRK-B": 494.5400085449219,
    "OXY": 42.540000915527344,
    "GEO": 16.0049991607666
}
