{
    "VT": 144.52499389648438,
    "ANET": 124.7300033569336,
    "GOOG": 336.6499938964844,
    "PDD": 107.79499816894531
}
