{
    "VT": 136.3800048828125,
    "ANET": 124.37999725341797,
    "GOOG": 295.7099914550781,
    "PDD": 117.01000213623047,
    "BRK-B": 498.6640930175781,
    "OXY": 41.369998931884766,
    "GEO": 14.6899995803833
}
