{
    "VT": 133.52000427246094,
    "ANET": 137.51499938964844,
    "GOOG": 205.92999267578125,
    "PDD": 117.94000244140625,
    "BRK-B": 480.5,
    "OXY": 44.439998626708984,
    "GEO": 20.739999771118164
}