{
    "VT": 140.69000244140625,
    "ANET": 130.51499938964844,
    "GOOG": 305.9599914550781,
    "PDD": 110.9000015258789,
    "BRK-B": 500.29998779296875,
    "OXY": 39.775001525878906,
    "GEO": 16.114999771118164
}
