{
    "VT": 137.2949981689453,
    "ANET": 144.17999267578125,
    "GOOG": 240.2406005859375,
    "PDD": 134.0749969482422,
    "BRK-B": 498.7300109863281,
    "OXY": 47.22999954223633,
    "GEO": 20.864500045776367
}
