{
    "VT": 138.22999572753906,
    "ANET": 148.02999877929688,
    "GOOG": 243.77999877929688,
    "PDD": 133.76499938964844,
    "BRK-B": 496.70001220703125,
    "OXY": 47.78499984741211,
    "GEO": 21.98900032043457
}
