{
    "VT": 139.05999755859375,
    "ANET": 132.75999450683594,
    "GOOG": 291.54998779296875,
    "PDD": 130.3249969482422,
    "BRK-B": 509.8999938964844,
    "OXY": 42.37350082397461,
    "GEO": 15.09000015258789
}
