{
    "VT": 141.26499938964844,
    "ANET": 126.5250015258789,
    "GOOG": 307.0400085449219,
    "PDD": 111.4800033569336,
    "BRK-B": 501.30999755859375,
    "OXY": 39.89500045776367,
    "GEO": 16.649999618530273
}
