{
    "VT": 144.21499633789062,
    "ANET": 126.875,
    "GOOG": 333.1199951171875,
    "PDD": 108.75700378417969,
    "BRK-B": 494.6650085449219,
    "OXY": 44.36000061035156,
    "GEO": 17.06999969482422
}
