{
    "VT": 132.02499389648438,
    "ANET": 135.6750030517578,
    "GOOG": 208.43499755859375,
    "PDD": 121.5,
    "BRK-B": 499.1499938964844,
    "OXY": 47.9557991027832,
    "GEO": 20.325000762939453
}
