{
    "VT": 138.96499633789062,
    "ANET": 125.76000213623047,
    "GOOG": 320.7850036621094,
    "PDD": 114.54000091552734,
    "BRK-B": 508.6600036621094,
    "OXY": 41.34000015258789,
    "GEO": 15.640000343322754
}
