{
    "VT": 142.25990295410156,
    "ANET": 130.69549560546875,
    "GOOG": 314.4700012207031,
    "PDD": 113.97000122070312,
    "BRK-B": 500.18499755859375,
    "OXY": 40.125,
    "GEO": 16.399999618530273
}
