{
    "VT": 134.88999938964844,
    "ANET": 141.8300018310547,
    "GOOG": 234.85000610351562,
    "PDD": 124.9800033569336,
    "BRK-B": 497.239990234375,
    "OXY": 45.185001373291016,
    "GEO": 20.4950008392334
}
