{
    "VT": 139.27000427246094,
    "ANET": 153.1300048828125,
    "GOOG": 255.38999938964844,
    "PDD": 132.0749969482422,
    "BRK-B": 491.239990234375,
    "OXY": 43.0099983215332,
    "GEO": 17.170000076293945
}
