{
    "VT": 141.9792938232422,
    "ANET": 157.18499755859375,
    "GOOG": 268.2049865722656,
    "PDD": 138.00999450683594,
    "BRK-B": 483.6448059082031,
    "OXY": 41.07500076293945,
    "GEO": 16.739999771118164
}
