{
    "VT": 138.99000549316406,
    "ANET": 136.48500061035156,
    "GOOG": 285.8900146484375,
    "PDD": 137.6199951171875,
    "BRK-B": 492.3299865722656,
    "OXY": 40.21500015258789,
    "GEO": 15.130000114440918
}
