{
    "VT": 143.75,
    "ANET": 140.44000244140625,
    "GOOG": 307.6099853515625,
    "PDD": 105.875
}
