{
    "VT": 141.1750030517578,
    "ANET": 133.8000030517578,
    "GOOG": 303.35198974609375,
    "PDD": 104.08000183105469
}
