{
    "VT": 137.9654998779297,
    "ANET": 146.5399932861328,
    "GOOG": 250.77499389648438,
    "PDD": 132.6300048828125,
    "BRK-B": 492.1099853515625,
    "OXY": 47.255001068115234,
    "GEO": 22.059999465942383
}
