{
    "VT": 144.52499389648438,
    "ANET": 128.1199951171875,
    "GOOG": 329.3900146484375,
    "PDD": 105.96499633789062
}
