{
    "VT": 137.33619689941406,
    "ANET": 141.4199981689453,
    "GOOG": 249.8300018310547,
    "PDD": 131.99000549316406,
    "BRK-B": 493.8900146484375,
    "OXY": 47.40800094604492,
    "GEO": 22.239999771118164
}
