{
    "VT": 141.6999969482422,
    "ANET": 135.5,
    "GOOG": 304.3599853515625,
    "PDD": 103.80999755859375
}
