{
    "VT": 137.8199005126953,
    "ANET": 143.2949981689453,
    "GOOG": 249.6519012451172,
    "PDD": 127.9000015258789,
    "BRK-B": 493.0400085449219,
    "OXY": 41.76499938964844,
    "GEO": 17.25
}
