{
    "VT": 145.27110290527344,
    "ANET": 123.47000122070312,
    "GOOG": 331.8399963378906,
    "PDD": 118.7300033569336,
    "BRK-B": 498.30999755859375,
    "OXY": 42.540000915527344,
    "GEO": 17.454999923706055
}
