{
    "VT": 132.9499969482422,
    "ANET": 137.47999572753906,
    "GOOG": 230.41000366210938,
    "PDD": 124.1500015258789,
    "BRK-B": 500.55999755859375,
    "OXY": 46.20500183105469,
    "GEO": 20.98900032043457
}
