{
    "VT": 136.22000122070312,
    "ANET": 124.85600280761719,
    "GOOG": 295.8500061035156,
    "PDD": 115.12000274658203,
    "BRK-B": 503.0799865722656,
    "OXY": 41.92499923706055,
    "GEO": 15.074999809265137
}
