{
    "VT": 146.22500610351562,
    "ANET": 140.25999450683594,
    "GOOG": 343.3999938964844,
    "PDD": 103.3499984741211
}
