{
    "VT": 134.1649932861328,
    "ANET": 141.80499267578125,
    "GOOG": 233.7550048828125,
    "PDD": 124.91000366210938,
    "BRK-B": 498.67498779296875,
    "OXY": 45.3849983215332,
    "GEO": 20.760000228881836
}
