{
    "VT": 141.5749969482422,
    "ANET": 135.02499389648438,
    "GOOG": 303.614990234375,
    "PDD": 104.08999633789062
}
