{
    "VT": 132.7949981689453,
    "ANET": 131.17999267578125,
    "GOOG": 200.77999877929688,
    "PDD": 118.27999877929688,
    "BRK-B": 489.6700134277344,
    "OXY": 44.334999084472656,
    "GEO": 21.940000534057617
}