{
    "VT": 137.8553009033203,
    "ANET": 146.77000427246094,
    "GOOG": 252.98500061035156,
    "PDD": 128.8000030517578,
    "BRK-B": 492.67498779296875,
    "OXY": 45.77000045776367,
    "GEO": 21.34000015258789
}
