{
    "VT": 146.0500030517578,
    "ANET": 148.86000061035156,
    "GOOG": 334.1700134277344,
    "PDD": 102.13999938964844
}
