{
    "VT": 133.44000244140625,
    "ANET": 137.7899932861328,
    "GOOG": 207.1300048828125,
    "PDD": 119.0999984741211,
    "BRK-B": 478.239990234375,
    "OXY": 44.73500061035156,
    "GEO": 20.909900665283203
}