{
    "VT": 147.6649932861328,
    "ANET": 141.52999877929688,
    "GOOG": 325.2200012207031,
    "PDD": 105.93000030517578
}
