{
    "VT": 139.34500122070312,
    "ANET": 155.03919982910156,
    "GOOG": 245.2631072998047,
    "PDD": 135.0500030517578,
    "BRK-B": 501.5150146484375,
    "OXY": 45.16999816894531,
    "GEO": 18.729999542236328
}
