{
    "VT": 144.0532989501953,
    "ANET": 134.22999572753906,
    "GOOG": 315.19000244140625,
    "PDD": 123.5250015258789,
    "BRK-B": 499.81500244140625,
    "OXY": 41.4900016784668,
    "GEO": 15.829999923706055
}
