{
    "VT": 138.50999450683594,
    "ANET": 144.83999633789062,
    "GOOG": 255.60000610351562,
    "PDD": 127.77279663085938,
    "BRK-B": 492.760009765625,
    "OXY": 41.915000915527344,
    "GEO": 17.290000915527344
}
