{
    "VT": 141.52999877929688,
    "ANET": 157.1649932861328,
    "GOOG": 268.2449951171875,
    "PDD": 136.75,
    "BRK-B": 483.7300109863281,
    "OXY": 41.35900115966797,
    "GEO": 16.920000076293945
}
