{
    "VT": 141.19000244140625,
    "ANET": 126.0,
    "GOOG": 304.010009765625,
    "PDD": 106.83000183105469,
    "BRK-B": 505.0899963378906,
    "OXY": 40.000999450683594,
    "GEO": 17.030000686645508
}
