{
    "VT": 132.46499633789062,
    "ANET": 135.9929962158203,
    "GOOG": 211.02999877929688,
    "PDD": 121.5999984741211,
    "BRK-B": 499.70989990234375,
    "OXY": 48.07709884643555,
    "GEO": 20.610000610351562
}
