{
    "VT": 137.8350067138672,
    "ANET": 134.9499969482422,
    "GOOG": 277.6600036621094,
    "PDD": 134.72999572753906,
    "BRK-B": 497.5199890136719,
    "OXY": 40.790000915527344,
    "GEO": 15.055000305175781
}
