{
    "VT": 145.52499389648438,
    "ANET": 131.72999572753906,
    "GOOG": 333.6499938964844,
    "PDD": 102.37000274658203
}
