{
    "VT": 141.4665985107422,
    "ANET": 132.05999755859375,
    "GOOG": 314.7142028808594,
    "PDD": 113.19000244140625,
    "BRK-B": 505.5899963378906,
    "OXY": 41.04990005493164,
    "GEO": 16.18000030517578
}
