{
    "VT": 147.73500061035156,
    "ANET": 137.6999969482422,
    "GOOG": 314.7398986816406,
    "PDD": 105.31999969482422
}
