{
    "VT": 134.2050018310547,
    "ANET": 142.07000732421875,
    "GOOG": 234.84640502929688,
    "PDD": 124.80000305175781,
    "BRK-B": 498.9700012207031,
    "OXY": 45.619998931884766,
    "GEO": 20.770000457763672
}
