{
    "VT": 136.77499389648438,
    "ANET": 117.45999908447266,
    "GOOG": 302.1600036621094,
    "PDD": 113.55999755859375,
    "BRK-B": 504.1099853515625,
    "OXY": 41.27000045776367,
    "GEO": 15.199999809265137
}
