{
    "VT": 141.02000427246094,
    "ANET": 133.44500732421875,
    "GOOG": 299.2749938964844,
    "PDD": 100.8499984741211
}
