{
    "VT": 138.9499969482422,
    "ANET": 145.44000244140625,
    "GOOG": 252.8800048828125,
    "PDD": 131.08999633789062,
    "BRK-B": 494.6650085449219,
    "OXY": 40.7599983215332,
    "GEO": 17.145000457763672
}
