{
    "VT": 137.33349609375,
    "ANET": 143.2449951171875,
    "GOOG": 250.57000732421875,
    "PDD": 132.36000061035156,
    "BRK-B": 495.385009765625,
    "OXY": 47.13999938964844,
    "GEO": 21.479999542236328
}
