{
    "VT": 139.58999633789062,
    "ANET": 153.8000030517578,
    "GOOG": 254.9199981689453,
    "PDD": 133.53500366210938,
    "BRK-B": 490.7250061035156,
    "OXY": 43.09000015258789,
    "GEO": 17.450000762939453
}
