{
    "VT": 139.13999938964844,
    "ANET": 153.60000610351562,
    "GOOG": 278.0899963378906,
    "PDD": 133.48500061035156,
    "BRK-B": 487.7650146484375,
    "OXY": 40.10419845581055,
    "GEO": 16.299999237060547
}
