{
    "VT": 146.05499267578125,
    "ANET": 135.72000122070312,
    "GOOG": 324.9100036621094,
    "PDD": 105.6449966430664
}
