{
    "VT": 140.5,
    "ANET": 154.36000061035156,
    "GOOG": 261.31500244140625,
    "PDD": 134.1999969482422,
    "BRK-B": 490.45001220703125,
    "OXY": 42.814998626708984,
    "GEO": 17.350000381469727
}
