{
    "VT": 137.2445068359375,
    "ANET": 146.80499267578125,
    "GOOG": 251.077392578125,
    "PDD": 128.17999267578125,
    "BRK-B": 490.7349853515625,
    "OXY": 45.525001525878906,
    "GEO": 22.0
}
