{
    "VT": 139.14999389648438,
    "ANET": 145.4199981689453,
    "GOOG": 252.13059997558594,
    "PDD": 131.06019592285156,
    "BRK-B": 492.9599914550781,
    "OXY": 40.814998626708984,
    "GEO": 17.489999771118164
}
