{
    "VT": 144.93499755859375,
    "ANET": 136.11000061035156,
    "GOOG": 329.0,
    "PDD": 107.13500213623047
}
