{
    "VT": 145.11500549316406,
    "ANET": 123.7699966430664,
    "GOOG": 330.7200012207031,
    "PDD": 118.55500030517578,
    "BRK-B": 498.3067932128906,
    "OXY": 42.625,
    "GEO": 17.5
}
