{
    "VT": 138.89990234375,
    "ANET": 148.29510498046875,
    "GOOG": 245.72999572753906,
    "PDD": 135.2899932861328,
    "BRK-B": 498.6449890136719,
    "OXY": 46.189998626708984,
    "GEO": 21.579999923706055
}
