{
    "VT": 144.6699981689453,
    "ANET": 130.47000122070312,
    "GOOG": 337.2850036621094,
    "PDD": 111.58999633789062,
    "BRK-B": 495.5,
    "OXY": 43.58000183105469,
    "GEO": 17.370100021362305
}
