{
    "VT": 138.05999755859375,
    "ANET": 145.1300048828125,
    "GOOG": 252.8699951171875,
    "PDD": 130.22999572753906,
    "BRK-B": 496.30499267578125,
    "OXY": 46.86000061035156,
    "GEO": 21.850000381469727
}
