{
    "VT": 141.60499572753906,
    "ANET": 128.05999755859375,
    "GOOG": 322.2099914550781,
    "PDD": 117.91999816894531,
    "BRK-B": 503.0,
    "OXY": 42.875,
    "GEO": 17.110000610351562
}
