{
    "VT": 137.2165985107422,
    "ANET": 141.125,
    "GOOG": 248.8800048828125,
    "PDD": 133.05999755859375,
    "BRK-B": 494.42041015625,
    "OXY": 47.625,
    "GEO": 22.0049991607666
}
