{
    "VT": 141.14990234375,
    "ANET": 132.7550048828125,
    "GOOG": 315.6698913574219,
    "PDD": 117.31500244140625,
    "BRK-B": 491.3699951171875,
    "OXY": 41.77000045776367,
    "GEO": 17.079999923706055
}
