{
    "VT": 141.9550018310547,
    "ANET": 135.36500549316406,
    "GOOG": 315.9599914550781,
    "PDD": 116.55999755859375,
    "BRK-B": 500.30999755859375,
    "OXY": 41.665000915527344,
    "GEO": 15.829999923706055
}
