{
    "VT": 133.1898956298828,
    "ANET": 136.46499633789062,
    "GOOG": 230.1820068359375,
    "PDD": 123.13999938964844,
    "BRK-B": 499.2900085449219,
    "OXY": 46.53499984741211,
    "GEO": 20.860000610351562
}
