{
    "VT": 145.9698944091797,
    "ANET": 144.27000427246094,
    "GOOG": 331.92999267578125,
    "PDD": 106.38500213623047
}
