{
    "VT": 141.4149932861328,
    "ANET": 134.07000732421875,
    "GOOG": 302.489990234375,
    "PDD": 102.26000213623047
}
