{
    "VT": 139.38499450683594,
    "ANET": 130.2100067138672,
    "GOOG": 278.80999755859375,
    "PDD": 134.4095001220703,
    "BRK-B": 513.4199829101562,
    "OXY": 41.869998931884766,
    "GEO": 14.529999732971191
}
