{
    "VT": 140.64500427246094,
    "ANET": 156.4600067138672,
    "GOOG": 283.5899963378906,
    "PDD": 136.16119384765625,
    "BRK-B": 476.1700134277344,
    "OXY": 40.82699966430664,
    "GEO": 16.889999389648438
}
