{
    "VT": 139.16610717773438,
    "ANET": 145.72000122070312,
    "GOOG": 254.35000610351562,
    "PDD": 130.80999755859375,
    "BRK-B": 493.82000732421875,
    "OXY": 41.060001373291016,
    "GEO": 17.079999923706055
}
