{
    "VT": 141.23500061035156,
    "ANET": 129.27999877929688,
    "GOOG": 313.80999755859375,
    "PDD": 115.87999725341797,
    "BRK-B": 494.1300048828125,
    "OXY": 41.349998474121094,
    "GEO": 16.790000915527344
}
