{
    "VT": 133.4329071044922,
    "ANET": 138.22000122070312,
    "GOOG": 205.74000549316406,
    "PDD": 119.25,
    "BRK-B": 477.739990234375,
    "OXY": 44.8129997253418,
    "GEO": 21.030000686645508
}