{
    "VT": 142.4550018310547,
    "ANET": 134.94000244140625,
    "GOOG": 299.1199951171875,
    "PDD": 102.4749984741211
}
