{
    "VT": 145.14999389648438,
    "ANET": 132.4600067138672,
    "GOOG": 321.998291015625,
    "PDD": 103.80000305175781
}
