{
    "VT": 148.2100067138672,
    "ANET": 144.94500732421875,
    "GOOG": 319.8999938964844,
    "PDD": 104.5
}
