{
    "VT": 146.10499572753906,
    "ANET": 135.31500244140625,
    "GOOG": 323.4100036621094,
    "PDD": 105.37000274658203
}
