{
    "VT": 140.13499450683594,
    "ANET": 136.44000244140625,
    "GOOG": 306.6401062011719,
    "PDD": 100.82009887695312
}
