{
    "VT": 141.7949981689453,
    "ANET": 131.53500366210938,
    "GOOG": 315.5400085449219,
    "PDD": 112.51000213623047,
    "BRK-B": 498.4649963378906,
    "OXY": 39.769901275634766,
    "GEO": 16.399999618530273
}
