{
    "VT": 142.0500030517578,
    "ANET": 130.34500122070312,
    "GOOG": 313.6099853515625,
    "PDD": 112.23999786376953,
    "BRK-B": 500.04998779296875,
    "OXY": 40.1150016784668,
    "GEO": 16.295000076293945
}
