{
    "VT": 147.59500122070312,
    "ANET": 129.22000122070312,
    "GOOG": 310.9150085449219,
    "PDD": 106.6500015258789
}
