{
    "VT": 141.63499450683594,
    "ANET": 132.46499633789062,
    "GOOG": 314.7200012207031,
    "PDD": 112.9749984741211,
    "BRK-B": 505.2149963378906,
    "OXY": 41.26499938964844,
    "GEO": 16.21500015258789
}
