{
    "VT": 143.80999755859375,
    "ANET": 128.97000122070312,
    "GOOG": 323.3299865722656,
    "PDD": 102.12000274658203
}
