{
    "VT": 138.86500549316406,
    "ANET": 131.2100067138672,
    "GOOG": 305.760009765625,
    "PDD": 117.30999755859375,
    "BRK-B": 503.20001220703125,
    "OXY": 42.21659851074219,
    "GEO": 15.25
}
