{
    "VT": 147.85000610351562,
    "ANET": 141.5800018310547,
    "GOOG": 312.0,
    "PDD": 104.69000244140625
}
