{
    "VT": 139.75999450683594,
    "ANET": 126.25,
    "GOOG": 320.75,
    "PDD": 117.93499755859375,
    "BRK-B": 508.8689880371094,
    "OXY": 41.56999969482422,
    "GEO": 15.729999542236328
}
