{
    "VT": 140.3800048828125,
    "ANET": 128.5399932861328,
    "GOOG": 316.1600036621094,
    "PDD": 118.83899688720703,
    "BRK-B": 510.55499267578125,
    "OXY": 42.529998779296875,
    "GEO": 16.170000076293945
}
