{
    "VT": 137.6903076171875,
    "ANET": 140.89500427246094,
    "GOOG": 246.94000244140625,
    "PDD": 127.5,
    "BRK-B": 495.7380065917969,
    "OXY": 42.400001525878906,
    "GEO": 17.3700008392334
}
