{
    "VT": 136.86380004882812,
    "ANET": 142.30499267578125,
    "GOOG": 247.98500061035156,
    "PDD": 131.9199981689453,
    "BRK-B": 495.25,
    "OXY": 46.83000183105469,
    "GEO": 21.510000228881836
}
