{
    "VT": 147.74989318847656,
    "ANET": 129.64500427246094,
    "GOOG": 311.81500244140625,
    "PDD": 105.98999786376953
}
