{
    "VT": 141.06500244140625,
    "ANET": 132.85499572753906,
    "GOOG": 315.0400085449219,
    "PDD": 117.37000274658203,
    "BRK-B": 492.5950012207031,
    "OXY": 41.76499938964844,
    "GEO": 17.084999084472656
}
