{
    "VT": 148.26499938964844,
    "ANET": 140.9199981689453,
    "GOOG": 312.2799987792969,
    "PDD": 104.48999786376953
}
