{
    "VT": 139.80999755859375,
    "ANET": 131.00999450683594,
    "GOOG": 302.67498779296875,
    "PDD": 102.27999877929688
}
