{
    "VT": 138.67999267578125,
    "ANET": 155.8238067626953,
    "GOOG": 240.7711944580078,
    "PDD": 131.54750061035156,
    "BRK-B": 497.79998779296875,
    "OXY": 44.96500015258789,
    "GEO": 18.209999084472656
}
