{
    "VT": 141.23500061035156,
    "ANET": 124.66000366210938,
    "GOOG": 308.260009765625,
    "PDD": 111.20999908447266,
    "BRK-B": 505.30499267578125,
    "OXY": 40.16999816894531,
    "GEO": 16.829999923706055
}
