{
    "VT": 135.44000244140625,
    "ANET": 150.63999938964844,
    "GOOG": 239.60000610351562,
    "PDD": 124.06500244140625,
    "BRK-B": 488.29998779296875,
    "OXY": 46.14500045776367,
    "GEO": 21.25
}
