{
    "VT": 146.14999389648438,
    "ANET": 148.7899932861328,
    "GOOG": 335.4549865722656,
    "PDD": 102.12999725341797
}
