{
    "VT": 146.38499450683594,
    "ANET": 128.6750030517578,
    "GOOG": 313.3629150390625,
    "PDD": 106.16999816894531
}
