{
    "VT": 148.14999389648438,
    "ANET": 137.22000122070312,
    "GOOG": 312.5249938964844,
    "PDD": 101.93000030517578
}
