{
    "VT": 133.2949981689453,
    "ANET": 137.1300048828125,
    "GOOG": 203.7801971435547,
    "PDD": 118.76499938964844,
    "BRK-B": 477.5849914550781,
    "OXY": 44.21500015258789,
    "GEO": 21.08989906311035
}