{
    "VT": 139.1999969482422,
    "ANET": 133.13999938964844,
    "GOOG": 277.55999755859375,
    "PDD": 131.71499633789062,
    "BRK-B": 509.19500732421875,
    "OXY": 42.71500015258789,
    "GEO": 15.270000457763672
}
