{
    "VT": 144.57000732421875,
    "ANET": 129.47999572753906,
    "GOOG": 336.6000061035156,
    "PDD": 111.54000091552734,
    "BRK-B": 496.29998779296875,
    "OXY": 43.994598388671875,
    "GEO": 17.34000015258789
}
