{
    "VT": 141.63999938964844,
    "ANET": 127.96499633789062,
    "GOOG": 321.29949951171875,
    "PDD": 117.54000091552734,
    "BRK-B": 504.5,
    "OXY": 42.790000915527344,
    "GEO": 17.165000915527344
}
