{
    "VT": 138.54530334472656,
    "ANET": 143.5399932861328,
    "GOOG": 244.41000366210938,
    "PDD": 135.5399932861328,
    "BRK-B": 493.5450134277344,
    "OXY": 44.1150016784668,
    "GEO": 20.489999771118164
}
