{
    "VT": 141.9149932861328,
    "ANET": 134.3000030517578,
    "GOOG": 313.5199890136719,
    "PDD": 113.30000305175781,
    "BRK-B": 500.1000061035156,
    "OXY": 40.220001220703125,
    "GEO": 16.440000534057617
}
