{
    "VT": 137.17999267578125,
    "ANET": 143.77000427246094,
    "GOOG": 240.64999389648438,
    "PDD": 133.47000122070312,
    "BRK-B": 499.3299865722656,
    "OXY": 46.58599853515625,
    "GEO": 20.53499984741211
}
