{
    "VT": 133.52000427246094,
    "ANET": 141.04739379882812,
    "GOOG": 228.0500030517578,
    "PDD": 123.8949966430664,
    "BRK-B": 502.7699890136719,
    "OXY": 46.084999084472656,
    "GEO": 21.280000686645508
}
