{
    "VT": 134.13999938964844,
    "ANET": 134.98500061035156,
    "GOOG": 211.72000122070312,
    "PDD": 122.12999725341797,
    "BRK-B": 497.8529968261719,
    "OXY": 46.95009994506836,
    "GEO": 20.5
}