{
    "VT": 136.2899932861328,
    "ANET": 123.44000244140625,
    "GOOG": 293.3999938964844,
    "PDD": 117.81999969482422,
    "BRK-B": 499.2601013183594,
    "OXY": 41.51499938964844,
    "GEO": 14.619999885559082
}
