{
    "VT": 140.66900634765625,
    "ANET": 127.63999938964844,
    "GOOG": 315.5899963378906,
    "PDD": 119.05000305175781,
    "BRK-B": 507.75,
    "OXY": 41.96500015258789,
    "GEO": 16.656600952148438
}
