{
    "VT": 141.2689971923828,
    "ANET": 134.9199981689453,
    "GOOG": 303.06500244140625,
    "PDD": 104.0
}
