{
    "VT": 144.32000732421875,
    "ANET": 124.4800033569336,
    "GOOG": 336.3349914550781,
    "PDD": 107.9800033569336
}
