{
    "VT": 137.5449981689453,
    "ANET": 151.75,
    "GOOG": 243.28500366210938,
    "PDD": 128.27999877929688,
    "BRK-B": 493.385009765625,
    "OXY": 42.345001220703125,
    "GEO": 17.459999084472656
}
