{
    "VT": 141.10000610351562,
    "ANET": 135.96499633789062,
    "GOOG": 303.0299987792969,
    "PDD": 101.62999725341797
}
