{
    "VT": 135.3699951171875,
    "ANET": 121.12999725341797,
    "GOOG": 291.8299865722656,
    "PDD": 113.12000274658203,
    "BRK-B": 504.17498779296875,
    "OXY": 41.43840026855469,
    "GEO": 14.864999771118164
}
