{
    "VT": 137.38499450683594,
    "ANET": 141.5625,
    "GOOG": 252.25,
    "PDD": 129.6999969482422,
    "BRK-B": 490.1675109863281,
    "OXY": 47.67499923706055,
    "GEO": 21.895000457763672
}
