{
    "VT": 142.375,
    "ANET": 125.4800033569336,
    "GOOG": 301.05499267578125,
    "PDD": 100.12000274658203
}
