{
    "VT": 135.07000732421875,
    "ANET": 141.25999450683594,
    "GOOG": 234.69000244140625,
    "PDD": 126.2699966430664,
    "BRK-B": 494.7699890136719,
    "OXY": 45.845001220703125,
    "GEO": 20.700000762939453
}
