{
    "VT": 146.3800048828125,
    "ANET": 134.36500549316406,
    "GOOG": 314.3299865722656,
    "PDD": 100.04499816894531
}
