{
    "VT": 138.49000549316406,
    "ANET": 127.30000305175781,
    "GOOG": 286.239990234375,
    "PDD": 129.97000122070312,
    "BRK-B": 506.92999267578125,
    "OXY": 42.38999938964844,
    "GEO": 14.835000038146973
}
