{
    "VT": 145.4199981689453,
    "ANET": 137.52999877929688,
    "GOOG": 343.1499938964844,
    "PDD": 103.0
}
