{
    "VT": 139.63999938964844,
    "ANET": 150.77000427246094,
    "GOOG": 251.58999633789062,
    "PDD": 134.89999389648438,
    "BRK-B": 500.4949951171875,
    "OXY": 45.459999084472656,
    "GEO": 19.390100479125977
}
