{
    "VT": 147.51499938964844,
    "ANET": 129.61000061035156,
    "GOOG": 310.010009765625,
    "PDD": 106.96499633789062
}
