{
    "VT": 136.9199981689453,
    "ANET": 141.16000366210938,
    "GOOG": 248.22000122070312,
    "PDD": 133.49420166015625,
    "BRK-B": 493.510009765625,
    "OXY": 47.43000030517578,
    "GEO": 21.75
}
