{
    "VT": 138.08999633789062,
    "ANET": 144.6199951171875,
    "GOOG": 240.75999450683594,
    "PDD": 134.00999450683594,
    "BRK-B": 499.8299865722656,
    "OXY": 47.54999923706055,
    "GEO": 21.281700134277344
}
