{
    "VT": 143.5449981689453,
    "ANET": 123.44999694824219,
    "GOOG": 326.72509765625,
    "PDD": 121.2300033569336,
    "BRK-B": 502.92999267578125,
    "OXY": 42.3650016784668,
    "GEO": 16.579999923706055
}
