{
    "VT": 146.2949981689453,
    "ANET": 140.89999389648438,
    "GOOG": 342.3999938964844,
    "PDD": 103.27999877929688
}
