{
    "VT": 132.7449951171875,
    "ANET": 133.11000061035156,
    "GOOG": 202.17999267578125,
    "PDD": 118.72000122070312,
    "BRK-B": 484.75,
    "OXY": 43.79499816894531,
    "GEO": 21.569900512695312
}