{
    "VT": 147.00999450683594,
    "ANET": 146.41000366210938,
    "GOOG": 335.70001220703125,
    "PDD": 106.98999786376953
}
