{
    "VT": 134.00999450683594,
    "ANET": 133.47000122070312,
    "GOOG": 210.8699951171875,
    "PDD": 126.77999877929688,
    "BRK-B": 484.2868957519531,
    "OXY": 46.17499923706055,
    "GEO": 21.299999237060547
}