{
    "VT": 138.0800018310547,
    "ANET": 145.61000061035156,
    "GOOG": 252.25999450683594,
    "PDD": 128.69500732421875,
    "BRK-B": 493.7300109863281,
    "OXY": 46.189998626708984,
    "GEO": 21.540000915527344
}
