{
    "VT": 147.00999450683594,
    "ANET": 148.7100067138672,
    "GOOG": 336.0400085449219,
    "PDD": 106.38500213623047
}
