{
    "VT": 144.0800018310547,
    "ANET": 140.97999572753906,
    "GOOG": 307.3900146484375,
    "PDD": 106.29499816894531
}
