{
    "VT": 144.16000366210938,
    "ANET": 133.86000061035156,
    "GOOG": 313.6700134277344,
    "PDD": 123.51000213623047,
    "BRK-B": 500.4018859863281,
    "OXY": 41.75,
    "GEO": 15.960000038146973
}
