{
    "VT": 139.61000061035156,
    "ANET": 122.76000213623047,
    "GOOG": 300.1400146484375,
    "PDD": 104.79199981689453,
    "BRK-B": 504.0,
    "OXY": 40.17499923706055,
    "GEO": 16.75
}
