{
    "VT": 145.02499389648438,
    "ANET": 122.68499755859375,
    "GOOG": 330.6099853515625,
    "PDD": 118.18000030517578,
    "BRK-B": 498.7300109863281,
    "OXY": 42.67499923706055,
    "GEO": 17.459999084472656
}
