{
    "VT": 139.36500549316406,
    "ANET": 156.78500366210938,
    "GOOG": 245.72999572753906,
    "PDD": 133.9199981689453,
    "BRK-B": 500.510009765625,
    "OXY": 45.0,
    "GEO": 18.524999618530273
}
