{
    "VT": 133.6199951171875,
    "ANET": 135.51499938964844,
    "GOOG": 212.5399932861328,
    "PDD": 120.97000122070312,
    "BRK-B": 505.1099853515625,
    "OXY": 47.70500183105469,
    "GEO": 20.6200008392334
}