{
    "VT": 137.07000732421875,
    "ANET": 141.71499633789062,
    "GOOG": 249.4250030517578,
    "PDD": 132.15499877929688,
    "BRK-B": 495.6700134277344,
    "OXY": 47.17499923706055,
    "GEO": 21.559999465942383
}
