{
    "VT": 135.11500549316406,
    "ANET": 144.52499389648438,
    "GOOG": 234.63999938964844,
    "PDD": 125.05049896240234,
    "BRK-B": 506.45001220703125,
    "OXY": 46.13999938964844,
    "GEO": 20.969999313354492
}
