{
    "VT": 136.22000122070312,
    "ANET": 138.9499969482422,
    "GOOG": 243.64999389648438,
    "PDD": 126.80500030517578,
    "BRK-B": 492.6400146484375,
    "OXY": 41.83570098876953,
    "GEO": 17.30500030517578
}
