{
    "VT": 136.0749969482422,
    "ANET": 142.63999938964844,
    "GOOG": 247.19000244140625,
    "PDD": 130.75999450683594,
    "BRK-B": 496.489990234375,
    "OXY": 46.94499969482422,
    "GEO": 21.200000762939453
}
