{
    "VT": 133.38499450683594,
    "ANET": 136.52000427246094,
    "GOOG": 206.49000549316406,
    "PDD": 119.68000030517578,
    "BRK-B": 477.6028137207031,
    "OXY": 45.04719924926758,
    "GEO": 21.014999389648438
}