{
    "VT": 136.7050018310547,
    "ANET": 144.05999755859375,
    "GOOG": 239.43609619140625,
    "PDD": 124.27999877929688,
    "BRK-B": 494.2650146484375,
    "OXY": 46.130001068115234,
    "GEO": 22.31999969482422
}
