{
    "VT": 146.3800048828125,
    "ANET": 136.0800018310547,
    "GOOG": 303.9649963378906,
    "PDD": 101.95999908447266
}
