{
    "VT": 139.1405029296875,
    "ANET": 146.2677001953125,
    "GOOG": 246.10499572753906,
    "PDD": 133.7899932861328,
    "BRK-B": 502.1499938964844,
    "OXY": 44.820098876953125,
    "GEO": 20.440000534057617
}
