{
    "VT": 138.10499572753906,
    "ANET": 143.8000030517578,
    "GOOG": 253.49000549316406,
    "PDD": 129.17999267578125,
    "BRK-B": 492.8800048828125,
    "OXY": 40.82500076293945,
    "GEO": 16.979999542236328
}
