{
    "VT": 137.93350219726562,
    "ANET": 146.19000244140625,
    "GOOG": 251.76499938964844,
    "PDD": 133.07000732421875,
    "BRK-B": 490.64849853515625,
    "OXY": 47.435001373291016,
    "GEO": 21.979999542236328
}
