{
    "VT": 136.75100708007812,
    "ANET": 123.12000274658203,
    "GOOG": 296.1300964355469,
    "PDD": 118.51000213623047,
    "BRK-B": 501.75,
    "OXY": 41.1150016784668,
    "GEO": 14.864999771118164
}
