{
    "VT": 146.67990112304688,
    "ANET": 129.27000427246094,
    "GOOG": 305.1199951171875,
    "PDD": 102.9800033569336
}
