{
    "VT": 141.11000061035156,
    "ANET": 129.875,
    "GOOG": 318.2001037597656,
    "PDD": 116.0199966430664,
    "BRK-B": 491.8800048828125,
    "OXY": 41.56999969482422,
    "GEO": 16.665000915527344
}
