{
    "VT": 137.30349731445312,
    "ANET": 143.46499633789062,
    "GOOG": 248.27999877929688,
    "PDD": 131.1699981689453,
    "BRK-B": 498.0,
    "OXY": 48.42499923706055,
    "GEO": 21.06999969482422
}
