{
    "VT": 141.22000122070312,
    "ANET": 135.8300018310547,
    "GOOG": 303.5400085449219,
    "PDD": 103.65499877929688
}
