{
    "VT": 147.4949951171875,
    "ANET": 131.0050048828125,
    "GOOG": 305.614990234375,
    "PDD": 104.08000183105469
}
