{
    "VT": 140.75999450683594,
    "ANET": 156.97999572753906,
    "GOOG": 282.70001220703125,
    "PDD": 136.42999267578125,
    "BRK-B": 476.8699951171875,
    "OXY": 40.970001220703125,
    "GEO": 16.870399475097656
}
