{
    "VT": 141.6750030517578,
    "ANET": 156.19500732421875,
    "GOOG": 267.55499267578125,
    "PDD": 136.62319946289062,
    "BRK-B": 483.125,
    "OXY": 41.1349983215332,
    "GEO": 16.735000610351562
}
