{
    "VT": 144.46499633789062,
    "ANET": 130.22500610351562,
    "GOOG": 335.9800109863281,
    "PDD": 111.54000091552734,
    "BRK-B": 494.0199890136719,
    "OXY": 43.334999084472656,
    "GEO": 17.25
}
