{
    "VT": 147.46499633789062,
    "ANET": 131.92999267578125,
    "GOOG": 306.6700134277344,
    "PDD": 103.95500183105469
}
