{
    "VT": 141.22999572753906,
    "ANET": 129.2100067138672,
    "GOOG": 317.88751220703125,
    "PDD": 114.97000122070312,
    "BRK-B": 502.71978759765625,
    "OXY": 42.625,
    "GEO": 17.170000076293945
}
