{
    "VT": 144.99000549316406,
    "ANET": 130.01499938964844,
    "GOOG": 339.7300109863281,
    "PDD": 111.56999969482422,
    "BRK-B": 493.5299987792969,
    "OXY": 43.25,
    "GEO": 17.219999313354492
}
