{
    "VT": 138.9936065673828,
    "ANET": 143.71499633789062,
    "GOOG": 256.19000244140625,
    "PDD": 129.83999633789062,
    "BRK-B": 491.75,
    "OXY": 41.34000015258789,
    "GEO": 17.15999984741211
}
