{
    "VT": 142.4199981689453,
    "ANET": 132.75950622558594,
    "GOOG": 316.3699951171875,
    "PDD": 112.62999725341797,
    "BRK-B": 496.3550109863281,
    "OXY": 41.45500183105469,
    "GEO": 17.030000686645508
}
