{
    "VT": 140.3000030517578,
    "ANET": 155.2899932861328,
    "GOOG": 259.6000061035156,
    "PDD": 133.85000610351562,
    "BRK-B": 490.32000732421875,
    "OXY": 42.775001525878906,
    "GEO": 17.40999984741211
}
