{
    "VT": 145.13009643554688,
    "ANET": 131.39439392089844,
    "GOOG": 332.989990234375,
    "PDD": 107.20800018310547
}
