{
    "VT": 137.7949981689453,
    "ANET": 140.16000366210938,
    "GOOG": 246.8699951171875,
    "PDD": 127.55400085449219,
    "BRK-B": 496.3302917480469,
    "OXY": 42.3849983215332,
    "GEO": 17.545000076293945
}
