{
    "VT": 136.74000549316406,
    "ANET": 152.35000610351562,
    "GOOG": 239.6374053955078,
    "PDD": 126.67500305175781,
    "BRK-B": 496.07000732421875,
    "OXY": 46.16999816894531,
    "GEO": 22.850000381469727
}
