{
    "VT": 141.36000061035156,
    "ANET": 131.1649932861328,
    "GOOG": 310.818603515625,
    "PDD": 112.81999969482422,
    "BRK-B": 499.1000061035156,
    "OXY": 40.07500076293945,
    "GEO": 16.530000686645508
}
