{
    "VT": 146.7949981689453,
    "ANET": 128.44000244140625,
    "GOOG": 313.9549865722656,
    "PDD": 105.96499633789062
}
