{
    "VT": 141.63009643554688,
    "ANET": 127.95500183105469,
    "GOOG": 321.0350036621094,
    "PDD": 117.61499786376953,
    "BRK-B": 505.614990234375,
    "OXY": 42.79499816894531,
    "GEO": 17.090099334716797
}
