{
    "VT": 140.52999877929688,
    "ANET": 157.3800048828125,
    "GOOG": 280.260009765625,
    "PDD": 134.84500122070312,
    "BRK-B": 476.489990234375,
    "OXY": 41.23500061035156,
    "GEO": 17.079999923706055
}
