{
    "VT": 145.39999389648438,
    "ANET": 134.8000030517578,
    "GOOG": 334.375,
    "PDD": 101.37999725341797
}
