{
    "VT": 140.6750030517578,
    "ANET": 128.50999450683594,
    "GOOG": 317.94000244140625,
    "PDD": 118.2300033569336,
    "BRK-B": 511.9599914550781,
    "OXY": 42.505001068115234,
    "GEO": 16.030000686645508
}
