{
    "VT": 144.9600067138672,
    "ANET": 137.26499938964844,
    "GOOG": 340.42401123046875,
    "PDD": 103.5250015258789
}
