{
    "VT": 146.80999755859375,
    "ANET": 147.86000061035156,
    "GOOG": 337.19500732421875,
    "PDD": 106.68000030517578
}
