{
    "VT": 137.88999938964844,
    "ANET": 145.9550018310547,
    "GOOG": 251.11000061035156,
    "PDD": 133.3800048828125,
    "BRK-B": 489.80999755859375,
    "OXY": 47.07500076293945,
    "GEO": 21.915000915527344
}
