{
    "VT": 138.69000244140625,
    "ANET": 156.10000610351562,
    "GOOG": 241.6699981689453,
    "PDD": 131.14500427246094,
    "BRK-B": 496.6600036621094,
    "OXY": 44.900001525878906,
    "GEO": 18.2450008392334
}
