{
    "VT": 139.4199981689453,
    "ANET": 158.13999938964844,
    "GOOG": 245.93499755859375,
    "PDD": 133.9600067138672,
    "BRK-B": 500.9649963378906,
    "OXY": 45.0099983215332,
    "GEO": 18.5
}
