{
    "VT": 138.6300048828125,
    "ANET": 145.94000244140625,
    "GOOG": 255.58999633789062,
    "PDD": 127.33999633789062,
    "BRK-B": 491.0400085449219,
    "OXY": 41.76499938964844,
    "GEO": 17.079999923706055
}
