{
    "VT": 137.5050048828125,
    "ANET": 126.06500244140625,
    "GOOG": 302.5050048828125,
    "PDD": 118.5999984741211,
    "BRK-B": 497.6600036621094,
    "OXY": 41.39500045776367,
    "GEO": 15.0
}
