{
    "VT": 137.4949951171875,
    "ANET": 146.0072021484375,
    "GOOG": 251.63999938964844,
    "PDD": 127.36499786376953,
    "BRK-B": 487.135009765625,
    "OXY": 40.80500030517578,
    "GEO": 16.68000030517578
}
