{
    "VT": 145.21499633789062,
    "ANET": 141.69000244140625,
    "GOOG": 337.8299865722656,
    "PDD": 101.197998046875
}
