{
    "VT": 141.38999938964844,
    "ANET": 136.56500244140625,
    "GOOG": 297.5199890136719,
    "PDD": 102.16000366210938
}
