{
    "VT": 136.24000549316406,
    "ANET": 117.6500015258789,
    "GOOG": 297.42999267578125,
    "PDD": 113.37000274658203,
    "BRK-B": 506.4289855957031,
    "OXY": 41.40999984741211,
    "GEO": 15.210000038146973
}
