{
    "VT": 138.1750030517578,
    "ANET": 145.0449981689453,
    "GOOG": 252.36000061035156,
    "PDD": 129.4949951171875,
    "BRK-B": 496.7041931152344,
    "OXY": 46.97999954223633,
    "GEO": 21.829999923706055
}
