{
    "VT": 145.0050048828125,
    "ANET": 122.93000030517578,
    "GOOG": 330.30499267578125,
    "PDD": 118.58000183105469,
    "BRK-B": 497.9670104980469,
    "OXY": 42.7400016784668,
    "GEO": 17.469999313354492
}
