{
    "VT": 137.4300994873047,
    "ANET": 142.03500366210938,
    "GOOG": 252.27000427246094,
    "PDD": 128.85499572753906,
    "BRK-B": 491.5899963378906,
    "OXY": 40.755001068115234,
    "GEO": 16.959999084472656
}
