{
    "VT": 146.86500549316406,
    "ANET": 139.82000732421875,
    "GOOG": 303.2101135253906,
    "PDD": 103.29000091552734
}
