{
    "VT": 147.44500732421875,
    "ANET": 140.57919311523438,
    "GOOG": 303.8106994628906,
    "PDD": 103.91000366210938
}
