{
    "VT": 140.7949981689453,
    "ANET": 130.88999938964844,
    "GOOG": 318.8699951171875,
    "PDD": 116.33000183105469,
    "BRK-B": 514.75,
    "OXY": 42.31629943847656,
    "GEO": 15.859999656677246
}
