{
    "VT": 145.5,
    "ANET": 143.19000244140625,
    "GOOG": 337.9049987792969,
    "PDD": 101.4000015258789
}
