{
    "VT": 135.3699951171875,
    "ANET": 150.9499969482422,
    "GOOG": 239.6300048828125,
    "PDD": 123.85600280761719,
    "BRK-B": 489.79998779296875,
    "OXY": 46.165000915527344,
    "GEO": 21.295000076293945
}
