{
    "VT": 137.44500732421875,
    "ANET": 126.86000061035156,
    "GOOG": 285.57501220703125,
    "PDD": 129.17999267578125,
    "BRK-B": 504.6199951171875,
    "OXY": 41.744998931884766,
    "GEO": 14.510000228881836
}
