{
    "VT": 136.72999572753906,
    "ANET": 141.5,
    "GOOG": 246.0749969482422,
    "PDD": 127.0199966430664,
    "BRK-B": 492.67999267578125,
    "OXY": 42.08000183105469,
    "GEO": 17.299999237060547
}
