{
    "VT": 145.16000366210938,
    "ANET": 132.6199951171875,
    "GOOG": 334.1600036621094,
    "PDD": 101.58000183105469
}
