{
    "VT": 137.44000244140625,
    "ANET": 143.10000610351562,
    "GOOG": 251.51800537109375,
    "PDD": 128.30999755859375,
    "BRK-B": 490.9700012207031,
    "OXY": 40.59000015258789,
    "GEO": 16.920000076293945
}
