{
    "VT": 148.65969848632812,
    "ANET": 132.14999389648438,
    "GOOG": 312.55621337890625,
    "PDD": 107.75
}
