{
    "VT": 138.22000122070312,
    "ANET": 141.63999938964844,
    "GOOG": 244.66000366210938,
    "PDD": 135.07000732421875,
    "BRK-B": 498.1199951171875,
    "OXY": 44.71500015258789,
    "GEO": 20.899999618530273
}
