{
    "VT": 141.4550018310547,
    "ANET": 126.05000305175781,
    "GOOG": 311.3500061035156,
    "PDD": 111.76000213623047,
    "BRK-B": 496.6499938964844,
    "OXY": 41.005001068115234,
    "GEO": 17.170000076293945
}
