{
    "VT": 138.99000549316406,
    "ANET": 161.65499877929688,
    "GOOG": 244.27999877929688,
    "PDD": 130.92999267578125,
    "BRK-B": 497.1499938964844,
    "OXY": 43.755001068115234,
    "GEO": 18.209999084472656
}
