{
    "VT": 139.9949951171875,
    "ANET": 143.32000732421875,
    "GOOG": 284.25,
    "PDD": 135.97999572753906,
    "BRK-B": 490.9750061035156,
    "OXY": 40.2599983215332,
    "GEO": 16.729999542236328
}
