{
    "VT": 137.9149932861328,
    "ANET": 145.97000122070312,
    "GOOG": 251.777099609375,
    "PDD": 133.47000122070312,
    "BRK-B": 490.2300109863281,
    "OXY": 47.064998626708984,
    "GEO": 21.9950008392334
}
