{
    "VT": 143.59500122070312,
    "ANET": 126.30999755859375,
    "GOOG": 319.80999755859375,
    "PDD": 102.72000122070312
}
