{
    "VT": 141.22500610351562,
    "ANET": 134.11500549316406,
    "GOOG": 318.6099853515625,
    "PDD": 114.16000366210938,
    "BRK-B": 494.1659851074219,
    "OXY": 41.375,
    "GEO": 16.700000762939453
}
