{
    "VT": 141.4949951171875,
    "ANET": 135.66000366210938,
    "GOOG": 304.3800048828125,
    "PDD": 103.6989974975586
}
