{
    "VT": 137.34620666503906,
    "ANET": 143.64500427246094,
    "GOOG": 249.10000610351562,
    "PDD": 127.02999877929688,
    "BRK-B": 491.010009765625,
    "OXY": 45.60499954223633,
    "GEO": 22.239999771118164
}
