{
    "VT": 146.63499450683594,
    "ANET": 143.5491943359375,
    "GOOG": 303.6099853515625,
    "PDD": 102.1500015258789
}
