{
    "VT": 133.9080047607422,
    "ANET": 140.85499572753906,
    "GOOG": 230.52000427246094,
    "PDD": 124.61499786376953,
    "BRK-B": 506.32000732421875,
    "OXY": 46.650001525878906,
    "GEO": 21.045000076293945
}
