{
    "VT": 143.14999389648438,
    "ANET": 126.27999877929688,
    "GOOG": 327.5799865722656,
    "PDD": 105.94999694824219
}
