{
    "VT": 133.24349975585938,
    "ANET": 136.82000732421875,
    "GOOG": 204.97999572753906,
    "PDD": 114.80000305175781,
    "BRK-B": 476.6499938964844,
    "OXY": 44.15999984741211,
    "GEO": 20.540000915527344
}