{
    "VT": 144.7050018310547,
    "ANET": 129.17999267578125,
    "GOOG": 337.75,
    "PDD": 111.48999786376953,
    "BRK-B": 496.2099914550781,
    "OXY": 43.880699157714844,
    "GEO": 17.3799991607666
}
