{
    "VT": 143.4600067138672,
    "ANET": 124.34500122070312,
    "GOOG": 328.364990234375,
    "PDD": 121.58999633789062,
    "BRK-B": 501.92498779296875,
    "OXY": 41.689998626708984,
    "GEO": 16.43000030517578
}
