{
    "VT": 140.30999755859375,
    "ANET": 127.3499984741211,
    "GOOG": 314.7950134277344,
    "PDD": 118.05999755859375,
    "BRK-B": 506.2449951171875,
    "OXY": 41.814998626708984,
    "GEO": 16.610000610351562
}
