{
    "VT": 139.99000549316406,
    "ANET": 133.05499267578125,
    "GOOG": 279.989990234375,
    "PDD": 134.66000366210938,
    "BRK-B": 507.92999267578125,
    "OXY": 42.15999984741211,
    "GEO": 14.819999694824219
}
