{
    "VT": 138.66000366210938,
    "ANET": 130.50999450683594,
    "GOOG": 302.260009765625,
    "PDD": 118.55000305175781,
    "BRK-B": 504.05999755859375,
    "OXY": 41.93000030517578,
    "GEO": 15.130000114440918
}
