{
    "VT": 140.4600067138672,
    "ANET": 154.2899932861328,
    "GOOG": 261.989990234375,
    "PDD": 133.9199981689453,
    "BRK-B": 492.6199951171875,
    "OXY": 42.69499969482422,
    "GEO": 17.165000915527344
}
