{
    "VT": 138.68829345703125,
    "ANET": 143.88999938964844,
    "GOOG": 244.85499572753906,
    "PDD": 135.9600067138672,
    "BRK-B": 496.15838623046875,
    "OXY": 43.89649963378906,
    "GEO": 20.5049991607666
}
