{
    "VT": 143.97000122070312,
    "ANET": 128.77999877929688,
    "GOOG": 322.53228759765625,
    "PDD": 102.19000244140625
}
