{
    "VT": 136.85499572753906,
    "ANET": 142.2899932861328,
    "GOOG": 242.00999450683594,
    "PDD": 125.91500091552734,
    "BRK-B": 494.4100036621094,
    "OXY": 45.76499938964844,
    "GEO": 21.969999313354492
}
