{
    "VT": 142.05580139160156,
    "ANET": 159.57000732421875,
    "GOOG": 269.739990234375,
    "PDD": 138.60000610351562,
    "BRK-B": 475.8299865722656,
    "OXY": 40.95500183105469,
    "GEO": 16.84000015258789
}
