{
    "VT": 145.47000122070312,
    "ANET": 133.60000610351562,
    "GOOG": 303.1600036621094,
    "PDD": 101.44999694824219
}
