{
    "VT": 137.10989379882812,
    "ANET": 147.53500366210938,
    "GOOG": 252.99000549316406,
    "PDD": 129.9600067138672,
    "BRK-B": 490.1698913574219,
    "OXY": 46.48500061035156,
    "GEO": 22.049999237060547
}
