{
    "VT": 136.14500427246094,
    "ANET": 129.84500122070312,
    "GOOG": 297.8399963378906,
    "PDD": 96.5999984741211
}
