{
    "VT": 144.5050048828125,
    "ANET": 122.9800033569336,
    "GOOG": 329.2601013183594,
    "PDD": 120.18000030517578,
    "BRK-B": 497.2300109863281,
    "OXY": 42.78010177612305,
    "GEO": 17.610000610351562
}
