{
    "VT": 140.74000549316406,
    "ANET": 130.4550018310547,
    "GOOG": 319.3399963378906,
    "PDD": 116.08999633789062,
    "BRK-B": 515.469970703125,
    "OXY": 42.146400451660156,
    "GEO": 15.75
}
