{
    "VT": 144.61500549316406,
    "ANET": 136.58999633789062,
    "GOOG": 332.8599853515625,
    "PDD": 106.69000244140625
}
