{
    "VT": 138.8350067138672,
    "ANET": 125.375,
    "GOOG": 322.7090148925781,
    "PDD": 114.18319702148438,
    "BRK-B": 507.6424865722656,
    "OXY": 41.38999938964844,
    "GEO": 15.739999771118164
}
