{
    "VT": 133.61000061035156,
    "ANET": 140.85000610351562,
    "GOOG": 227.85000610351562,
    "PDD": 125.11000061035156,
    "BRK-B": 504.68499755859375,
    "OXY": 46.25,
    "GEO": 21.264999389648438
}
