{
    "VT": 143.25,
    "ANET": 140.16000366210938,
    "GOOG": 309.80010986328125,
    "PDD": 103.5199966430664
}
