{
    "VT": 138.76499938964844,
    "ANET": 134.88999938964844,
    "GOOG": 304.32000732421875,
    "PDD": 97.6438980102539
}
