{
    "VT": 141.17999267578125,
    "ANET": 161.2100067138672,
    "GOOG": 274.1499938964844,
    "PDD": 137.89999389648438,
    "BRK-B": 474.3598937988281,
    "OXY": 40.55419921875,
    "GEO": 16.68000030517578
}
