{
    "VT": 138.17999267578125,
    "ANET": 145.3249969482422,
    "GOOG": 252.24000549316406,
    "PDD": 129.1750030517578,
    "BRK-B": 490.0799865722656,
    "OXY": 41.095001220703125,
    "GEO": 17.1299991607666
}
