{
    "VT": 132.49000549316406,
    "ANET": 131.36500549316406,
    "GOOG": 201.1300048828125,
    "PDD": 121.72000122070312,
    "BRK-B": 488.1099853515625,
    "OXY": 44.2599983215332,
    "GEO": 21.360000610351562
}