{
    "VT": 146.41000366210938,
    "ANET": 136.8699951171875,
    "GOOG": 322.79998779296875,
    "PDD": 105.33000183105469
}
