{
    "VT": 136.6750030517578,
    "ANET": 142.22999572753906,
    "GOOG": 247.3300018310547,
    "PDD": 129.75,
    "BRK-B": 500.92498779296875,
    "OXY": 47.669898986816406,
    "GEO": 20.844999313354492
}
