{
    "VT": 135.9600067138672,
    "ANET": 123.87000274658203,
    "GOOG": 295.42498779296875,
    "PDD": 114.55000305175781,
    "BRK-B": 503.1950988769531,
    "OXY": 41.58000183105469,
    "GEO": 15.010000228881836
}
