{
    "VT": 133.7899932861328,
    "ANET": 134.17999267578125,
    "GOOG": 208.75,
    "PDD": 121.30049896240234,
    "BRK-B": 494.0899963378906,
    "OXY": 46.65999984741211,
    "GEO": 20.924999237060547
}