{
    "VT": 146.49000549316406,
    "ANET": 137.5,
    "GOOG": 304.8299865722656,
    "PDD": 101.27999877929688
}
