{
    "VT": 143.3800048828125,
    "ANET": 128.14999389648438,
    "GOOG": 328.3399963378906,
    "PDD": 106.0999984741211
}
