{
    "VT": 147.2550048828125,
    "ANET": 140.1649932861328,
    "GOOG": 304.3349914550781,
    "PDD": 103.66999816894531
}
