{
    "VT": 138.0800018310547,
    "ANET": 123.90499877929688,
    "GOOG": 325.0116882324219,
    "PDD": 114.5,
    "BRK-B": 507.5799865722656,
    "OXY": 41.23500061035156,
    "GEO": 15.539999961853027
}
