{
    "VT": 145.125,
    "ANET": 140.19000244140625,
    "GOOG": 331.18499755859375,
    "PDD": 107.37999725341797
}
