{
    "VT": 147.4199981689453,
    "ANET": 128.5,
    "GOOG": 304.82989501953125,
    "PDD": 104.7699966430664
}
