{
    "VT": 141.49000549316406,
    "ANET": 156.50999450683594,
    "GOOG": 269.21600341796875,
    "PDD": 137.72000122070312,
    "BRK-B": 485.8800964355469,
    "OXY": 42.255001068115234,
    "GEO": 17.020000457763672
}
