{
    "VT": 136.5800018310547,
    "ANET": 117.22000122070312,
    "GOOG": 301.489990234375,
    "PDD": 113.45999908447266,
    "BRK-B": 505.1499938964844,
    "OXY": 41.32500076293945,
    "GEO": 15.204999923706055
}
