{
    "VT": 140.3520965576172,
    "ANET": 154.57000732421875,
    "GOOG": 261.3999938964844,
    "PDD": 134.0749969482422,
    "BRK-B": 490.7900085449219,
    "OXY": 42.62739944458008,
    "GEO": 17.260000228881836
}
