{
    "VT": 137.32000732421875,
    "ANET": 142.01499938964844,
    "GOOG": 248.3206024169922,
    "PDD": 133.7100067138672,
    "BRK-B": 494.125,
    "OXY": 47.32500076293945,
    "GEO": 22.014999389648438
}
