{
    "VT": 146.75,
    "ANET": 128.94500732421875,
    "GOOG": 305.94000244140625,
    "PDD": 103.08999633789062
}
