{
    "VT": 143.52000427246094,
    "ANET": 134.44500732421875,
    "GOOG": 313.8819885253906,
    "PDD": 124.96279907226562,
    "BRK-B": 498.7049865722656,
    "OXY": 42.02000045776367,
    "GEO": 15.770000457763672
}
