{
    "VT": 134.55499267578125,
    "ANET": 132.9597930908203,
    "GOOG": 207.77000427246094,
    "PDD": 127.12000274658203,
    "BRK-B": 488.6600036621094,
    "OXY": 45.720001220703125,
    "GEO": 21.3700008392334
}