{
    "VT": 140.5500030517578,
    "ANET": 156.5,
    "GOOG": 282.5249938964844,
    "PDD": 135.97000122070312,
    "BRK-B": 477.74951171875,
    "OXY": 40.875,
    "GEO": 16.849000930786133
}
