{
    "VT": 139.92999267578125,
    "ANET": 127.16000366210938,
    "GOOG": 319.010009765625,
    "PDD": 117.19000244140625,
    "BRK-B": 510.4200134277344,
    "OXY": 41.810001373291016,
    "GEO": 15.770000457763672
}
