{
    "VT": 140.89999389648438,
    "ANET": 159.75,
    "GOOG": 272.0199890136719,
    "PDD": 137.6199951171875,
    "BRK-B": 474.2099914550781,
    "OXY": 40.529998779296875,
    "GEO": 16.774999618530273
}
