{
    "VT": 143.86500549316406,
    "ANET": 130.98599243164062,
    "GOOG": 323.5071105957031,
    "PDD": 121.04499816894531,
    "BRK-B": 494.79998779296875,
    "OXY": 41.24509811401367,
    "GEO": 16.010000228881836
}
