{
    "VT": 136.53729248046875,
    "ANET": 155.6999969482422,
    "GOOG": 238.97000122070312,
    "PDD": 125.56500244140625,
    "BRK-B": 490.5199890136719,
    "OXY": 42.72999954223633,
    "GEO": 17.84000015258789
}
