{
    "VT": 132.1999969482422,
    "ANET": 131.41299438476562,
    "GOOG": 200.7198028564453,
    "PDD": 122.55000305175781,
    "BRK-B": 487.6900939941406,
    "OXY": 44.46870040893555,
    "GEO": 21.125
}