{
    "VT": 140.8350067138672,
    "ANET": 135.36000061035156,
    "GOOG": 305.55999755859375,
    "PDD": 102.76000213623047
}
