{
    "VT": 140.13540649414062,
    "ANET": 142.91000366210938,
    "GOOG": 283.6499938964844,
    "PDD": 136.18499755859375,
    "BRK-B": 491.1549987792969,
    "OXY": 40.185001373291016,
    "GEO": 16.760000228881836
}
