{
    "VT": 143.19000244140625,
    "ANET": 139.91000366210938,
    "GOOG": 309.3800048828125,
    "PDD": 103.62999725341797
}
