{
    "VT": 136.8300018310547,
    "ANET": 153.9425048828125,
    "GOOG": 239.8800048828125,
    "PDD": 127.81999969482422,
    "BRK-B": 495.6050109863281,
    "OXY": 46.060001373291016,
    "GEO": 22.790000915527344
}
