{
    "VT": 141.5850067138672,
    "ANET": 157.8300018310547,
    "GOOG": 269.4800109863281,
    "PDD": 137.25,
    "BRK-B": 482.0450134277344,
    "OXY": 41.62879943847656,
    "GEO": 16.75
}
