{
    "VT": 142.07000732421875,
    "ANET": 134.5800018310547,
    "GOOG": 306.28,
    "PDD": 105.2249984741211
}
