{
    "VT": 145.13499450683594,
    "ANET": 138.00999450683594,
    "GOOG": 329.0299987792969,
    "PDD": 107.19999694824219
}
