{
    "VT": 134.39999389648438,
    "ANET": 132.9550018310547,
    "GOOG": 206.72000122070312,
    "PDD": 127.83999633789062,
    "BRK-B": 487.81500244140625,
    "OXY": 45.95500183105469,
    "GEO": 21.40999984741211
}