{
    "VT": 140.46499633789062,
    "ANET": 153.63999938964844,
    "GOOG": 261.8900146484375,
    "PDD": 134.05999755859375,
    "BRK-B": 492.6499938964844,
    "OXY": 42.6150016784668,
    "GEO": 17.149999618530273
}
