{
    "VT": 145.5050048828125,
    "ANET": 132.88999938964844,
    "GOOG": 333.3299865722656,
    "PDD": 108.38999938964844
}
