{
    "VT": 138.13499450683594,
    "ANET": 147.15499877929688,
    "GOOG": 242.07000732421875,
    "PDD": 133.64999389648438,
    "BRK-B": 497.41839599609375,
    "OXY": 47.67499923706055,
    "GEO": 22.09000015258789
}
