{
    "VT": 142.47999572753906,
    "ANET": 134.3699951171875,
    "GOOG": 313.3399963378906,
    "PDD": 111.94000244140625,
    "BRK-B": 495.9599914550781,
    "OXY": 41.1150016784668,
    "GEO": 17.024999618530273
}
