{
    "VT": 137.48500061035156,
    "ANET": 120.75499725341797,
    "GOOG": 315.55999755859375,
    "PDD": 113.2300033569336,
    "BRK-B": 500.0199890136719,
    "OXY": 41.39500045776367,
    "GEO": 15.140000343322754
}
