{
    "VT": 141.5749969482422,
    "ANET": 132.85000610351562,
    "GOOG": 314.8599853515625,
    "PDD": 116.16999816894531,
    "BRK-B": 494.1700134277344,
    "OXY": 42.400001525878906,
    "GEO": 15.949999809265137
}
