{
    "VT": 143.13999938964844,
    "ANET": 125.54000091552734,
    "GOOG": 326.32000732421875,
    "PDD": 105.81999969482422
}
