{
    "VT": 137.94500732421875,
    "ANET": 146.54010009765625,
    "GOOG": 251.67999267578125,
    "PDD": 128.49630737304688,
    "BRK-B": 492.3699951171875,
    "OXY": 45.773799896240234,
    "GEO": 21.260000228881836
}
