{
    "VT": 144.52000427246094,
    "ANET": 126.54000091552734,
    "GOOG": 333.3699951171875,
    "PDD": 108.7750015258789,
    "BRK-B": 497.1700134277344,
    "OXY": 44.309898376464844,
    "GEO": 16.940000534057617
}
