{
    "VT": 132.47999572753906,
    "ANET": 129.4949951171875,
    "GOOG": 200.3800048828125,
    "PDD": 118.94999694824219,
    "BRK-B": 489.82000732421875,
    "OXY": 44.10490036010742,
    "GEO": 21.700000762939453
}