{
    "VT": 146.27999877929688,
    "ANET": 138.6649932861328,
    "GOOG": 302.5350036621094,
    "PDD": 102.66000366210938
}
