{
    "VT": 136.25,
    "ANET": 141.51499938964844,
    "GOOG": 247.3800048828125,
    "PDD": 130.5500030517578,
    "BRK-B": 497.8800048828125,
    "OXY": 48.04999923706055,
    "GEO": 20.96500015258789
}
