{
    "VT": 146.25999450683594,
    "ANET": 140.7100067138672,
    "GOOG": 343.7699890136719,
    "PDD": 103.3499984741211
}
