{
    "VT": 139.8000946044922,
    "ANET": 133.0399932861328,
    "GOOG": 300.80499267578125,
    "PDD": 102.51000213623047
}
