{
    "VT": 136.7899932861328,
    "ANET": 153.19000244140625,
    "GOOG": 240.38999938964844,
    "PDD": 126.95999908447266,
    "BRK-B": 495.65301513671875,
    "OXY": 46.084999084472656,
    "GEO": 22.889999389648438
}
