{
    "VT": 144.6999969482422,
    "ANET": 136.4149932861328,
    "GOOG": 339.8800048828125,
    "PDD": 103.0250015258789
}
