{
    "VT": 142.9499969482422,
    "ANET": 138.58999633789062,
    "GOOG": 307.8900146484375,
    "PDD": 103.20999908447266
}
