{
    "VT": 132.3249969482422,
    "ANET": 134.47000122070312,
    "GOOG": 208.42840576171875,
    "PDD": 121.91000366210938,
    "BRK-B": 500.7406921386719,
    "OXY": 47.58000183105469,
    "GEO": 20.575000762939453
}
