{
    "VT": 143.60499572753906,
    "ANET": 123.69999694824219,
    "GOOG": 327.57000732421875,
    "PDD": 121.18499755859375,
    "BRK-B": 502.8699951171875,
    "OXY": 42.005001068115234,
    "GEO": 16.584999084472656
}
