{
    "VT": 133.7100067138672,
    "ANET": 139.82000732421875,
    "GOOG": 228.52000427246094,
    "PDD": 124.58000183105469,
    "BRK-B": 505.82598876953125,
    "OXY": 46.564998626708984,
    "GEO": 21.059999465942383
}
