{
    "VT": 144.67999267578125,
    "ANET": 130.02999877929688,
    "GOOG": 333.1300048828125,
    "PDD": 101.73200225830078
}
