{
    "VT": 137.39999389648438,
    "ANET": 146.08999633789062,
    "GOOG": 249.38999938964844,
    "PDD": 132.36000061035156,
    "BRK-B": 496.5212097167969,
    "OXY": 48.79999923706055,
    "GEO": 21.06999969482422
}
