{
    "VT": 145.2100067138672,
    "ANET": 138.4499969482422,
    "GOOG": 331.6549987792969,
    "PDD": 106.33999633789062
}
