{
    "VT": 139.97500610351562,
    "ANET": 123.01000213623047,
    "GOOG": 300.6852111816406,
    "PDD": 105.11000061035156,
    "BRK-B": 503.0899963378906,
    "OXY": 39.9900016784668,
    "GEO": 16.780000686645508
}
