{
    "VT": 147.73500061035156,
    "ANET": 137.5644989013672,
    "GOOG": 315.989990234375,
    "PDD": 104.85070037841797
}
