{
    "VT": 138.89999389648438,
    "ANET": 129.2100067138672,
    "GOOG": 290.54998779296875,
    "PDD": 130.16000366210938,
    "BRK-B": 510.7749938964844,
    "OXY": 42.38999938964844,
    "GEO": 15.039999961853027
}
