{
    "VT": 141.30999755859375,
    "ANET": 129.0800018310547,
    "GOOG": 317.7915954589844,
    "PDD": 115.44000244140625,
    "BRK-B": 503.0799865722656,
    "OXY": 42.685001373291016,
    "GEO": 17.19499969482422
}
