{
    "VT": 138.93499755859375,
    "ANET": 147.61000061035156,
    "GOOG": 248.25,
    "PDD": 133.64999389648438,
    "BRK-B": 503.3299865722656,
    "OXY": 45.224998474121094,
    "GEO": 18.989999771118164
}
