{
    "VT": 141.69500732421875,
    "ANET": 132.25999450683594,
    "GOOG": 315.7900085449219,
    "PDD": 111.58999633789062,
    "BRK-B": 494.6767883300781,
    "OXY": 41.51499938964844,
    "GEO": 16.809999465942383
}
