{
    "VT": 145.97000122070312,
    "ANET": 141.55999755859375,
    "GOOG": 344.6600036621094,
    "PDD": 102.16999816894531
}
