{
    "VT": 145.1300048828125,
    "ANET": 130.25,
    "GOOG": 332.9599914550781,
    "PDD": 107.16999816894531
}
