{
    "VT": 145.02000427246094,
    "ANET": 138.11000061035156,
    "GOOG": 339.5,
    "PDD": 103.5999984741211
}
