{
    "VT": 140.6199951171875,
    "ANET": 130.5850067138672,
    "GOOG": 317.7099914550781,
    "PDD": 116.4000015258789,
    "BRK-B": 514.6019897460938,
    "OXY": 42.119998931884766,
    "GEO": 15.829999923706055
}
