{
    "VT": 135.8000030517578,
    "ANET": 140.05999755859375,
    "GOOG": 242.86000061035156,
    "PDD": 129.8800048828125,
    "BRK-B": 497.2200012207031,
    "OXY": 46.849998474121094,
    "GEO": 21.219999313354492
}
