{
    "VT": 134.46820068359375,
    "ANET": 136.02999877929688,
    "GOOG": 212.77000427246094,
    "PDD": 122.2300033569336,
    "BRK-B": 499.42999267578125,
    "OXY": 47.415000915527344,
    "GEO": 20.600000381469727
}