{
    "VT": 144.80499267578125,
    "ANET": 122.50499725341797,
    "GOOG": 326.6199951171875,
    "PDD": 118.94999694824219,
    "BRK-B": 498.2008972167969,
    "OXY": 42.5,
    "GEO": 17.575000762939453
}
