{
    "VT": 146.10000610351562,
    "ANET": 136.27499389648438,
    "GOOG": 304.635009765625,
    "PDD": 101.51000213623047
}
