{
    "VT": 141.9250030517578,
    "ANET": 131.4199981689453,
    "GOOG": 315.5679931640625,
    "PDD": 112.23999786376953,
    "BRK-B": 499.25,
    "OXY": 40.06999969482422,
    "GEO": 16.378700256347656
}
