{
    "VT": 143.85000610351562,
    "ANET": 128.7100067138672,
    "GOOG": 325.20001220703125,
    "PDD": 102.1050033569336
}
