{
    "VT": 141.13499450683594,
    "ANET": 136.0399932861328,
    "GOOG": 291.2099914550781,
    "PDD": 137.22999572753906,
    "BRK-B": 497.29998779296875,
    "OXY": 41.974998474121094,
    "GEO": 14.770999908447266
}
