{
    "VT": 137.39999389648438,
    "ANET": 149.6649932861328,
    "GOOG": 243.72000122070312,
    "PDD": 128.4499969482422,
    "BRK-B": 492.82000732421875,
    "OXY": 42.355098724365234,
    "GEO": 17.40999984741211
}
