{
    "VT": 147.7449951171875,
    "ANET": 141.8000030517578,
    "GOOG": 323.55499267578125,
    "PDD": 105.43499755859375
}
