{
    "VT": 140.74000549316406,
    "ANET": 134.89999389648438,
    "GOOG": 289.8089904785156,
    "PDD": 138.11000061035156,
    "BRK-B": 495.31500244140625,
    "OXY": 43.10350036621094,
    "GEO": 15.170000076293945
}
