{
    "VT": 148.2899932861328,
    "ANET": 132.64999389648438,
    "GOOG": 310.30999755859375,
    "PDD": 106.62999725341797
}
