{
    "VT": 132.23500061035156,
    "ANET": 136.02999877929688,
    "GOOG": 209.05999755859375,
    "PDD": 121.81500244140625,
    "BRK-B": 499.9649963378906,
    "OXY": 47.96500015258789,
    "GEO": 20.459999084472656
}
