{
    "VT": 133.57000732421875,
    "ANET": 133.875,
    "GOOG": 208.11000061035156,
    "PDD": 130.2449951171875,
    "BRK-B": 485.5,
    "OXY": 46.15999984741211,
    "GEO": 20.860000610351562
}