{
    "VT": 133.11000061035156,
    "ANET": 137.57000732421875,
    "GOOG": 230.88580322265625,
    "PDD": 124.31999969482422,
    "BRK-B": 499.60791015625,
    "OXY": 46.564998626708984,
    "GEO": 20.969999313354492
}
