{
    "VT": 141.94000244140625,
    "ANET": 133.10989379882812,
    "GOOG": 314.04998779296875,
    "PDD": 113.78500366210938,
    "BRK-B": 499.7149963378906,
    "OXY": 40.26499938964844,
    "GEO": 16.360000610351562
}
