{
    "VT": 141.30499267578125,
    "ANET": 135.69000244140625,
    "GOOG": 290.7200012207031,
    "PDD": 137.5500030517578,
    "BRK-B": 497.260009765625,
    "OXY": 42.06999969482422,
    "GEO": 14.880000114440918
}
