{
    "VT": 136.17999267578125,
    "ANET": 123.78500366210938,
    "GOOG": 281.2699890136719,
    "PDD": 121.58000183105469,
    "BRK-B": 501.4599914550781,
    "OXY": 41.4900016784668,
    "GEO": 14.65999984741211
}
