{
    "VT": 145.9199981689453,
    "ANET": 145.27000427246094,
    "GOOG": 328.7699890136719,
    "PDD": 105.52999877929688
}
