{
    "VT": 139.8249969482422,
    "ANET": 133.0800018310547,
    "GOOG": 301.3900146484375,
    "PDD": 102.4000015258789
}
