{
    "VT": 146.5399932861328,
    "ANET": 126.87000274658203,
    "GOOG": 313.0799865722656,
    "PDD": 105.79100036621094
}
