{
    "VT": 142.48500061035156,
    "ANET": 133.7010040283203,
    "GOOG": 313.04998779296875,
    "PDD": 111.87999725341797,
    "BRK-B": 494.8800048828125,
    "OXY": 41.04499816894531,
    "GEO": 17.114999771118164
}
