{
    "VT": 147.90499877929688,
    "ANET": 144.14999389648438,
    "GOOG": 319.489990234375,
    "PDD": 105.79499816894531
}
