{
    "VT": 136.8000030517578,
    "ANET": 142.22999572753906,
    "GOOG": 248.6300048828125,
    "PDD": 132.21499633789062,
    "BRK-B": 494.6600036621094,
    "OXY": 47.1953010559082,
    "GEO": 21.475000381469727
}
