{
    "VT": 139.58999633789062,
    "ANET": 154.7100067138672,
    "GOOG": 278.9800109863281,
    "PDD": 133.82000732421875,
    "BRK-B": 483.1499938964844,
    "OXY": 40.220001220703125,
    "GEO": 16.405000686645508
}
