{
    "VT": 145.97000122070312,
    "ANET": 143.92999267578125,
    "GOOG": 334.0903015136719,
    "PDD": 107.1500015258789
}
