{
    "VT": 140.4842071533203,
    "ANET": 153.57899475097656,
    "GOOG": 262.03790283203125,
    "PDD": 133.99000549316406,
    "BRK-B": 491.739990234375,
    "OXY": 42.59000015258789,
    "GEO": 17.219999313354492
}
