{
    "VT": 146.76499938964844,
    "ANET": 147.4550018310547,
    "GOOG": 337.4200134277344,
    "PDD": 106.79499816894531
}
