{
    "VT": 134.1199951171875,
    "ANET": 142.52999877929688,
    "GOOG": 234.47000122070312,
    "PDD": 124.70999908447266,
    "BRK-B": 498.9049987792969,
    "OXY": 45.529998779296875,
    "GEO": 20.799999237060547
}
