{
    "VT": 140.5500030517578,
    "ANET": 129.84750366210938,
    "GOOG": 307.05499267578125,
    "PDD": 110.99500274658203,
    "BRK-B": 501.7099914550781,
    "OXY": 39.875,
    "GEO": 16.309999465942383
}
