{
    "VT": 145.28500366210938,
    "ANET": 138.06849670410156,
    "GOOG": 331.2900085449219,
    "PDD": 106.30999755859375
}
