{
    "VT": 136.44000244140625,
    "ANET": 125.0,
    "GOOG": 284.739990234375,
    "PDD": 121.34120178222656,
    "BRK-B": 503.4700012207031,
    "OXY": 41.95000076293945,
    "GEO": 14.670000076293945
}
