{
    "VT": 145.17999267578125,
    "ANET": 129.97500610351562,
    "GOOG": 329.80999755859375,
    "PDD": 106.95999908447266
}
