{
    "VT": 144.86000061035156,
    "ANET": 130.6999969482422,
    "GOOG": 330.17999267578125,
    "PDD": 105.68000030517578
}
