{
    "VT": 137.27999877929688,
    "ANET": 152.72000122070312,
    "GOOG": 243.0399932861328,
    "PDD": 127.80999755859375,
    "BRK-B": 491.8500061035156,
    "OXY": 42.35499954223633,
    "GEO": 17.350000381469727
}
