{
    "VT": 144.7899932861328,
    "ANET": 138.16000366210938,
    "GOOG": 329.2099914550781,
    "PDD": 106.08000183105469
}
