{
    "VT": 133.1898956298828,
    "ANET": 134.2050018310547,
    "GOOG": 201.52999877929688,
    "PDD": 117.94080352783203,
    "BRK-B": 483.7799987792969,
    "OXY": 44.30500030517578,
    "GEO": 21.68000030517578
}