{
    "VT": 143.60499572753906,
    "ANET": 129.2550048828125,
    "GOOG": 326.8299865722656,
    "PDD": 104.5999984741211
}
