{
    "VT": 139.5399932861328,
    "ANET": 143.24000549316406,
    "GOOG": 283.5425109863281,
    "PDD": 135.5399932861328,
    "BRK-B": 493.1499938964844,
    "OXY": 40.279998779296875,
    "GEO": 16.56999969482422
}
