{
    "VT": 133.389892578125,
    "ANET": 135.27999877929688,
    "GOOG": 205.625,
    "PDD": 119.69000244140625,
    "BRK-B": 476.7301025390625,
    "OXY": 43.940101623535156,
    "GEO": 20.93000030517578
}