{
    "VT": 132.25999450683594,
    "ANET": 129.19500732421875,
    "GOOG": 199.939697265625,
    "PDD": 118.58999633789062,
    "BRK-B": 489.1300048828125,
    "OXY": 44.04999923706055,
    "GEO": 21.549999237060547
}