{
    "VT": 140.0749969482422,
    "ANET": 156.06320190429688,
    "GOOG": 280.3999938964844,
    "PDD": 134.84500122070312,
    "BRK-B": 475.7850036621094,
    "OXY": 41.220001220703125,
    "GEO": 16.799999237060547
}
