{
    "VT": 137.3699951171875,
    "ANET": 135.39999389648438,
    "GOOG": 277.6199951171875,
    "PDD": 134.32000732421875,
    "BRK-B": 498.510009765625,
    "OXY": 40.779998779296875,
    "GEO": 14.899999618530273
}
