{
    "VT": 134.985107421875,
    "ANET": 141.30999755859375,
    "GOOG": 236.44000244140625,
    "PDD": 126.58000183105469,
    "BRK-B": 494.68499755859375,
    "OXY": 45.77000045776367,
    "GEO": 20.959999084472656
}
