{
    "VT": 142.0500030517578,
    "ANET": 133.39999389648438,
    "GOOG": 314.82000732421875,
    "PDD": 116.1500015258789,
    "BRK-B": 495.04998779296875,
    "OXY": 42.70000076293945,
    "GEO": 15.930000305175781
}
