{
    "VT": 141.58999633789062,
    "ANET": 134.7725067138672,
    "GOOG": 287.0130920410156,
    "PDD": 135.92999267578125,
    "BRK-B": 503.125,
    "OXY": 42.04999923706055,
    "GEO": 15.03499984741211
}
