{
    "VT": 143.94000244140625,
    "ANET": 130.375,
    "GOOG": 320.79998779296875,
    "PDD": 121.33499908447266,
    "BRK-B": 496.05999755859375,
    "OXY": 41.130001068115234,
    "GEO": 15.899999618530273
}
