{
    "VT": 142.02000427246094,
    "ANET": 133.22999572753906,
    "GOOG": 314.38018798828125,
    "PDD": 114.18000030517578,
    "BRK-B": 502.80999755859375,
    "OXY": 41.20389938354492,
    "GEO": 16.399999618530273
}
