{
    "VT": 147.77000427246094,
    "ANET": 129.43580627441406,
    "GOOG": 311.5389099121094,
    "PDD": 106.3949966430664
}
