{
    "VT": 133.37460327148438,
    "ANET": 137.0850067138672,
    "GOOG": 205.61000061035156,
    "PDD": 119.26000213623047,
    "BRK-B": 476.7300109863281,
    "OXY": 43.834999084472656,
    "GEO": 20.739999771118164
}