{
    "VT": 147.44500732421875,
    "ANET": 130.9600067138672,
    "GOOG": 305.4800109863281,
    "PDD": 103.86000061035156
}
