{
    "VT": 140.16000366210938,
    "ANET": 136.86500549316406,
    "GOOG": 288.6099853515625,
    "PDD": 136.97000122070312,
    "BRK-B": 497.85009765625,
    "OXY": 41.005001068115234,
    "GEO": 15.430000305175781
}
