{
    "VT": 138.83009338378906,
    "ANET": 134.3699951171875,
    "GOOG": 304.1400146484375,
    "PDD": 97.0199966430664
}
