{
    "VT": 146.30499267578125,
    "ANET": 128.2899932861328,
    "GOOG": 304.8800048828125,
    "PDD": 101.91999816894531
}
