{
    "VT": 133.2899932861328,
    "ANET": 138.8800048828125,
    "GOOG": 227.46499633789062,
    "PDD": 123.66000366210938,
    "BRK-B": 504.1099853515625,
    "OXY": 45.93000030517578,
    "GEO": 21.09000015258789
}
