{
    "VT": 137.375,
    "ANET": 148.9600067138672,
    "GOOG": 254.875,
    "PDD": 131.18499755859375,
    "BRK-B": 491.5299987792969,
    "OXY": 46.095001220703125,
    "GEO": 21.969600677490234
}
