{
    "VT": 137.4600067138672,
    "ANET": 143.0,
    "GOOG": 250.42999267578125,
    "PDD": 131.3300018310547,
    "BRK-B": 494.375,
    "OXY": 47.209999084472656,
    "GEO": 21.31999969482422
}
