{
    "VT": 140.7454071044922,
    "ANET": 158.51699829101562,
    "GOOG": 281.8699951171875,
    "PDD": 135.19000244140625,
    "BRK-B": 475.989990234375,
    "OXY": 40.790000915527344,
    "GEO": 16.665000915527344
}
