{
    "VT": 137.77999877929688,
    "ANET": 142.27000427246094,
    "GOOG": 253.4499969482422,
    "PDD": 129.67999267578125,
    "BRK-B": 492.0,
    "OXY": 40.93000030517578,
    "GEO": 16.90999984741211
}
