{
    "VT": 145.4250030517578,
    "ANET": 134.02999877929688,
    "GOOG": 302.3999938964844,
    "PDD": 101.38999938964844
}
