{
    "VT": 136.5688934326172,
    "ANET": 124.13500213623047,
    "GOOG": 294.0799865722656,
    "PDD": 118.0999984741211,
    "BRK-B": 501.3299865722656,
    "OXY": 41.560001373291016,
    "GEO": 14.630000114440918
}
