{
    "VT": 139.71499633789062,
    "ANET": 135.02000427246094,
    "GOOG": 287.17498779296875,
    "PDD": 137.25999450683594,
    "BRK-B": 500.0032958984375,
    "OXY": 41.154998779296875,
    "GEO": 15.239999771118164
}
