{
    "VT": 144.25,
    "ANET": 139.6300048828125,
    "GOOG": 307.5400085449219,
    "PDD": 106.23999786376953
}
