{
    "VT": 138.14259338378906,
    "ANET": 144.9499969482422,
    "GOOG": 251.75999450683594,
    "PDD": 129.14999389648438,
    "BRK-B": 489.7699890136719,
    "OXY": 41.13999938964844,
    "GEO": 17.15999984741211
}
