{
    "VT": 145.1533966064453,
    "ANET": 139.32000732421875,
    "GOOG": 331.9700012207031,
    "PDD": 106.02999877929688
}
