{
    "VT": 144.50999450683594,
    "ANET": 129.89999389648438,
    "GOOG": 329.9200134277344,
    "PDD": 101.91000366210938
}
