{
    "VT": 138.94500732421875,
    "ANET": 129.25,
    "GOOG": 289.3900146484375,
    "PDD": 130.63999938964844,
    "BRK-B": 508.0849914550781,
    "OXY": 42.59000015258789,
    "GEO": 14.859999656677246
}
