{
    "VT": 143.56500244140625,
    "ANET": 136.22999572753906,
    "GOOG": 320.80999755859375,
    "PDD": 120.18000030517578,
    "BRK-B": 497.5799865722656,
    "OXY": 41.630001068115234,
    "GEO": 16.425600051879883
}
