{
    "VT": 137.37,
    "ANET": 132.77499389648438,
    "GOOG": 300.4599914550781,
    "PDD": 97.41999816894531
}
