{
    "VT": 137.38499450683594,
    "ANET": 133.28500366210938,
    "GOOG": 300.9419860839844,
    "PDD": 97.05000305175781
}
