{
    "VT": 148.78500366210938,
    "ANET": 131.4600067138672,
    "GOOG": 311.1700134277344,
    "PDD": 107.01000213623047
}
