{
    "VT": 133.23500061035156,
    "ANET": 136.05999755859375,
    "GOOG": 204.97000122070312,
    "PDD": 114.83499908447266,
    "BRK-B": 477.0151062011719,
    "OXY": 44.47999954223633,
    "GEO": 21.100000381469727
}