{
    "VT": 134.5800018310547,
    "ANET": 134.49000549316406,
    "GOOG": 205.2949981689453,
    "PDD": 127.36000061035156,
    "BRK-B": 488.32501220703125,
    "OXY": 45.61830139160156,
    "GEO": 21.829999923706055
}