{
    "VT": 141.65499877929688,
    "ANET": 135.15499877929688,
    "GOOG": 301.42498779296875,
    "PDD": 101.92500305175781
}
