{
    "VT": 141.30499267578125,
    "ANET": 129.4550018310547,
    "GOOG": 316.8900146484375,
    "PDD": 115.11000061035156,
    "BRK-B": 503.19000244140625,
    "OXY": 42.619998931884766,
    "GEO": 17.094999313354492
}
