{
    "VT": 140.9864044189453,
    "ANET": 132.4149932861328,
    "GOOG": 312.70001220703125,
    "PDD": 117.20999908447266,
    "BRK-B": 492.8349914550781,
    "OXY": 41.525001525878906,
    "GEO": 17.045000076293945
}
