{
    "VT": 138.85000610351562,
    "ANET": 135.79849243164062,
    "GOOG": 286.1199951171875,
    "PDD": 137.50999450683594,
    "BRK-B": 492.6781921386719,
    "OXY": 40.29499816894531,
    "GEO": 15.109999656677246
}
