{
    "VT": 136.92999267578125,
    "ANET": 140.64999389648438,
    "GOOG": 246.8054962158203,
    "PDD": 127.0999984741211,
    "BRK-B": 493.635009765625,
    "OXY": 42.18199920654297,
    "GEO": 17.260000228881836
}
