{
    "VT": 140.67999267578125,
    "ANET": 134.96499633789062,
    "GOOG": 289.2401123046875,
    "PDD": 137.82000732421875,
    "BRK-B": 497.125,
    "OXY": 42.814998626708984,
    "GEO": 14.960000038146973
}
