{
    "VT": 141.43499755859375,
    "ANET": 157.16000366210938,
    "GOOG": 268.67999267578125,
    "PDD": 137.72500610351562,
    "BRK-B": 484.7099914550781,
    "OXY": 42.2401008605957,
    "GEO": 17.1299991607666
}
