{
    "VT": 143.2899932861328,
    "ANET": 124.76000213623047,
    "GOOG": 301.29998779296875,
    "PDD": 99.9000015258789
}
