{
    "VT": 144.92999267578125,
    "ANET": 138.52000427246094,
    "GOOG": 330.9700012207031,
    "PDD": 105.8949966430664
}
