{
    "VT": 138.3699951171875,
    "ANET": 144.58999633789062,
    "GOOG": 245.05999755859375,
    "PDD": 135.99000549316406,
    "BRK-B": 496.60650634765625,
    "OXY": 44.755001068115234,
    "GEO": 20.979999542236328
}
