{
    "VT": 143.45599365234375,
    "ANET": 123.33000183105469,
    "GOOG": 325.5899963378906,
    "PDD": 121.58999633789062,
    "BRK-B": 501.5799865722656,
    "OXY": 43.38999938964844,
    "GEO": 16.69700050354004
}
