{
    "VT": 136.9470977783203,
    "ANET": 125.33000183105469,
    "GOOG": 295.82000732421875,
    "PDD": 117.94999694824219,
    "BRK-B": 501.215087890625,
    "OXY": 41.53990173339844,
    "GEO": 14.850299835205078
}
