{
    "VT": 144.15499877929688,
    "ANET": 123.44999694824219,
    "GOOG": 335.8399963378906,
    "PDD": 108.22000122070312
}
