{
    "VT": 141.0782012939453,
    "ANET": 160.5800018310547,
    "GOOG": 289.7799987792969,
    "PDD": 135.4149932861328,
    "BRK-B": 479.6700134277344,
    "OXY": 40.459999084472656,
    "GEO": 16.735000610351562
}
