{
    "VT": 145.18499755859375,
    "ANET": 131.3000030517578,
    "GOOG": 333.29998779296875,
    "PDD": 107.58999633789062
}
