{
    "VT": 140.4499969482422,
    "ANET": 122.82499694824219,
    "GOOG": 299.1300048828125,
    "PDD": 105.86000061035156,
    "BRK-B": 501.9953918457031,
    "OXY": 39.55500030517578,
    "GEO": 16.81999969482422
}
