{
    "VT": 134.10000610351562,
    "ANET": 135.02999877929688,
    "GOOG": 211.02999877929688,
    "PDD": 121.81999969482422,
    "BRK-B": 497.3399963378906,
    "OXY": 46.93000030517578,
    "GEO": 20.34000015258789
}