{
    "VT": 145.3101043701172,
    "ANET": 133.47000122070312,
    "GOOG": 303.385009765625,
    "PDD": 101.16000366210938
}
