{
    "VT": 146.13999938964844,
    "ANET": 137.99000549316406,
    "GOOG": 341.7900085449219,
    "PDD": 102.56999969482422
}
