{
    "VT": 146.0399932861328,
    "ANET": 133.97999572753906,
    "GOOG": 313.45001220703125,
    "PDD": 100.16999816894531
}
