{
    "VT": 142.22979736328125,
    "ANET": 134.1999969482422,
    "GOOG": 308.1700134277344,
    "PDD": 105.02999877929688
}
