{
    "VT": 137.32000732421875,
    "ANET": 144.4550018310547,
    "GOOG": 249.75,
    "PDD": 127.6500015258789,
    "BRK-B": 490.5,
    "OXY": 45.30569839477539,
    "GEO": 22.094999313354492
}
