{
    "VT": 148.4949951171875,
    "ANET": 129.8000030517578,
    "GOOG": 307.30999755859375,
    "PDD": 105.79000091552734
}
