{
    "VT": 139.6300048828125,
    "ANET": 155.17999267578125,
    "GOOG": 279.7124938964844,
    "PDD": 133.50999450683594,
    "BRK-B": 480.906005859375,
    "OXY": 40.14500045776367,
    "GEO": 16.514999389648438
}
