{
    "VT": 139.33999633789062,
    "ANET": 129.91000366210938,
    "GOOG": 278.3699951171875,
    "PDD": 134.08999633789062,
    "BRK-B": 513.2100219726562,
    "OXY": 41.84000015258789,
    "GEO": 14.59000015258789
}
