{
    "VT": 141.60009765625,
    "ANET": 132.97999572753906,
    "GOOG": 314.1099853515625,
    "PDD": 116.19999694824219,
    "BRK-B": 493.9779968261719,
    "OXY": 42.27000045776367,
    "GEO": 16.030000686645508
}
