{
    "VT": 138.3249969482422,
    "ANET": 134.2100067138672,
    "GOOG": 285.364013671875,
    "PDD": 137.1199951171875,
    "BRK-B": 491.4800109863281,
    "OXY": 40.05500030517578,
    "GEO": 15.029999732971191
}
