{
    "VT": 145.0449981689453,
    "ANET": 130.72000122070312,
    "GOOG": 331.5580139160156,
    "PDD": 106.33000183105469
}
