{
    "VT": 140.90499877929688,
    "ANET": 127.4000015258789,
    "GOOG": 320.54998779296875,
    "PDD": 118.18499755859375,
    "BRK-B": 506.8999938964844,
    "OXY": 42.88999938964844,
    "GEO": 17.059999465942383
}
