{
    "VT": 141.0800018310547,
    "ANET": 131.68499755859375,
    "GOOG": 316.30999755859375,
    "PDD": 117.73999786376953,
    "BRK-B": 492.5,
    "OXY": 41.755001068115234,
    "GEO": 17.104999542236328
}
