{
    "VT": 136.0749969482422,
    "ANET": 152.375,
    "GOOG": 238.67999267578125,
    "PDD": 125.94000244140625,
    "BRK-B": 491.7900085449219,
    "OXY": 46.02000045776367,
    "GEO": 21.344999313354492
}
