{
    "VT": 142.4199981689453,
    "ANET": 138.52000427246094,
    "GOOG": 308.3699951171875,
    "PDD": 102.61000061035156
}
