{
    "VT": 146.23500061035156,
    "ANET": 148.8699951171875,
    "GOOG": 336.44000244140625,
    "PDD": 102.00499725341797
}
