{
    "VT": 134.5449981689453,
    "ANET": 136.55499267578125,
    "GOOG": 212.30999755859375,
    "PDD": 122.05000305175781,
    "BRK-B": 499.2349853515625,
    "OXY": 47.48500061035156,
    "GEO": 20.579999923706055
}