{
    "VT": 139.5749969482422,
    "ANET": 147.55999755859375,
    "GOOG": 257.2742004394531,
    "PDD": 131.49000549316406,
    "BRK-B": 493.3550109863281,
    "OXY": 40.93000030517578,
    "GEO": 16.920000076293945
}
