{
    "VT": 144.02000427246094,
    "ANET": 129.93499755859375,
    "GOOG": 330.510009765625,
    "PDD": 102.1050033569336
}
