{
    "VT": 143.9949951171875,
    "ANET": 130.9199981689453,
    "GOOG": 321.67999267578125,
    "PDD": 121.18499755859375,
    "BRK-B": 494.1199951171875,
    "OXY": 40.834999084472656,
    "GEO": 16.09000015258789
}
