{
    "VT": 133.33999633789062,
    "ANET": 136.21499633789062,
    "GOOG": 204.72000122070312,
    "PDD": 119.44999694824219,
    "BRK-B": 475.79998779296875,
    "OXY": 44.21500015258789,
    "GEO": 21.059999465942383
}