{
    "VT": 143.94000244140625,
    "ANET": 128.4499969482422,
    "GOOG": 328.7300109863281,
    "PDD": 106.99189758300781
}
