{
    "VT": 144.0850067138672,
    "ANET": 125.29000091552734,
    "GOOG": 301.92999267578125,
    "PDD": 100.03500366210938
}
