{
    "VT": 141.1300048828125,
    "ANET": 126.21510314941406,
    "GOOG": 308.2699890136719,
    "PDD": 111.42500305175781,
    "BRK-B": 495.6300048828125,
    "OXY": 41.04499816894531,
    "GEO": 17.024999618530273
}
