{
    "VT": 136.77999877929688,
    "ANET": 153.1199951171875,
    "GOOG": 240.35000610351562,
    "PDD": 126.9800033569336,
    "BRK-B": 495.2278137207031,
    "OXY": 46.08530044555664,
    "GEO": 22.81999969482422
}
