{
    "VT": 145.02499389648438,
    "ANET": 140.5,
    "GOOG": 331.4700012207031,
    "PDD": 107.06999969482422
}
