{
    "VT": 142.34500122070312,
    "ANET": 135.5749969482422,
    "GOOG": 305.7799987792969,
    "PDD": 105.02999877929688
}
