{
    "VT": 144.40750122070312,
    "ANET": 123.25,
    "GOOG": 330.30010986328125,
    "PDD": 120.33999633789062,
    "BRK-B": 497.1549987792969,
    "OXY": 43.095001220703125,
    "GEO": 17.53499984741211
}
