{
    "VT": 144.64999389648438,
    "ANET": 140.11500549316406,
    "GOOG": 331.1650085449219,
    "PDD": 106.56999969482422
}
