{
    "VT": 146.88999938964844,
    "ANET": 148.85000610351562,
    "GOOG": 335.66009521484375,
    "PDD": 106.29499816894531
}
