{
    "VT": 136.77999877929688,
    "ANET": 124.86000061035156,
    "GOOG": 298.55999755859375,
    "PDD": 117.83999633789062,
    "BRK-B": 498.8949890136719,
    "OXY": 41.45500183105469,
    "GEO": 14.704999923706055
}
