{
    "VT": 133.66000366210938,
    "ANET": 140.47999572753906,
    "GOOG": 228.24000549316406,
    "PDD": 124.51000213623047,
    "BRK-B": 505.30419921875,
    "OXY": 46.410099029541016,
    "GEO": 21.19499969482422
}
