{
    "VT": 139.36819458007812,
    "ANET": 129.58999633789062,
    "GOOG": 280.1449890136719,
    "PDD": 134.88999938964844,
    "BRK-B": 511.9649963378906,
    "OXY": 41.869998931884766,
    "GEO": 14.649999618530273
}
