{
    "VT": 145.9250030517578,
    "ANET": 136.55999755859375,
    "GOOG": 344.30999755859375,
    "PDD": 104.94999694824219
}
