{
    "VT": 147.05999755859375,
    "ANET": 136.86000061035156,
    "GOOG": 313.9599914550781,
    "PDD": 105.2699966430664
}
