{
    "VT": 133.38499450683594,
    "ANET": 137.35000610351562,
    "GOOG": 204.1199951171875,
    "PDD": 118.81999969482422,
    "BRK-B": 478.19000244140625,
    "OXY": 44.1150016784668,
    "GEO": 21.059999465942383
}