{
    "VT": 140.47349548339844,
    "ANET": 129.32000732421875,
    "GOOG": 325.9800109863281,
    "PDD": 116.0999984741211,
    "BRK-B": 512.1699829101562,
    "OXY": 41.69160079956055,
    "GEO": 15.550000190734863
}
