{
    "VT": 138.47999572753906,
    "ANET": 143.1199951171875,
    "GOOG": 245.92999267578125,
    "PDD": 135.61000061035156,
    "BRK-B": 496.7550048828125,
    "OXY": 44.970001220703125,
    "GEO": 20.889999389648438
}
