{
    "VT": 142.125,
    "ANET": 137.39999389648438,
    "GOOG": 298.8800048828125,
    "PDD": 102.29499816894531
}
