{
    "VT": 140.75999450683594,
    "ANET": 134.72999572753906,
    "GOOG": 304.1400146484375,
    "PDD": 101.91500091552734
}
