{
    "VT": 142.09500122070312,
    "ANET": 134.4199981689453,
    "GOOG": 308.3251037597656,
    "PDD": 104.63999938964844
}
