{
    "VT": 143.35499572753906,
    "ANET": 139.92520141601562,
    "GOOG": 305.9200134277344,
    "PDD": 105.52999877929688
}
