{
    "VT": 146.5500030517578,
    "ANET": 129.38999938964844,
    "GOOG": 313.4779968261719,
    "PDD": 106.44000244140625
}
