{
    "VT": 141.0850067138672,
    "ANET": 127.0999984741211,
    "GOOG": 311.0299987792969,
    "PDD": 108.88999938964844,
    "BRK-B": 502.3699951171875,
    "OXY": 39.125,
    "GEO": 16.954999923706055
}
