{
    "VT": 141.14500427246094,
    "ANET": 126.74500274658203,
    "GOOG": 308.4200134277344,
    "PDD": 111.05500030517578,
    "BRK-B": 502.1708984375,
    "OXY": 39.80500030517578,
    "GEO": 16.530000686645508
}
