{
    "VT": 146.02999877929688,
    "ANET": 137.8800048828125,
    "GOOG": 344.8999938964844,
    "PDD": 104.33000183105469
}
