{
    "VT": 138.6999969482422,
    "ANET": 145.18499755859375,
    "GOOG": 247.80999755859375,
    "PDD": 133.07000732421875,
    "BRK-B": 501.30999755859375,
    "OXY": 45.0099983215332,
    "GEO": 19.06999969482422
}
