{
    "VT": 136.83999633789062,
    "ANET": 141.75999450683594,
    "GOOG": 248.2899932861328,
    "PDD": 131.76499938964844,
    "BRK-B": 495.75799560546875,
    "OXY": 46.959999084472656,
    "GEO": 21.600000381469727
}
