{
    "VT": 132.85000610351562,
    "ANET": 136.80999755859375,
    "GOOG": 229.99000549316406,
    "PDD": 124.40499877929688,
    "BRK-B": 500.3518981933594,
    "OXY": 46.290000915527344,
    "GEO": 20.959999084472656
}
