{
    "VT": 142.91000366210938,
    "ANET": 135.8000030517578,
    "GOOG": 317.8399963378906,
    "PDD": 117.41999816894531,
    "BRK-B": 502.9599914550781,
    "OXY": 40.7599983215332,
    "GEO": 16.209999084472656
}
