{
    "VT": 138.3311004638672,
    "ANET": 149.25999450683594,
    "GOOG": 244.61000061035156,
    "PDD": 133.96499633789062,
    "BRK-B": 497.07000732421875,
    "OXY": 47.51499938964844,
    "GEO": 21.82900047302246
}
