{
    "VT": 140.5749969482422,
    "ANET": 138.24000549316406,
    "GOOG": 289.9949951171875,
    "PDD": 137.87820434570312,
    "BRK-B": 499.25311279296875,
    "OXY": 41.43009948730469,
    "GEO": 15.260000228881836
}
