{
    "VT": 140.19000244140625,
    "ANET": 155.6999969482422,
    "GOOG": 283.239990234375,
    "PDD": 135.19000244140625,
    "BRK-B": 478.32000732421875,
    "OXY": 40.48500061035156,
    "GEO": 16.864999771118164
}
