{
    "VT": 141.2449951171875,
    "ANET": 135.89500427246094,
    "GOOG": 289.6600036621094,
    "PDD": 137.52000427246094,
    "BRK-B": 497.010009765625,
    "OXY": 42.404998779296875,
    "GEO": 15.0
}
