{
    "VT": 141.2989959716797,
    "ANET": 125.30000305175781,
    "GOOG": 310.9100036621094,
    "PDD": 111.94999694824219,
    "BRK-B": 498.1300048828125,
    "OXY": 40.999000549316406,
    "GEO": 17.0
}
