{
    "VT": 142.10000610351562,
    "ANET": 133.59500122070312,
    "GOOG": 307.01,
    "PDD": 105.23999786376953
}
