{
    "VT": 141.0500030517578,
    "ANET": 127.91000366210938,
    "GOOG": 321.5849914550781,
    "PDD": 118.0,
    "BRK-B": 507.0,
    "OXY": 42.744998931884766,
    "GEO": 17.020000457763672
}
