{
    "VT": 138.12750244140625,
    "ANET": 133.66000366210938,
    "GOOG": 300.8900146484375,
    "PDD": 96.69000244140625
}
