{
    "VT": 137.24000549316406,
    "ANET": 125.88999938964844,
    "GOOG": 284.95001220703125,
    "PDD": 129.0800018310547,
    "BRK-B": 503.8999938964844,
    "OXY": 41.685001373291016,
    "GEO": 14.520000457763672
}
