{
    "VT": 141.35989379882812,
    "ANET": 131.5850067138672,
    "GOOG": 310.7449951171875,
    "PDD": 112.32499694824219,
    "BRK-B": 499.489990234375,
    "OXY": 40.130001068115234,
    "GEO": 16.655000686645508
}
