{
    "VT": 137.26499938964844,
    "ANET": 143.93499755859375,
    "GOOG": 241.46449279785156,
    "PDD": 131.85000610351562,
    "BRK-B": 502.3949890136719,
    "OXY": 46.630001068115234,
    "GEO": 20.315000534057617
}
