{
    "VT": 141.44000244140625,
    "ANET": 124.0999984741211,
    "GOOG": 298.6600036621094,
    "PDD": 99.27999877929688
}
