{
    "VT": 141.59500122070312,
    "ANET": 128.0,
    "GOOG": 321.13250732421875,
    "PDD": 117.40499877929688,
    "BRK-B": 504.82501220703125,
    "OXY": 42.779998779296875,
    "GEO": 17.110000610351562
}
