{
    "VT": 142.03500366210938,
    "ANET": 160.9499969482422,
    "GOOG": 269.8500061035156,
    "PDD": 138.86929321289062,
    "BRK-B": 476.114990234375,
    "OXY": 40.77510070800781,
    "GEO": 16.739999771118164
}
