{
    "VT": 137.97000122070312,
    "ANET": 145.03500366210938,
    "GOOG": 251.5,
    "PDD": 129.19000244140625,
    "BRK-B": 490.2349853515625,
    "OXY": 40.98500061035156,
    "GEO": 17.08169937133789
}
