{
    "VT": 145.94000244140625,
    "ANET": 136.1750030517578,
    "GOOG": 336.0199890136719,
    "PDD": 101.8915023803711
}
