{
    "VT": 133.38499450683594,
    "ANET": 136.89999389648438,
    "GOOG": 203.8800048828125,
    "PDD": 118.93000030517578,
    "BRK-B": 477.9884948730469,
    "OXY": 44.44499969482422,
    "GEO": 21.016799926757812
}