{
    "VT": 134.05999755859375,
    "ANET": 140.5800018310547,
    "GOOG": 232.0800018310547,
    "PDD": 123.75499725341797,
    "BRK-B": 506.6700134277344,
    "OXY": 46.61000061035156,
    "GEO": 21.264999389648438
}
