{
    "VT": 142.6999969482422,
    "ANET": 138.51,
    "GOOG": 307.44000244140625,
    "PDD": 103.19999694824219
}
