{
    "VT": 139.1199951171875,
    "ANET": 152.8000030517578,
    "GOOG": 255.56500244140625,
    "PDD": 132.44000244140625,
    "BRK-B": 489.0950012207031,
    "OXY": 43.119998931884766,
    "GEO": 17.049999237060547
}
