{
    "VT": 141.4001007080078,
    "ANET": 135.4799041748047,
    "GOOG": 310.1199951171875,
    "PDD": 104.22000122070312
}
