{
    "VT": 145.61000061035156,
    "ANET": 143.9499969482422,
    "GOOG": 338.8999938964844,
    "PDD": 101.62999725341797
}
