{
    "VT": 141.1699981689453,
    "ANET": 129.40499877929688,
    "GOOG": 317.5400085449219,
    "PDD": 115.62000274658203,
    "BRK-B": 492.8841857910156,
    "OXY": 41.71390151977539,
    "GEO": 16.729999542236328
}
