{
    "VT": 141.57,
    "ANET": 136.91000366210938,
    "GOOG": 306.2149963378906,
    "PDD": 103.52999877929688
}
