{
    "VT": 140.55999755859375,
    "ANET": 138.18499755859375,
    "GOOG": 290.5199890136719,
    "PDD": 137.88499450683594,
    "BRK-B": 499.1199951171875,
    "OXY": 41.40999984741211,
    "GEO": 15.304300308227539
}
