{
    "VT": 139.55499267578125,
    "ANET": 129.9250030517578,
    "GOOG": 280.2200012207031,
    "PDD": 134.77999877929688,
    "BRK-B": 512.9500122070312,
    "OXY": 41.8650016784668,
    "GEO": 14.489999771118164
}
