{
    "VT": 133.35499572753906,
    "ANET": 136.89999389648438,
    "GOOG": 205.42999267578125,
    "PDD": 119.54000091552734,
    "BRK-B": 478.29998779296875,
    "OXY": 44.85499954223633,
    "GEO": 21.030000686645508
}