{
    "VT": 136.66000366210938,
    "ANET": 125.40499877929688,
    "GOOG": 294.42449951171875,
    "PDD": 117.7699966430664,
    "BRK-B": 499.94000244140625,
    "OXY": 41.48500061035156,
    "GEO": 14.829999923706055
}
