{
    "VT": 141.76980590820312,
    "ANET": 131.4199981689453,
    "GOOG": 315.0,
    "PDD": 112.48999786376953,
    "BRK-B": 499.6000061035156,
    "OXY": 39.82099914550781,
    "GEO": 16.42289924621582
}
