{
    "VT": 146.3300018310547,
    "ANET": 137.2949981689453,
    "GOOG": 304.8699951171875,
    "PDD": 101.54000091552734
}
