{
    "VT": 137.72500610351562,
    "ANET": 121.54499816894531,
    "GOOG": 317.5199890136719,
    "PDD": 113.55000305175781,
    "BRK-B": 500.1050109863281,
    "OXY": 41.505001068115234,
    "GEO": 15.220000267028809
}
