{
    "VT": 140.58999633789062,
    "ANET": 124.94999694824219,
    "GOOG": 303.5697937011719,
    "PDD": 106.37999725341797,
    "BRK-B": 503.0350036621094,
    "OXY": 39.64500045776367,
    "GEO": 16.67329978942871
}
