{
    "VT": 142.1999053955078,
    "ANET": 134.8300018310547,
    "GOOG": 313.8500061035156,
    "PDD": 113.6500015258789,
    "BRK-B": 498.0899963378906,
    "OXY": 40.055599212646484,
    "GEO": 16.239999771118164
}
