{
    "VT": 138.36000061035156,
    "ANET": 145.4250030517578,
    "GOOG": 253.8986053466797,
    "PDD": 127.58000183105469,
    "BRK-B": 490.22930908203125,
    "OXY": 41.560001373291016,
    "GEO": 16.924999237060547
}
