{
    "VT": 137.69500732421875,
    "ANET": 121.8949966430664,
    "GOOG": 318.7601013183594,
    "PDD": 113.55000305175781,
    "BRK-B": 501.1579895019531,
    "OXY": 41.474998474121094,
    "GEO": 15.274999618530273
}
