{
    "VT": 139.3699951171875,
    "ANET": 133.1649932861328,
    "GOOG": 300.4393005371094,
    "PDD": 102.4000015258789
}
