{
    "VT": 136.6999969482422,
    "ANET": 124.375,
    "GOOG": 293.760009765625,
    "PDD": 118.06999969482422,
    "BRK-B": 501.4501037597656,
    "OXY": 41.57500076293945,
    "GEO": 14.75
}
