{
    "VT": 140.75,
    "ANET": 157.7364044189453,
    "GOOG": 283.6499938964844,
    "PDD": 134.80999755859375,
    "BRK-B": 476.698486328125,
    "OXY": 40.77510070800781,
    "GEO": 16.82539939880371
}
