{
    "VT": 144.82000732421875,
    "ANET": 129.08999633789062,
    "GOOG": 339.8200988769531,
    "PDD": 111.4800033569336,
    "BRK-B": 495.0,
    "OXY": 43.53499984741211,
    "GEO": 17.309999465942383
}
