{
    "VT": 134.32000732421875,
    "ANET": 133.7050018310547,
    "GOOG": 204.69000244140625,
    "PDD": 126.72000122070312,
    "BRK-B": 490.19500732421875,
    "OXY": 45.77000045776367,
    "GEO": 21.700000762939453
}