{
    "VT": 141.2220001220703,
    "ANET": 128.72000122070312,
    "GOOG": 313.1099853515625,
    "PDD": 116.16500091552734,
    "BRK-B": 497.79998779296875,
    "OXY": 41.525001525878906,
    "GEO": 16.946500778198242
}
