{
    "VT": 136.4700927734375,
    "ANET": 141.39500427246094,
    "GOOG": 247.69500732421875,
    "PDD": 130.25999450683594,
    "BRK-B": 498.2650146484375,
    "OXY": 48.22999954223633,
    "GEO": 21.010000228881836
}
