{
    "VT": 141.04550170898438,
    "ANET": 136.71499633789062,
    "GOOG": 307.8999938964844,
    "PDD": 100.94000244140625
}
