{
    "VT": 141.38999938964844,
    "ANET": 156.14999389648438,
    "GOOG": 267.17999267578125,
    "PDD": 137.72999572753906,
    "BRK-B": 487.54998779296875,
    "OXY": 42.560001373291016,
    "GEO": 17.094600677490234
}
