{
    "VT": 134.9550018310547,
    "ANET": 141.51499938964844,
    "GOOG": 235.63999938964844,
    "PDD": 124.5199966430664,
    "BRK-B": 497.010009765625,
    "OXY": 45.1349983215332,
    "GEO": 20.485000610351562
}
