{
    "VT": 137.48500061035156,
    "ANET": 145.1165008544922,
    "GOOG": 249.02499389648438,
    "PDD": 131.5399932861328,
    "BRK-B": 497.8599853515625,
    "OXY": 48.2400016784668,
    "GEO": 21.1299991607666
}
