{
    "VT": 138.49000549316406,
    "ANET": 136.27000427246094,
    "GOOG": 279.2300109863281,
    "PDD": 135.55999755859375,
    "BRK-B": 498.5899963378906,
    "OXY": 41.119998931884766,
    "GEO": 15.055000305175781
}
