{
    "VT": 146.02000427246094,
    "ANET": 144.17320251464844,
    "GOOG": 335.2900085449219,
    "PDD": 106.91999816894531
}
