{
    "VT": 138.7581024169922,
    "ANET": 125.08999633789062,
    "GOOG": 322.9700012207031,
    "PDD": 113.97000122070312,
    "BRK-B": 508.2250061035156,
    "OXY": 41.42499923706055,
    "GEO": 15.729999542236328
}
