{
    "VT": 133.3699951171875,
    "ANET": 136.17999267578125,
    "GOOG": 206.17860412597656,
    "PDD": 118.95999908447266,
    "BRK-B": 477.04998779296875,
    "OXY": 44.69499969482422,
    "GEO": 20.875
}