{
    "VT": 138.93499755859375,
    "ANET": 135.125,
    "GOOG": 304.5,
    "PDD": 97.94000244140625
}
