{
    "VT": 133.64500427246094,
    "ANET": 134.33999633789062,
    "GOOG": 208.1699981689453,
    "PDD": 123.82499694824219,
    "BRK-B": 488.15521240234375,
    "OXY": 45.599998474121094,
    "GEO": 20.829999923706055
}