{
    "VT": 139.30819702148438,
    "ANET": 133.58999633789062,
    "GOOG": 277.5660095214844,
    "PDD": 130.5399932861328,
    "BRK-B": 512.39501953125,
    "OXY": 42.72999954223633,
    "GEO": 15.119999885559082
}
