{
    "VT": 141.82000732421875,
    "ANET": 137.97999572753906,
    "GOOG": 299.3900146484375,
    "PDD": 102.16999816894531
}
