{
    "VT": 146.47500610351562,
    "ANET": 127.19499969482422,
    "GOOG": 310.69000244140625,
    "PDD": 105.79000091552734
}
