{
    "VT": 140.6199951171875,
    "ANET": 126.08999633789062,
    "GOOG": 308.04998779296875,
    "PDD": 109.20500183105469,
    "BRK-B": 501.79998779296875,
    "OXY": 38.81999969482422,
    "GEO": 16.90999984741211
}
