{
    "VT": 135.94500732421875,
    "ANET": 140.4718017578125,
    "GOOG": 244.14999389648438,
    "PDD": 130.3300018310547,
    "BRK-B": 497.19000244140625,
    "OXY": 46.7400016784668,
    "GEO": 21.440000534057617
}
