{
    "VT": 134.1999969482422,
    "ANET": 135.7100067138672,
    "GOOG": 209.92999267578125,
    "PDD": 121.83999633789062,
    "BRK-B": 496.18499755859375,
    "OXY": 46.69200134277344,
    "GEO": 20.760000228881836
}