{
    "VT": 140.9550018310547,
    "ANET": 129.375,
    "GOOG": 313.4049987792969,
    "PDD": 117.375,
    "BRK-B": 497.6000061035156,
    "OXY": 41.46799850463867,
    "GEO": 16.795000076293945
}
