{
    "VT": 142.20700073242188,
    "ANET": 133.30999755859375,
    "GOOG": 315.4024963378906,
    "PDD": 113.9800033569336,
    "BRK-B": 503.1000061035156,
    "OXY": 41.209999084472656,
    "GEO": 16.420000076293945
}
