{
    "VT": 135.96499633789062,
    "ANET": 129.7899932861328,
    "GOOG": 297.3999938964844,
    "PDD": 96.2300033569336
}
