{
    "VT": 146.3350067138672,
    "ANET": 142.8249969482422,
    "GOOG": 302.17999267578125,
    "PDD": 101.80999755859375
}
