{
    "VT": 137.59500122070312,
    "ANET": 121.69000244140625,
    "GOOG": 317.29998779296875,
    "PDD": 113.7300033569336,
    "BRK-B": 500.7149963378906,
    "OXY": 41.3650016784668,
    "GEO": 15.220000267028809
}
