{
    "VT": 140.43499755859375,
    "ANET": 128.33999633789062,
    "GOOG": 305.25,
    "PDD": 111.75,
    "BRK-B": 502.3999938964844,
    "OXY": 39.96799850463867,
    "GEO": 16.280000686645508
}
