{
    "VT": 137.34500122070312,
    "ANET": 141.5970001220703,
    "GOOG": 252.02330017089844,
    "PDD": 129.19529724121094,
    "BRK-B": 489.5,
    "OXY": 47.775001525878906,
    "GEO": 21.864999771118164
}
