{
    "VT": 137.35000610351562,
    "ANET": 151.7449951171875,
    "GOOG": 243.5500030517578,
    "PDD": 128.0428009033203,
    "BRK-B": 492.7650146484375,
    "OXY": 42.2400016784668,
    "GEO": 17.34000015258789
}
