{
    "VT": 139.32989501953125,
    "ANET": 146.4250030517578,
    "GOOG": 246.2050018310547,
    "PDD": 134.18150329589844,
    "BRK-B": 501.29901123046875,
    "OXY": 44.900001525878906,
    "GEO": 20.469999313354492
}
