{
    "VT": 133.9250030517578,
    "ANET": 133.17999267578125,
    "GOOG": 208.00999450683594,
    "PDD": 120.94000244140625,
    "BRK-B": 496.0,
    "OXY": 46.98500061035156,
    "GEO": 20.94499969482422
}