{
    "VT": 139.66000366210938,
    "ANET": 135.302001953125,
    "GOOG": 286.5249938964844,
    "PDD": 136.86000061035156,
    "BRK-B": 498.25,
    "OXY": 41.07500076293945,
    "GEO": 15.460000038146973
}
