{
    "VT": 137.2550048828125,
    "ANET": 142.9199981689453,
    "GOOG": 243.3708038330078,
    "PDD": 130.5399932861328,
    "BRK-B": 498.5899963378906,
    "OXY": 47.95500183105469,
    "GEO": 20.950000762939453
}
