{
    "VT": 136.3249969482422,
    "ANET": 142.0157012939453,
    "GOOG": 247.0102996826172,
    "PDD": 130.22000122070312,
    "BRK-B": 497.8999938964844,
    "OXY": 48.220001220703125,
    "GEO": 20.93000030517578
}
