{
    "VT": 146.0,
    "ANET": 136.1699981689453,
    "GOOG": 323.45001220703125,
    "PDD": 104.98999786376953
}
