{
    "VT": 141.0399932861328,
    "ANET": 132.1199951171875,
    "GOOG": 308.2799987792969,
    "PDD": 112.08499908447266,
    "BRK-B": 498.1400146484375,
    "OXY": 40.317501068115234,
    "GEO": 16.5
}
