{
    "VT": 140.97999572753906,
    "ANET": 127.75499725341797,
    "GOOG": 320.8699951171875,
    "PDD": 118.18000030517578,
    "BRK-B": 507.2650146484375,
    "OXY": 42.67499923706055,
    "GEO": 17.110000610351562
}
