{
    "VT": 132.94000244140625,
    "ANET": 134.32000732421875,
    "GOOG": 201.4600067138672,
    "PDD": 118.1989974975586,
    "BRK-B": 483.32000732421875,
    "OXY": 43.9900016784668,
    "GEO": 21.450000762939453
}