{
    "VT": 140.52499389648438,
    "ANET": 124.45500183105469,
    "GOOG": 304.125,
    "PDD": 106.44740295410156,
    "BRK-B": 502.3900146484375,
    "OXY": 39.724998474121094,
    "GEO": 16.899999618530273
}
