{
    "VT": 142.05999755859375,
    "ANET": 133.67539978027344,
    "GOOG": 315.1400146484375,
    "PDD": 116.19000244140625,
    "BRK-B": 495.69000244140625,
    "OXY": 42.55099868774414,
    "GEO": 15.835800170898438
}
