{
    "VT": 147.15499877929688,
    "ANET": 127.76000213623047,
    "GOOG": 316.54998779296875,
    "PDD": 107.48639678955078
}
