{
    "VT": 140.43499755859375,
    "ANET": 154.74000549316406,
    "GOOG": 261.3293151855469,
    "PDD": 133.875,
    "BRK-B": 491.8399963378906,
    "OXY": 42.650001525878906,
    "GEO": 17.290000915527344
}
