{
    "VT": 137.3699951171875,
    "ANET": 142.7384033203125,
    "GOOG": 249.30999755859375,
    "PDD": 127.34500122070312,
    "BRK-B": 491.2300109863281,
    "OXY": 41.005001068115234,
    "GEO": 17.010000228881836
}
