{
    "VT": 132.52000427246094,
    "ANET": 130.1649932861328,
    "GOOG": 200.4886016845703,
    "PDD": 118.55999755859375,
    "BRK-B": 489.4549865722656,
    "OXY": 44.385799407958984,
    "GEO": 21.8700008392334
}