{
    "VT": 134.4550018310547,
    "ANET": 133.02999877929688,
    "GOOG": 207.9600067138672,
    "PDD": 128.0749969482422,
    "BRK-B": 487.8699951171875,
    "OXY": 45.83000183105469,
    "GEO": 21.200000762939453
}