{
    "VT": 132.77000427246094,
    "ANET": 132.9239959716797,
    "GOOG": 201.42999267578125,
    "PDD": 118.11000061035156,
    "BRK-B": 483.8949890136719,
    "OXY": 43.900001525878906,
    "GEO": 21.4950008392334
}