{
    "VT": 145.14999389648438,
    "ANET": 136.3000030517578,
    "GOOG": 329.2799987792969,
    "PDD": 106.62999725341797
}
