{
    "VT": 141.28500366210938,
    "ANET": 132.27369689941406,
    "GOOG": 317.44000244140625,
    "PDD": 117.72000122070312,
    "BRK-B": 494.67498779296875,
    "OXY": 41.869998931884766,
    "GEO": 17.09000015258789
}
