{
    "VT": 141.13499450683594,
    "ANET": 129.88999938964844,
    "GOOG": 318.244384765625,
    "PDD": 116.70999908447266,
    "BRK-B": 491.2950134277344,
    "OXY": 41.70500183105469,
    "GEO": 16.704999923706055
}
