{
    "VT": 140.75,
    "ANET": 125.16500091552734,
    "GOOG": 303.6099853515625,
    "PDD": 106.25,
    "BRK-B": 503.885009765625,
    "OXY": 39.755001068115234,
    "GEO": 16.61750030517578
}
