{
    "VT": 137.5399932861328,
    "ANET": 143.32000732421875,
    "GOOG": 251.69500732421875,
    "PDD": 128.27000427246094,
    "BRK-B": 490.2650146484375,
    "OXY": 40.75,
    "GEO": 16.969999313354492
}
