{
    "VT": 139.63499450683594,
    "ANET": 132.97999572753906,
    "GOOG": 278.3900146484375,
    "PDD": 130.32000732421875,
    "BRK-B": 512.3049926757812,
    "OXY": 42.810001373291016,
    "GEO": 15.25
}
