{
    "VT": 145.19500732421875,
    "ANET": 141.7100067138672,
    "GOOG": 299.30999755859375,
    "PDD": 100.88999938964844
}
