{
    "VT": 143.5,
    "ANET": 129.4199981689453,
    "GOOG": 327.010009765625,
    "PDD": 104.80999755859375
}
