{
    "VT": 139.9499969482422,
    "ANET": 133.24000549316406,
    "GOOG": 300.114990234375,
    "PDD": 102.7300033569336
}
