{
    "VT": 133.58999633789062,
    "ANET": 134.1300048828125,
    "GOOG": 206.88999938964844,
    "PDD": 126.87000274658203,
    "BRK-B": 486.6671142578125,
    "OXY": 45.720001220703125,
    "GEO": 20.6299991607666
}