{
    "VT": 137.75,
    "ANET": 121.44999694824219,
    "GOOG": 317.3800048828125,
    "PDD": 113.60050201416016,
    "BRK-B": 501.3399963378906,
    "OXY": 41.519798278808594,
    "GEO": 15.274999618530273
}
