{
    "VT": 140.60000610351562,
    "ANET": 130.9199981689453,
    "GOOG": 295.04010009765625,
    "PDD": 101.08999633789062
}
