{
    "VT": 136.85499572753906,
    "ANET": 142.72000122070312,
    "GOOG": 248.6699981689453,
    "PDD": 131.93499755859375,
    "BRK-B": 494.7200012207031,
    "OXY": 46.67499923706055,
    "GEO": 21.485000610351562
}
