{
    "VT": 135.64500427246094,
    "ANET": 150.22000122070312,
    "GOOG": 240.82000732421875,
    "PDD": 124.54000091552734,
    "BRK-B": 488.4649963378906,
    "OXY": 45.4567985534668,
    "GEO": 21.420000076293945
}
