{
    "VT": 147.75,
    "ANET": 129.4199981689453,
    "GOOG": 310.489990234375,
    "PDD": 107.16500091552734
}
