{
    "VT": 144.77999877929688,
    "ANET": 137.4499969482422,
    "GOOG": 339.17999267578125,
    "PDD": 103.18000030517578
}
