{
    "VT": 140.55450439453125,
    "ANET": 124.85459899902344,
    "GOOG": 303.80999755859375,
    "PDD": 106.16999816894531,
    "BRK-B": 502.5799865722656,
    "OXY": 39.604400634765625,
    "GEO": 16.65169906616211
}
