{
    "VT": 139.52000427246094,
    "ANET": 146.77499389648438,
    "GOOG": 257.17999267578125,
    "PDD": 132.0500030517578,
    "BRK-B": 493.67999267578125,
    "OXY": 40.9900016784668,
    "GEO": 16.93000030517578
}
