{
    "VT": 140.31500244140625,
    "ANET": 127.17500305175781,
    "GOOG": 315.44891357421875,
    "PDD": 117.7300033569336,
    "BRK-B": 506.8349914550781,
    "OXY": 41.890098571777344,
    "GEO": 16.479999542236328
}
