{
    "VT": 134.5050048828125,
    "ANET": 135.99000549316406,
    "GOOG": 212.75999450683594,
    "PDD": 122.0,
    "BRK-B": 498.8900146484375,
    "OXY": 47.5,
    "GEO": 20.420000076293945
}