{
    "VT": 147.47149658203125,
    "ANET": 128.97999572753906,
    "GOOG": 310.8599853515625,
    "PDD": 106.06500244140625
}
