{
    "VT": 139.57000732421875,
    "ANET": 122.68000030517578,
    "GOOG": 297.8999938964844,
    "PDD": 104.91000366210938,
    "BRK-B": 504.2250061035156,
    "OXY": 40.654998779296875,
    "GEO": 16.780000686645508
}
