{
    "VT": 136.56500244140625,
    "ANET": 153.9600067138672,
    "GOOG": 238.6595001220703,
    "PDD": 127.13999938964844,
    "BRK-B": 494.8599853515625,
    "OXY": 45.849998474121094,
    "GEO": 22.200000762939453
}
