{
    "VT": 138.0,
    "ANET": 145.77999877929688,
    "GOOG": 251.38999938964844,
    "PDD": 133.52000427246094,
    "BRK-B": 493.2449951171875,
    "OXY": 47.474998474121094,
    "GEO": 22.030000686645508
}
