{
    "VT": 136.25,
    "ANET": 130.2050018310547,
    "GOOG": 297.760009765625,
    "PDD": 96.8499984741211
}
