{
    "VT": 148.11500549316406,
    "ANET": 140.92999267578125,
    "GOOG": 311.3999938964844,
    "PDD": 104.42500305175781
}
