{
    "VT": 148.25999450683594,
    "ANET": 129.49000549316406,
    "GOOG": 307.4100036621094,
    "PDD": 105.19000244140625
}
