{
    "VT": 133.27999877929688,
    "ANET": 137.17999267578125,
    "GOOG": 229.26499938964844,
    "PDD": 121.62000274658203,
    "BRK-B": 497.6850891113281,
    "OXY": 46.525001525878906,
    "GEO": 21.030000686645508
}
