{
    "VT": 140.32449340820312,
    "ANET": 128.3249969482422,
    "GOOG": 316.3699951171875,
    "PDD": 118.25180053710938,
    "BRK-B": 509.8800048828125,
    "OXY": 42.474998474121094,
    "GEO": 16.094999313354492
}
