{
    "VT": 139.55999755859375,
    "ANET": 153.4149932861328,
    "GOOG": 255.26499938964844,
    "PDD": 133.27000427246094,
    "BRK-B": 490.75,
    "OXY": 43.09000015258789,
    "GEO": 17.315000534057617
}
