{
    "VT": 146.75,
    "ANET": 148.97999572753906,
    "GOOG": 334.42999267578125,
    "PDD": 104.23999786376953
}
