{
    "VT": 137.5345001220703,
    "ANET": 133.93499755859375,
    "GOOG": 277.49249267578125,
    "PDD": 134.42999267578125,
    "BRK-B": 497.260009765625,
    "OXY": 40.724998474121094,
    "GEO": 14.989999771118164
}
