{
    "VT": 139.61500549316406,
    "ANET": 147.5,
    "GOOG": 245.86500549316406,
    "PDD": 133.43499755859375,
    "BRK-B": 500.4100036621094,
    "OXY": 44.849998474121094,
    "GEO": 20.67009925842285
}
