{
    "VT": 138.75,
    "ANET": 135.24000549316406,
    "GOOG": 302.7300109863281,
    "PDD": 98.0999984741211
}
