{
    "VT": 135.02349853515625,
    "ANET": 142.3166046142578,
    "GOOG": 235.11500549316406,
    "PDD": 125.48999786376953,
    "BRK-B": 503.8699951171875,
    "OXY": 45.880001068115234,
    "GEO": 21.05500030517578
}
