{
    "VT": 135.1750030517578,
    "ANET": 141.44500732421875,
    "GOOG": 238.7899932861328,
    "PDD": 126.08000183105469,
    "BRK-B": 493.32501220703125,
    "OXY": 45.70000076293945,
    "GEO": 21.45210075378418
}
