{
    "VT": 133.6750030517578,
    "ANET": 136.0,
    "GOOG": 213.94500732421875,
    "PDD": 120.55999755859375,
    "BRK-B": 504.5,
    "OXY": 47.6349983215332,
    "GEO": 20.6299991607666
}