{
    "VT": 147.34970092773438,
    "ANET": 128.46249389648438,
    "GOOG": 308.69000244140625,
    "PDD": 104.08999633789062
}
