{
    "VT": 135.0780029296875,
    "ANET": 141.42999267578125,
    "GOOG": 235.85000610351562,
    "PDD": 125.16999816894531,
    "BRK-B": 497.760009765625,
    "OXY": 45.35499954223633,
    "GEO": 20.6299991607666
}
