{
    "VT": 139.38499450683594,
    "ANET": 146.80499267578125,
    "GOOG": 249.3800048828125,
    "PDD": 131.5800018310547,
    "BRK-B": 493.82000732421875,
    "OXY": 40.94499969482422,
    "GEO": 17.492799758911133
}
