{
    "VT": 138.07000732421875,
    "ANET": 125.67500305175781,
    "GOOG": 325.614990234375,
    "PDD": 114.55500030517578,
    "BRK-B": 511.32501220703125,
    "OXY": 41.275001525878906,
    "GEO": 15.529999732971191
}
