{
    "VT": 141.96499633789062,
    "ANET": 131.22999572753906,
    "GOOG": 315.5350036621094,
    "PDD": 112.06999969482422,
    "BRK-B": 500.3900146484375,
    "OXY": 40.119998931884766,
    "GEO": 16.299999237060547
}
