{
    "VT": 133.38999938964844,
    "ANET": 137.6313934326172,
    "GOOG": 204.10000610351562,
    "PDD": 118.70999908447266,
    "BRK-B": 477.7900085449219,
    "OXY": 44.165000915527344,
    "GEO": 20.969999313354492
}