{
    "VT": 140.9550018310547,
    "ANET": 160.77000427246094,
    "GOOG": 285.37548828125,
    "PDD": 136.16000366210938,
    "BRK-B": 479.9100036621094,
    "OXY": 40.93000030517578,
    "GEO": 16.59000015258789
}
