{
    "VT": 139.78610229492188,
    "ANET": 135.26499938964844,
    "GOOG": 278.4599914550781,
    "PDD": 131.99000549316406,
    "BRK-B": 510.9200134277344,
    "OXY": 42.959999084472656,
    "GEO": 15.479999542236328
}
