{
    "VT": 145.2050018310547,
    "ANET": 144.17999267578125,
    "GOOG": 338.1099853515625,
    "PDD": 101.7300033569336
}
