{
    "VT": 147.85989379882812,
    "ANET": 133.47999572753906,
    "GOOG": 315.6400146484375,
    "PDD": 105.25
}
