{
    "VT": 145.39999389648438,
    "ANET": 146.65750122070312,
    "GOOG": 330.4549865722656,
    "PDD": 102.36000061035156
}
