{
    "VT": 142.1898956298828,
    "ANET": 131.3800048828125,
    "GOOG": 315.19000244140625,
    "PDD": 112.61740112304688,
    "BRK-B": 495.7300109863281,
    "OXY": 41.494998931884766,
    "GEO": 17.06999969482422
}
