{
    "VT": 142.41000366210938,
    "ANET": 127.34500122070312,
    "GOOG": 323.40240478515625,
    "PDD": 104.57499694824219
}
