{
    "VT": 143.66000366210938,
    "ANET": 128.75999450683594,
    "GOOG": 325.2597961425781,
    "PDD": 102.06999969482422
}
