{
    "VT": 147.91000366210938,
    "ANET": 142.91000366210938,
    "GOOG": 318.7099914550781,
    "PDD": 105.94000244140625
}
