{
    "VT": 146.77499389648438,
    "ANET": 145.8800048828125,
    "GOOG": 336.44000244140625,
    "PDD": 104.94999694824219
}
