{
    "VT": 132.1999969482422,
    "ANET": 129.13470458984375,
    "GOOG": 199.28500366210938,
    "PDD": 119.4000015258789,
    "BRK-B": 490.04998779296875,
    "OXY": 44.10649871826172,
    "GEO": 21.295000076293945
}