{
    "VT": 139.35499572753906,
    "ANET": 153.27999877929688,
    "GOOG": 254.9199981689453,
    "PDD": 132.90499877929688,
    "BRK-B": 490.9049987792969,
    "OXY": 42.994998931884766,
    "GEO": 17.09000015258789
}
