{
    "VT": 143.60499572753906,
    "ANET": 123.84040069580078,
    "GOOG": 325.7300109863281,
    "PDD": 121.58999633789062,
    "BRK-B": 500.4739990234375,
    "OXY": 43.29499816894531,
    "GEO": 16.72100067138672
}
