{
    "VT": 133.31350708007812,
    "ANET": 136.7761993408203,
    "GOOG": 203.7100067138672,
    "PDD": 118.94219970703125,
    "BRK-B": 477.5799865722656,
    "OXY": 44.44499969482422,
    "GEO": 20.979999542236328
}