{
    "VT": 139.44500732421875,
    "ANET": 148.5500030517578,
    "GOOG": 245.5850067138672,
    "PDD": 133.4600067138672,
    "BRK-B": 499.510009765625,
    "OXY": 44.790000915527344,
    "GEO": 20.559999465942383
}
