{
    "VT": 144.0,
    "ANET": 122.25,
    "GOOG": 329.375,
    "PDD": 120.29000091552734,
    "BRK-B": 499.1488037109375,
    "OXY": 43.43000030517578,
    "GEO": 17.270000457763672
}
