{
    "VT": 148.80499267578125,
    "ANET": 131.78500366210938,
    "GOOG": 310.5299987792969,
    "PDD": 106.83999633789062
}
