{
    "VT": 143.57000732421875,
    "ANET": 134.27999877929688,
    "GOOG": 313.17999267578125,
    "PDD": 124.76000213623047,
    "BRK-B": 497.860107421875,
    "OXY": 41.810001373291016,
    "GEO": 15.760000228881836
}
