{
    "VT": 145.77999877929688,
    "ANET": 142.66000366210938,
    "GOOG": 306.239990234375,
    "PDD": 100.22000122070312
}
