{
    "VT": 141.17999267578125,
    "ANET": 132.78500366210938,
    "GOOG": 302.6802062988281,
    "PDD": 104.2699966430664
}
