{
    "VT": 144.94500732421875,
    "ANET": 136.97999572753906,
    "GOOG": 341.5050048828125,
    "PDD": 102.98999786376953
}
