{
    "VT": 133.62350463867188,
    "ANET": 134.0399932861328,
    "GOOG": 207.58999633789062,
    "PDD": 123.76499938964844,
    "BRK-B": 488.67999267578125,
    "OXY": 45.77000045776367,
    "GEO": 20.780000686645508
}