{
    "VT": 144.2100067138672,
    "ANET": 133.27499389648438,
    "GOOG": 313.55999755859375,
    "PDD": 123.22000122070312,
    "BRK-B": 500.32501220703125,
    "OXY": 41.7599983215332,
    "GEO": 15.944999694824219
}
