{
    "VT": 143.45799255371094,
    "ANET": 129.5,
    "GOOG": 326.9949951171875,
    "PDD": 104.55000305175781
}
