{
    "VT": 138.47500610351562,
    "ANET": 157.05999755859375,
    "GOOG": 241.41200256347656,
    "PDD": 130.4199981689453,
    "BRK-B": 495.9800109863281,
    "OXY": 44.5,
    "GEO": 18.149999618530273
}
