{
    "VT": 139.60000610351562,
    "ANET": 150.4199981689453,
    "GOOG": 250.2100067138672,
    "PDD": 133.4250030517578,
    "BRK-B": 500.50628662109375,
    "OXY": 45.22999954223633,
    "GEO": 19.145000457763672
}
