{
    "VT": 136.43899536132812,
    "ANET": 155.25999450683594,
    "GOOG": 238.4250030517578,
    "PDD": 126.44999694824219,
    "BRK-B": 494.4649963378906,
    "OXY": 46.20500183105469,
    "GEO": 21.233600616455078
}
