{
    "VT": 136.51499938964844,
    "ANET": 155.2053985595703,
    "GOOG": 238.66000366210938,
    "PDD": 126.29499816894531,
    "BRK-B": 492.2799987792969,
    "OXY": 42.959999084472656,
    "GEO": 17.79960060119629
}
