{
    "VT": 136.50999450683594,
    "ANET": 143.0294952392578,
    "GOOG": 249.13999938964844,
    "PDD": 128.92999267578125,
    "BRK-B": 499.010009765625,
    "OXY": 47.37969970703125,
    "GEO": 21.100000381469727
}
