{
    "VT": 137.59500122070312,
    "ANET": 142.99000549316406,
    "GOOG": 252.9600067138672,
    "PDD": 129.4199981689453,
    "BRK-B": 492.6000061035156,
    "OXY": 40.70500183105469,
    "GEO": 16.8700008392334
}
