{
    "VT": 142.5050048828125,
    "ANET": 137.5500030517578,
    "GOOG": 299.7500915527344,
    "PDD": 102.51000213623047
}
