{
    "VT": 142.80499267578125,
    "ANET": 139.10000610351562,
    "GOOG": 317.1000061035156,
    "PDD": 117.59500122070312,
    "BRK-B": 500.04998779296875,
    "OXY": 42.040000915527344,
    "GEO": 16.089099884033203
}
