{
    "VT": 145.4053955078125,
    "ANET": 133.16000366210938,
    "GOOG": 332.81988525390625,
    "PDD": 107.9845962524414
}
