{
    "VT": 144.16000366210938,
    "ANET": 124.97000122070312,
    "GOOG": 333.5060119628906,
    "PDD": 108.22000122070312
}
