{
    "VT": 138.2449951171875,
    "ANET": 143.19000244140625,
    "GOOG": 244.6199951171875,
    "PDD": 135.75880432128906,
    "BRK-B": 497.2663879394531,
    "OXY": 44.7400016784668,
    "GEO": 20.940000534057617
}
