{
    "VT": 145.7100067138672,
    "ANET": 134.38999938964844,
    "GOOG": 323.0871887207031,
    "PDD": 104.81999969482422
}
