{
    "VT": 140.94000244140625,
    "ANET": 160.77999877929688,
    "GOOG": 285.0400085449219,
    "PDD": 136.3300018310547,
    "BRK-B": 479.79998779296875,
    "OXY": 41.224998474121094,
    "GEO": 16.479999542236328
}
