{
    "VT": 144.89500427246094,
    "ANET": 129.44000244140625,
    "GOOG": 338.7099914550781,
    "PDD": 111.73500061035156,
    "BRK-B": 494.28741455078125,
    "OXY": 43.279998779296875,
    "GEO": 17.149999618530273
}
