{
    "VT": 146.72000122070312,
    "ANET": 136.60000610351562,
    "GOOG": 305.18701171875,
    "PDD": 102.4000015258789
}
