{
    "VT": 142.60499572753906,
    "ANET": 134.07000732421875,
    "GOOG": 305.864990234375,
    "PDD": 105.37000274658203
}
