{
    "VT": 139.52000427246094,
    "ANET": 148.16000366210938,
    "GOOG": 256.7200012207031,
    "PDD": 131.77999877929688,
    "BRK-B": 492.0350036621094,
    "OXY": 41.05500030517578,
    "GEO": 16.93000030517578
}
