{
    "VT": 133.3350067138672,
    "ANET": 136.0,
    "GOOG": 204.00999450683594,
    "PDD": 119.70999908447266,
    "BRK-B": 477.43060302734375,
    "OXY": 44.38999938964844,
    "GEO": 21.334999084472656
}