{
    "VT": 139.69500732421875,
    "ANET": 133.56,
    "GOOG": 300.80999755859375,
    "PDD": 102.30999755859375
}
