{
    "VT": 140.56500244140625,
    "ANET": 132.77999877929688,
    "GOOG": 298.8699951171875,
    "PDD": 100.62000274658203
}
