{
    "VT": 139.44940185546875,
    "ANET": 148.00999450683594,
    "GOOG": 244.5500030517578,
    "PDD": 133.13999938964844,
    "BRK-B": 500.05999755859375,
    "OXY": 44.98500061035156,
    "GEO": 20.5
}
