{
    "VT": 132.58999633789062,
    "ANET": 134.59500122070312,
    "GOOG": 209.52999877929688,
    "PDD": 120.63999938964844,
    "BRK-B": 501.81988525390625,
    "OXY": 47.90340042114258,
    "GEO": 20.6200008392334
}
