{
    "VT": 144.0,
    "ANET": 134.4801025390625,
    "GOOG": 314.3175964355469,
    "PDD": 123.16999816894531,
    "BRK-B": 499.364990234375,
    "OXY": 41.334999084472656,
    "GEO": 15.8100004196167
}
