{
    "VT": 147.8699951171875,
    "ANET": 143.7550048828125,
    "GOOG": 319.8999938964844,
    "PDD": 105.7699966430664
}
