{
    "VT": 147.84500122070312,
    "ANET": 143.80999755859375,
    "GOOG": 319.760009765625,
    "PDD": 105.5999984741211
}
