{
    "VT": 143.22999572753906,
    "ANET": 129.27999877929688,
    "GOOG": 326.30999755859375,
    "PDD": 104.625
}
