{
    "VT": 136.82009887695312,
    "ANET": 124.69000244140625,
    "GOOG": 285.95001220703125,
    "PDD": 120.0999984741211,
    "BRK-B": 502.45001220703125,
    "OXY": 41.76499938964844,
    "GEO": 14.600000381469727
}
