{
    "VT": 146.46499633789062,
    "ANET": 148.02000427246094,
    "GOOG": 335.94000244140625,
    "PDD": 102.05000305175781
}
