{
    "VT": 139.94000244140625,
    "ANET": 131.2899932861328,
    "GOOG": 297.5299987792969,
    "PDD": 100.2249984741211
}
