{
    "VT": 137.80999755859375,
    "ANET": 141.78489685058594,
    "GOOG": 248.860595703125,
    "PDD": 133.74000549316406,
    "BRK-B": 495.07501220703125,
    "OXY": 47.980098724365234,
    "GEO": 22.040000915527344
}
