{
    "VT": 136.58450317382812,
    "ANET": 156.36500549316406,
    "GOOG": 239.0800018310547,
    "PDD": 125.48500061035156,
    "BRK-B": 492.1099853515625,
    "OXY": 42.88999938964844,
    "GEO": 17.881399154663086
}
