{
    "VT": 146.31500244140625,
    "ANET": 140.72000122070312,
    "GOOG": 343.3500061035156,
    "PDD": 103.27999877929688
}
