{
    "VT": 141.18739318847656,
    "ANET": 130.67999267578125,
    "GOOG": 317.0799865722656,
    "PDD": 115.02899932861328,
    "BRK-B": 492.67498779296875,
    "OXY": 41.2765007019043,
    "GEO": 16.709999084472656
}
