{
    "VT": 147.02000427246094,
    "ANET": 130.14999389648438,
    "GOOG": 307.5299987792969,
    "PDD": 102.68499755859375
}
