{
    "VT": 142.19500732421875,
    "ANET": 133.2050018310547,
    "GOOG": 315.3216857910156,
    "PDD": 114.06999969482422,
    "BRK-B": 503.510009765625,
    "OXY": 41.349998474121094,
    "GEO": 16.373699188232422
}
