{
    "VT": 140.98,
    "ANET": 132.10000610351562,
    "GOOG": 301.9200134277344,
    "PDD": 104.4800033569336
}
