{
    "VT": 141.25,
    "ANET": 126.7300033569336,
    "GOOG": 307.50439453125,
    "PDD": 111.19999694824219,
    "BRK-B": 502.375,
    "OXY": 39.919898986816406,
    "GEO": 16.684999465942383
}
