{
    "VT": 141.27999877929688,
    "ANET": 126.38999938964844,
    "GOOG": 307.6300048828125,
    "PDD": 111.52999877929688,
    "BRK-B": 502.0249938964844,
    "OXY": 39.970001220703125,
    "GEO": 16.829999923706055
}
