{
    "VT": 144.0500030517578,
    "ANET": 125.26499938964844,
    "GOOG": 332.9599914550781,
    "PDD": 107.75
}
