{
    "VT": 145.2449951171875,
    "ANET": 132.99000549316406,
    "GOOG": 304.69500732421875,
    "PDD": 101.16999816894531
}
