{
    "VT": 137.25999450683594,
    "ANET": 148.85499572753906,
    "GOOG": 254.4199981689453,
    "PDD": 128.88999938964844,
    "BRK-B": 490.29998779296875,
    "OXY": 45.744998931884766,
    "GEO": 21.479999542236328
}
