{
    "VT": 142.28160095214844,
    "ANET": 131.5500030517578,
    "GOOG": 314.75,
    "PDD": 115.56999969482422,
    "BRK-B": 498.43499755859375,
    "OXY": 39.529998779296875,
    "GEO": 16.219999313354492
}
