{
    "VT": 140.26499938964844,
    "ANET": 138.25,
    "GOOG": 287.55999755859375,
    "PDD": 137.33999633789062,
    "BRK-B": 496.760009765625,
    "OXY": 41.040000915527344,
    "GEO": 15.569999694824219
}
