{
    "VT": 140.16000366210938,
    "ANET": 126.37999725341797,
    "GOOG": 304.0,
    "PDD": 111.8949966430664,
    "BRK-B": 502.1600036621094,
    "OXY": 40.1349983215332,
    "GEO": 16.43000030517578
}
