{
    "VT": 135.72459411621094,
    "ANET": 149.79510498046875,
    "GOOG": 240.58999633789062,
    "PDD": 124.19000244140625,
    "BRK-B": 489.489990234375,
    "OXY": 45.834999084472656,
    "GEO": 21.510000228881836
}
