{
    "VT": 139.22999572753906,
    "ANET": 152.59500122070312,
    "GOOG": 255.22000122070312,
    "PDD": 132.39500427246094,
    "BRK-B": 489.25,
    "OXY": 43.14500045776367,
    "GEO": 17.15999984741211
}
