{
    "VT": 139.30990600585938,
    "ANET": 153.1024932861328,
    "GOOG": 254.9499969482422,
    "PDD": 132.55999755859375,
    "BRK-B": 491.1600036621094,
    "OXY": 42.9900016784668,
    "GEO": 17.1200008392334
}
