{
    "VT": 141.9199981689453,
    "ANET": 133.39500427246094,
    "GOOG": 313.6300048828125,
    "PDD": 113.83000183105469,
    "BRK-B": 501.04998779296875,
    "OXY": 40.29499816894531,
    "GEO": 16.31999969482422
}
