{
    "VT": 138.00900268554688,
    "ANET": 145.1699981689453,
    "GOOG": 241.31500244140625,
    "PDD": 133.58999633789062,
    "BRK-B": 498.5,
    "OXY": 47.48059844970703,
    "GEO": 22.46500015258789
}
