{
    "VT": 148.84500122070312,
    "ANET": 133.4199981689453,
    "GOOG": 310.9700012207031,
    "PDD": 106.43000030517578
}
