{
    "VT": 139.58999633789062,
    "ANET": 146.67999267578125,
    "GOOG": 246.7550048828125,
    "PDD": 134.10000610351562,
    "BRK-B": 501.1000061035156,
    "OXY": 44.8650016784668,
    "GEO": 20.520000457763672
}
