{
    "VT": 141.47129821777344,
    "ANET": 125.62999725341797,
    "GOOG": 311.0199890136719,
    "PDD": 111.1500015258789,
    "BRK-B": 496.4200134277344,
    "OXY": 41.1150016784668,
    "GEO": 17.110000610351562
}
