{
    "VT": 144.64999389648438,
    "ANET": 129.7100067138672,
    "GOOG": 337.06500244140625,
    "PDD": 111.51000213623047,
    "BRK-B": 494.8699951171875,
    "OXY": 43.525001525878906,
    "GEO": 17.25
}
