{
    "VT": 141.18499755859375,
    "ANET": 135.61000061035156,
    "GOOG": 289.7650146484375,
    "PDD": 137.57000732421875,
    "BRK-B": 496.6700134277344,
    "OXY": 42.6349983215332,
    "GEO": 14.944499969482422
}
