{
    "VT": 140.02499389648438,
    "ANET": 133.61000061035156,
    "GOOG": 301.8999938964844,
    "PDD": 102.48999786376953
}
