{
    "VT": 133.82000732421875,
    "ANET": 140.61500549316406,
    "GOOG": 233.0500030517578,
    "PDD": 125.05000305175781,
    "BRK-B": 499.2099914550781,
    "OXY": 45.4900016784668,
    "GEO": 20.610000610351562
}
