{
    "VT": 133.61000061035156,
    "ANET": 135.10499572753906,
    "GOOG": 212.16000366210938,
    "PDD": 120.1176986694336,
    "BRK-B": 502.82000732421875,
    "OXY": 47.78559875488281,
    "GEO": 20.420000076293945
}