{
    "VT": 137.7050018310547,
    "ANET": 145.30999755859375,
    "GOOG": 243.35499572753906,
    "PDD": 132.1750030517578,
    "BRK-B": 502.3955078125,
    "OXY": 47.029998779296875,
    "GEO": 20.28499984741211
}
