{
    "VT": 146.64999389648438,
    "ANET": 139.10000610351562,
    "GOOG": 302.3399963378906,
    "PDD": 103.3499984741211
}
