{
    "VT": 139.3800048828125,
    "ANET": 157.6300048828125,
    "GOOG": 245.99000549316406,
    "PDD": 134.39999389648438,
    "BRK-B": 500.6499938964844,
    "OXY": 45.22999954223633,
    "GEO": 18.649999618530273
}
