{
    "VT": 137.2550048828125,
    "ANET": 141.63499450683594,
    "GOOG": 249.22999572753906,
    "PDD": 133.2899932861328,
    "BRK-B": 493.9031066894531,
    "OXY": 47.39500045776367,
    "GEO": 22.110000610351562
}
