{
    "VT": 144.9949951171875,
    "ANET": 129.97999572753906,
    "GOOG": 330.2300109863281,
    "PDD": 106.95999908447266
}
