{
    "VT": 145.13499450683594,
    "ANET": 123.8499984741211,
    "GOOG": 330.864990234375,
    "PDD": 118.61859893798828,
    "BRK-B": 498.05010986328125,
    "OXY": 42.64500045776367,
    "GEO": 17.40999984741211
}
