{
    "VT": 146.60499572753906,
    "ANET": 149.02999877929688,
    "GOOG": 333.6300048828125,
    "PDD": 103.77999877929688
}
