{
    "VT": 140.85000610351562,
    "ANET": 125.22000122070312,
    "GOOG": 304.6700134277344,
    "PDD": 106.42500305175781,
    "BRK-B": 503.7453918457031,
    "OXY": 39.664798736572266,
    "GEO": 16.670000076293945
}
