{
    "VT": 140.4149932861328,
    "ANET": 128.1699981689453,
    "GOOG": 319.19000244140625,
    "PDD": 116.08000183105469,
    "BRK-B": 511.2799987792969,
    "OXY": 41.685001373291016,
    "GEO": 15.720000267028809
}
