{
    "VT": 147.6999969482422,
    "ANET": 141.1999969482422,
    "GOOG": 327.0400085449219,
    "PDD": 106.1449966430664
}
