{
    "VT": 137.6649932861328,
    "ANET": 123.80999755859375,
    "GOOG": 325.739990234375,
    "PDD": 113.80999755859375,
    "BRK-B": 508.2699890136719,
    "OXY": 41.040000915527344,
    "GEO": 15.484299659729004
}
