{
    "VT": 140.55990600585938,
    "ANET": 127.5199966430664,
    "GOOG": 315.30999755859375,
    "PDD": 118.22000122070312,
    "BRK-B": 506.68701171875,
    "OXY": 41.80500030517578,
    "GEO": 16.579999923706055
}
