{
    "VT": 141.38999938964844,
    "ANET": 131.3000030517578,
    "GOOG": 310.7049865722656,
    "PDD": 113.41000366210938,
    "BRK-B": 499.6400146484375,
    "OXY": 40.18989944458008,
    "GEO": 16.479999542236328
}
