{
    "VT": 139.24000549316406,
    "ANET": 154.4250030517578,
    "GOOG": 278.7749938964844,
    "PDD": 133.6300048828125,
    "BRK-B": 486.44000244140625,
    "OXY": 40.25579833984375,
    "GEO": 16.329999923706055
}
