{
    "VT": 133.80499267578125,
    "ANET": 134.02499389648438,
    "GOOG": 208.91000366210938,
    "PDD": 121.15499877929688,
    "BRK-B": 494.1661071777344,
    "OXY": 46.595001220703125,
    "GEO": 20.8799991607666
}