{
    "VT": 136.44000244140625,
    "ANET": 123.79000091552734,
    "GOOG": 294.0574951171875,
    "PDD": 117.80999755859375,
    "BRK-B": 499.4100036621094,
    "OXY": 41.404998779296875,
    "GEO": 14.704999923706055
}
