{
    "VT": 137.39999389648438,
    "ANET": 143.1300048828125,
    "GOOG": 250.3000030517578,
    "PDD": 132.189697265625,
    "BRK-B": 493.7699890136719,
    "OXY": 46.989898681640625,
    "GEO": 21.450000762939453
}
