{
    "VT": 141.6280059814453,
    "ANET": 130.88999938964844,
    "GOOG": 314.87298583984375,
    "PDD": 111.6500015258789,
    "BRK-B": 500.5249938964844,
    "OXY": 39.91999816894531,
    "GEO": 16.40999984741211
}
