{
    "VT": 143.94000244140625,
    "ANET": 129.3800048828125,
    "GOOG": 302.4800109863281,
    "PDD": 101.69999694824219
}
