{
    "VT": 137.96499633789062,
    "ANET": 145.26499938964844,
    "GOOG": 253.8350067138672,
    "PDD": 130.3800048828125,
    "BRK-B": 495.78228759765625,
    "OXY": 46.78499984741211,
    "GEO": 21.809999465942383
}
