{
    "VT": 137.2550048828125,
    "ANET": 143.82000732421875,
    "GOOG": 241.80999755859375,
    "PDD": 131.55499267578125,
    "BRK-B": 501.31500244140625,
    "OXY": 46.78499984741211,
    "GEO": 20.625
}
