{
    "VT": 137.13499450683594,
    "ANET": 142.97500610351562,
    "GOOG": 251.88999938964844,
    "PDD": 126.87999725341797,
    "BRK-B": 491.6300048828125,
    "OXY": 45.54999923706055,
    "GEO": 21.96500015258789
}
