{
    "VT": 135.8699951171875,
    "ANET": 153.98080444335938,
    "GOOG": 237.97999572753906,
    "PDD": 123.55000305175781,
    "BRK-B": 491.7013854980469,
    "OXY": 42.709999084472656,
    "GEO": 17.799999237060547
}
