{
    "VT": 144.6999969482422,
    "ANET": 123.59750366210938,
    "GOOG": 330.385009765625,
    "PDD": 120.23899841308594,
    "BRK-B": 499.0000915527344,
    "OXY": 42.806800842285156,
    "GEO": 17.440000534057617
}
