{
    "VT": 141.8800048828125,
    "ANET": 132.51690673828125,
    "GOOG": 313.631103515625,
    "PDD": 114.13999938964844,
    "BRK-B": 499.9700012207031,
    "OXY": 40.17499923706055,
    "GEO": 16.260000228881836
}
