{
    "VT": 146.93499755859375,
    "ANET": 139.5800018310547,
    "GOOG": 303.3900146484375,
    "PDD": 103.33999633789062
}
