{
    "VT": 134.14999389648438,
    "ANET": 132.47000122070312,
    "GOOG": 208.8553009033203,
    "PDD": 130.0399932861328,
    "BRK-B": 483.4599914550781,
    "OXY": 45.900001525878906,
    "GEO": 21.610000610351562
}