{
    "VT": 146.10000610351562,
    "ANET": 142.67999267578125,
    "GOOG": 303.07000732421875,
    "PDD": 101.91999816894531
}
