{
    "VT": 143.49000549316406,
    "ANET": 123.37000274658203,
    "GOOG": 326.2200012207031,
    "PDD": 121.5250015258789,
    "BRK-B": 501.0899963378906,
    "OXY": 43.125,
    "GEO": 16.600000381469727
}
