{
    "VT": 140.76499938964844,
    "ANET": 132.83999633789062,
    "GOOG": 279.6449890136719,
    "PDD": 136.3699951171875,
    "BRK-B": 507.6600036621094,
    "OXY": 42.1349983215332,
    "GEO": 14.675000190734863
}
