{
    "VT": 141.3350067138672,
    "ANET": 134.80999755859375,
    "GOOG": 286.54730224609375,
    "PDD": 135.90499877929688,
    "BRK-B": 503.489990234375,
    "OXY": 41.849998474121094,
    "GEO": 15.0
}
