{
    "VT": 142.0487060546875,
    "ANET": 159.3800048828125,
    "GOOG": 271.5003967285156,
    "PDD": 137.25,
    "BRK-B": 476.20001220703125,
    "OXY": 40.95000076293945,
    "GEO": 17.350000381469727
}
