{
    "VT": 135.3699951171875,
    "ANET": 123.07150268554688,
    "GOOG": 292.6199951171875,
    "PDD": 114.58000183105469,
    "BRK-B": 503.30499267578125,
    "OXY": 41.43000030517578,
    "GEO": 15.0
}
