{
    "VT": 137.75999450683594,
    "ANET": 140.69500732421875,
    "GOOG": 247.14999389648438,
    "PDD": 127.54000091552734,
    "BRK-B": 496.70001220703125,
    "OXY": 42.45000076293945,
    "GEO": 17.354999542236328
}
