{
    "VT": 142.4499969482422,
    "ANET": 131.0,
    "GOOG": 314.9599914550781,
    "PDD": 114.33000183105469,
    "BRK-B": 501.2099914550781,
    "OXY": 40.060001373291016,
    "GEO": 16.579999923706055
}
