{
    "VT": 137.25999450683594,
    "ANET": 143.91000366210938,
    "GOOG": 242.2949981689453,
    "PDD": 131.3699951171875,
    "BRK-B": 501.54998779296875,
    "OXY": 46.61000061035156,
    "GEO": 20.53499984741211
}
