{
    "VT": 147.64010620117188,
    "ANET": 132.7449951171875,
    "GOOG": 306.9649963378906,
    "PDD": 103.75
}
