{
    "VT": 139.1649932861328,
    "ANET": 146.23980712890625,
    "GOOG": 252.25250244140625,
    "PDD": 131.17999267578125,
    "BRK-B": 492.75,
    "OXY": 40.79499816894531,
    "GEO": 17.4950008392334
}
