{
    "VT": 137.5800018310547,
    "ANET": 142.83999633789062,
    "GOOG": 248.7100067138672,
    "PDD": 128.16000366210938,
    "BRK-B": 492.05499267578125,
    "OXY": 41.849998474121094,
    "GEO": 17.290000915527344
}
