{
    "VT": 143.39500427246094,
    "ANET": 136.86500549316406,
    "GOOG": 317.1770935058594,
    "PDD": 118.54000091552734,
    "BRK-B": 500.5199890136719,
    "OXY": 41.41999816894531,
    "GEO": 16.604999542236328
}
