{
    "VT": 138.6750030517578,
    "ANET": 142.10499572753906,
    "GOOG": 246.83999633789062,
    "PDD": 136.11000061035156,
    "BRK-B": 497.45001220703125,
    "OXY": 45.67470169067383,
    "GEO": 21.139999389648438
}
