{
    "VT": 145.1649932861328,
    "ANET": 133.02000427246094,
    "GOOG": 303.5299987792969,
    "PDD": 101.31999969482422
}
