{
    "VT": 141.11000061035156,
    "ANET": 128.05999755859375,
    "GOOG": 321.8699951171875,
    "PDD": 118.2699966430664,
    "BRK-B": 507.29998779296875,
    "OXY": 42.76499938964844,
    "GEO": 17.010000228881836
}
