{
    "VT": 147.3350067138672,
    "ANET": 131.125,
    "GOOG": 306.2699890136719,
    "PDD": 103.91999816894531
}
