{
    "VT": 142.54620361328125,
    "ANET": 131.0,
    "GOOG": 314.260009765625,
    "PDD": 115.66000366210938,
    "BRK-B": 500.3299865722656,
    "OXY": 39.8650016784668,
    "GEO": 16.389999389648438
}
