{
    "VT": 144.16990661621094,
    "ANET": 126.73999786376953,
    "GOOG": 328.6199951171875,
    "PDD": 105.53500366210938
}
