{
    "VT": 144.35499572753906,
    "ANET": 123.31999969482422,
    "GOOG": 329.9800109863281,
    "PDD": 119.5999984741211,
    "BRK-B": 497.7749938964844,
    "OXY": 43.14459991455078,
    "GEO": 17.3799991607666
}
