{
    "VT": 133.4600067138672,
    "ANET": 134.57000732421875,
    "GOOG": 201.66000366210938,
    "PDD": 119.72000122070312,
    "BRK-B": 485.5450134277344,
    "OXY": 44.432899475097656,
    "GEO": 21.584999084472656
}