{
    "VT": 141.74000549316406,
    "ANET": 133.69000244140625,
    "GOOG": 311.70001220703125,
    "PDD": 116.30000305175781,
    "BRK-B": 496.7950134277344,
    "OXY": 41.820098876953125,
    "GEO": 15.885000228881836
}
