{
    "VT": 140.5449981689453,
    "ANET": 161.0399932861328,
    "GOOG": 283.0,
    "PDD": 135.6199951171875,
    "BRK-B": 479.010009765625,
    "OXY": 40.18000030517578,
    "GEO": 16.493200302124023
}
