{
    "VT": 138.1199951171875,
    "ANET": 142.97000122070312,
    "GOOG": 254.27999877929688,
    "PDD": 129.64500427246094,
    "BRK-B": 493.2055969238281,
    "OXY": 40.85499954223633,
    "GEO": 16.899999618530273
}
