{
    "VT": 137.2899932861328,
    "ANET": 145.4499053955078,
    "GOOG": 251.77000427246094,
    "PDD": 126.76000213623047,
    "BRK-B": 487.4700012207031,
    "OXY": 40.564998626708984,
    "GEO": 16.670000076293945
}
