{
    "VT": 134.94000244140625,
    "ANET": 140.33999633789062,
    "GOOG": 234.39999389648438,
    "PDD": 125.3499984741211,
    "BRK-B": 493.9800109863281,
    "OXY": 45.23500061035156,
    "GEO": 20.5
}
