{
    "VT": 144.4250030517578,
    "ANET": 140.5500030517578,
    "GOOG": 308.44000244140625,
    "PDD": 105.94999694824219
}
