{
    "VT": 140.57000732421875,
    "ANET": 132.375,
    "GOOG": 305.6159973144531,
    "PDD": 110.18499755859375,
    "BRK-B": 499.5450134277344,
    "OXY": 39.744998931884766,
    "GEO": 16.114999771118164
}
