{
    "VT": 144.60499572753906,
    "ANET": 123.30000305175781,
    "GOOG": 330.7250061035156,
    "PDD": 120.37000274658203,
    "BRK-B": 497.577392578125,
    "OXY": 43.08000183105469,
    "GEO": 17.600000381469727
}
