{
    "VT": 137.2899932861328,
    "ANET": 150.69729614257812,
    "GOOG": 243.07000732421875,
    "PDD": 128.27999877929688,
    "BRK-B": 492.2970886230469,
    "OXY": 42.32500076293945,
    "GEO": 17.450000762939453
}
