{
    "VT": 140.66000366210938,
    "ANET": 127.08000183105469,
    "GOOG": 320.6512145996094,
    "PDD": 118.2300033569336,
    "BRK-B": 505.7449951171875,
    "OXY": 42.744998931884766,
    "GEO": 17.125
}
