{
    "VT": 138.77000427246094,
    "ANET": 144.5699005126953,
    "GOOG": 247.33999633789062,
    "PDD": 133.06500244140625,
    "BRK-B": 501.135009765625,
    "OXY": 45.189998626708984,
    "GEO": 18.97760009765625
}
