{
    "VT": 140.92999267578125,
    "ANET": 134.11000061035156,
    "GOOG": 308.260009765625,
    "PDD": 102.81999969482422
}
