{
    "VT": 146.64999389648438,
    "ANET": 142.9499969482422,
    "GOOG": 308.0,
    "PDD": 100.5999984741211
}
