{
    "VT": 133.78500366210938,
    "ANET": 140.99000549316406,
    "GOOG": 229.80999755859375,
    "PDD": 124.87000274658203,
    "BRK-B": 505.79998779296875,
    "OXY": 46.625,
    "GEO": 21.014999389648438
}
