{
    "VT": 141.22000122070312,
    "ANET": 130.69500732421875,
    "GOOG": 310.2300109863281,
    "PDD": 112.5999984741211,
    "BRK-B": 498.7699890136719,
    "OXY": 40.05500030517578,
    "GEO": 16.565000534057617
}
