{
    "VT": 145.21499633789062,
    "ANET": 136.48500061035156,
    "GOOG": 329.82501220703125,
    "PDD": 106.6990966796875
}
