{
    "VT": 138.66000366210938,
    "ANET": 144.69000244140625,
    "GOOG": 247.6999969482422,
    "PDD": 132.80999755859375,
    "BRK-B": 501.20001220703125,
    "OXY": 45.21500015258789,
    "GEO": 18.915000915527344
}
