{
    "VT": 146.4550018310547,
    "ANET": 136.9550018310547,
    "GOOG": 303.57000732421875,
    "PDD": 101.6050033569336
}
