{
    "VT": 147.69500732421875,
    "ANET": 128.6999969482422,
    "GOOG": 311.19000244140625,
    "PDD": 106.88999938964844
}
