{
    "VT": 142.2949981689453,
    "ANET": 131.3300018310547,
    "GOOG": 315.17498779296875,
    "PDD": 115.55999755859375,
    "BRK-B": 498.25,
    "OXY": 39.63999938964844,
    "GEO": 16.239999771118164
}
