{
    "VT": 137.4199981689453,
    "ANET": 141.25999450683594,
    "GOOG": 252.3000030517578,
    "PDD": 129.6999969482422,
    "BRK-B": 490.9599914550781,
    "OXY": 47.834999084472656,
    "GEO": 22.020000457763672
}
