{
    "VT": 132.60000610351562,
    "ANET": 130.1824951171875,
    "GOOG": 201.11000061035156,
    "PDD": 119.01000213623047,
    "BRK-B": 489.3999938964844,
    "OXY": 44.189998626708984,
    "GEO": 21.649999618530273
}