{
    "VT": 141.52999877929688,
    "ANET": 156.10000610351562,
    "GOOG": 268.7699890136719,
    "PDD": 138.47000122070312,
    "BRK-B": 487.6400146484375,
    "OXY": 42.290000915527344,
    "GEO": 17.014999389648438
}
