{
    "VT": 133.31500244140625,
    "ANET": 136.6199951171875,
    "GOOG": 203.75999450683594,
    "PDD": 119.45999908447266,
    "BRK-B": 477.15008544921875,
    "OXY": 44.51499938964844,
    "GEO": 21.059999465942383
}