{
    "VT": 140.36500549316406,
    "ANET": 153.51390075683594,
    "GOOG": 262.20001220703125,
    "PDD": 134.47999572753906,
    "BRK-B": 490.68499755859375,
    "OXY": 42.999900817871094,
    "GEO": 17.420000076293945
}
