{
    "VT": 143.25999450683594,
    "ANET": 138.76499938964844,
    "GOOG": 299.4200134277344,
    "PDD": 100.56999969482422
}
