{
    "VT": 133.82000732421875,
    "ANET": 133.69500732421875,
    "GOOG": 208.5196075439453,
    "PDD": 121.13999938964844,
    "BRK-B": 494.5199890136719,
    "OXY": 46.80500030517578,
    "GEO": 20.850000381469727
}