{
    "VT": 133.10000610351562,
    "ANET": 136.96499633789062,
    "GOOG": 230.5800018310547,
    "PDD": 123.5999984741211,
    "BRK-B": 499.0169982910156,
    "OXY": 46.625,
    "GEO": 21.040000915527344
}
