{
    "VT": 145.9600067138672,
    "ANET": 143.7100067138672,
    "GOOG": 334.1600036621094,
    "PDD": 106.62999725341797
}
