{
    "VT": 145.22000122070312,
    "ANET": 136.84500122070312,
    "GOOG": 341.8800048828125,
    "PDD": 103.1449966430664
}
