{
    "VT": 147.2899932861328,
    "ANET": 139.67999267578125,
    "GOOG": 311.80999755859375,
    "PDD": 104.25
}
