{
    "VT": 146.5449981689453,
    "ANET": 148.02499389648438,
    "GOOG": 333.8800048828125,
    "PDD": 104.05500030517578
}
