{
    "VT": 144.66000366210938,
    "ANET": 129.68499755859375,
    "GOOG": 330.1405029296875,
    "PDD": 105.55999755859375
}
