{
    "VT": 140.63499450683594,
    "ANET": 131.90499877929688,
    "GOOG": 305.69000244140625,
    "PDD": 110.26000213623047,
    "BRK-B": 499.510009765625,
    "OXY": 39.6349983215332,
    "GEO": 16.0
}
