{
    "VT": 140.9799041748047,
    "ANET": 129.95379638671875,
    "GOOG": 313.44989013671875,
    "PDD": 117.1500015258789,
    "BRK-B": 496.1400146484375,
    "OXY": 41.375,
    "GEO": 16.791000366210938
}
