{
    "VT": 139.47000122070312,
    "ANET": 151.2100067138672,
    "GOOG": 246.52000427246094,
    "PDD": 133.9550018310547,
    "BRK-B": 503.67010498046875,
    "OXY": 45.595001220703125,
    "GEO": 20.020000457763672
}
