{
    "VT": 140.85499572753906,
    "ANET": 157.6199951171875,
    "GOOG": 282.6600036621094,
    "PDD": 135.0,
    "BRK-B": 477.8299865722656,
    "OXY": 40.8754997253418,
    "GEO": 16.809999465942383
}
