{
    "VT": 140.47999572753906,
    "ANET": 127.75499725341797,
    "GOOG": 319.4150085449219,
    "PDD": 116.19000244140625,
    "BRK-B": 511.79998779296875,
    "OXY": 41.709999084472656,
    "GEO": 15.670000076293945
}
