{
    "VT": 144.94000244140625,
    "ANET": 132.3699951171875,
    "GOOG": 303.80499267578125,
    "PDD": 101.05999755859375
}
