{
    "VT": 138.45509338378906,
    "ANET": 143.0814971923828,
    "GOOG": 244.61000061035156,
    "PDD": 136.08999633789062,
    "BRK-B": 494.71728515625,
    "OXY": 44.335601806640625,
    "GEO": 20.725000381469727
}
