{
    "VT": 133.58999633789062,
    "ANET": 134.1300048828125,
    "GOOG": 207.22999572753906,
    "PDD": 127.9000015258789,
    "BRK-B": 486.05499267578125,
    "OXY": 46.025001525878906,
    "GEO": 20.760000228881836
}