{
    "VT": 146.42999267578125,
    "ANET": 128.65199279785156,
    "GOOG": 304.8299865722656,
    "PDD": 102.55999755859375
}
