{
    "VT": 139.19000244140625,
    "ANET": 149.17999267578125,
    "GOOG": 249.32940673828125,
    "PDD": 133.8800048828125,
    "BRK-B": 501.3999938964844,
    "OXY": 45.150001525878906,
    "GEO": 19.135000228881836
}
