{
    "VT": 142.61500549316406,
    "ANET": 135.89500427246094,
    "GOOG": 298.56500244140625,
    "PDD": 100.29499816894531
}
