{
    "VT": 141.3000030517578,
    "ANET": 131.27999877929688,
    "GOOG": 314.1600036621094,
    "PDD": 113.2300033569336,
    "BRK-B": 504.845703125,
    "OXY": 41.125,
    "GEO": 16.084999084472656
}
