{
    "VT": 144.11000061035156,
    "ANET": 130.77029418945312,
    "GOOG": 320.06781005859375,
    "PDD": 121.11000061035156,
    "BRK-B": 497.802001953125,
    "OXY": 41.28120040893555,
    "GEO": 16.059999465942383
}
