{
    "VT": 141.26499938964844,
    "ANET": 132.1300048828125,
    "GOOG": 308.9800109863281,
    "PDD": 112.1500015258789,
    "BRK-B": 499.20001220703125,
    "OXY": 40.1349983215332,
    "GEO": 16.510000228881836
}
