{
    "VT": 140.55999755859375,
    "ANET": 125.84500122070312,
    "GOOG": 306.010009765625,
    "PDD": 108.5999984741211,
    "BRK-B": 500.57501220703125,
    "OXY": 39.09510040283203,
    "GEO": 16.700000762939453
}
