{
    "VT": 142.22000122070312,
    "ANET": 131.77999877929688,
    "GOOG": 316.17999267578125,
    "PDD": 113.11000061035156,
    "BRK-B": 494.8500061035156,
    "OXY": 41.45240020751953,
    "GEO": 17.0049991607666
}
