{
    "VT": 143.11000061035156,
    "ANET": 128.89999389648438,
    "GOOG": 324.95001220703125,
    "PDD": 104.71530151367188
}
