{
    "VT": 144.77499389648438,
    "ANET": 127.44499969482422,
    "GOOG": 338.4150085449219,
    "PDD": 111.63999938964844,
    "BRK-B": 494.8800048828125,
    "OXY": 43.72999954223633,
    "GEO": 17.209999084472656
}
