{
    "VT": 139.8800048828125,
    "ANET": 136.10499572753906,
    "GOOG": 305.8699951171875,
    "PDD": 97.55000305175781
}
