{
    "VT": 141.35000610351562,
    "ANET": 126.44999694824219,
    "GOOG": 309.29998779296875,
    "PDD": 110.83000183105469,
    "BRK-B": 504.79998779296875,
    "OXY": 40.029300689697266,
    "GEO": 16.6200008392334
}
