{
    "VT": 136.58999633789062,
    "ANET": 142.27499389648438,
    "GOOG": 240.77000427246094,
    "PDD": 124.92500305175781,
    "BRK-B": 494.8299865722656,
    "OXY": 46.1349983215332,
    "GEO": 22.152999877929688
}
