{
    "VT": 139.08009338378906,
    "ANET": 129.11000061035156,
    "GOOG": 289.7099914550781,
    "PDD": 131.2899932861328,
    "BRK-B": 507.18359375,
    "OXY": 42.590301513671875,
    "GEO": 14.925000190734863
}
