{
    "VT": 137.3350067138672,
    "ANET": 147.77999877929688,
    "GOOG": 253.2100067138672,
    "PDD": 130.5,
    "BRK-B": 489.99859619140625,
    "OXY": 46.428199768066406,
    "GEO": 22.049999237060547
}
