{
    "VT": 145.89999389648438,
    "ANET": 138.50999450683594,
    "GOOG": 344.7900085449219,
    "PDD": 103.94000244140625
}
