{
    "VT": 141.62989807128906,
    "ANET": 135.64999389648438,
    "GOOG": 289.2900085449219,
    "PDD": 137.54010009765625,
    "BRK-B": 501.2900085449219,
    "OXY": 41.529998779296875,
    "GEO": 14.954999923706055
}
