{
    "VT": 146.38999938964844,
    "ANET": 140.08999633789062,
    "GOOG": 307.0,
    "PDD": 100.40499877929688
}
