{
    "VT": 138.97970581054688,
    "ANET": 136.86000061035156,
    "GOOG": 287.08209228515625,
    "PDD": 137.82000732421875,
    "BRK-B": 492.3699951171875,
    "OXY": 40.14500045776367,
    "GEO": 15.010000228881836
}
