{
    "VT": 137.22500610351562,
    "ANET": 141.66000366210938,
    "GOOG": 248.47000122070312,
    "PDD": 132.85000610351562,
    "BRK-B": 494.4849853515625,
    "OXY": 47.66999816894531,
    "GEO": 22.0
}
