{
    "VT": 133.86289978027344,
    "ANET": 133.76300048828125,
    "GOOG": 209.38999938964844,
    "PDD": 127.0,
    "BRK-B": 484.4021911621094,
    "OXY": 46.27000045776367,
    "GEO": 21.350000381469727
}