{
    "VT": 138.62989807128906,
    "ANET": 132.88499450683594,
    "GOOG": 276.3699951171875,
    "PDD": 131.11000061035156,
    "BRK-B": 508.70001220703125,
    "OXY": 42.209999084472656,
    "GEO": 14.875
}
