{
    "VT": 148.2100067138672,
    "ANET": 141.08999633789062,
    "GOOG": 311.9599914550781,
    "PDD": 104.38500213623047
}
