{
    "VT": 147.52000427246094,
    "ANET": 139.39500427246094,
    "GOOG": 304.67608642578125,
    "PDD": 103.30500030517578
}
