{
    "VT": 141.22500610351562,
    "ANET": 132.4600067138672,
    "GOOG": 313.07000732421875,
    "PDD": 117.12000274658203,
    "BRK-B": 495.635009765625,
    "OXY": 41.47999954223633,
    "GEO": 16.989999771118164
}
