{
    "VT": 140.43850708007812,
    "ANET": 154.3249969482422,
    "GOOG": 261.9750061035156,
    "PDD": 133.9550018310547,
    "BRK-B": 491.0849914550781,
    "OXY": 42.67470169067383,
    "GEO": 17.239999771118164
}
