{
    "VT": 141.875,
    "ANET": 133.8800048828125,
    "GOOG": 298.1499938964844,
    "PDD": 101.8499984741211
}
