{
    "VT": 136.029296875,
    "ANET": 142.82000732421875,
    "GOOG": 246.38999938964844,
    "PDD": 130.7550048828125,
    "BRK-B": 495.7200012207031,
    "OXY": 46.834999084472656,
    "GEO": 21.110000610351562
}
