{
    "VT": 142.03439331054688,
    "ANET": 160.6649932861328,
    "GOOG": 273.4700012207031,
    "PDD": 137.97500610351562,
    "BRK-B": 476.20001220703125,
    "OXY": 40.92499923706055,
    "GEO": 16.905000686645508
}
