{
    "VT": 131.99769592285156,
    "ANET": 134.35000610351562,
    "GOOG": 207.49000549316406,
    "PDD": 121.25,
    "BRK-B": 500.5050048828125,
    "OXY": 47.584999084472656,
    "GEO": 20.440000534057617
}
