{
    "VT": 136.64419555664062,
    "ANET": 140.63999938964844,
    "GOOG": 241.37449645996094,
    "PDD": 125.58999633789062,
    "BRK-B": 494.260009765625,
    "OXY": 45.69499969482422,
    "GEO": 21.910999298095703
}
