{
    "VT": 138.01499938964844,
    "ANET": 145.89999389648438,
    "GOOG": 253.22500610351562,
    "PDD": 128.63999938964844,
    "BRK-B": 493.2650146484375,
    "OXY": 45.90999984741211,
    "GEO": 21.420000076293945
}
