{
    "VT": 141.52999877929688,
    "ANET": 132.2899932861328,
    "GOOG": 314.4800109863281,
    "PDD": 113.5999984741211,
    "BRK-B": 505.19110107421875,
    "OXY": 41.07550048828125,
    "GEO": 16.15999984741211
}
