{
    "VT": 147.7299041748047,
    "ANET": 129.36000061035156,
    "GOOG": 311.0801086425781,
    "PDD": 106.30999755859375
}
