{
    "VT": 148.31500244140625,
    "ANET": 133.0399932861328,
    "GOOG": 311.8800048828125,
    "PDD": 106.73999786376953
}
