{
    "VT": 139.27999877929688,
    "ANET": 144.85000610351562,
    "GOOG": 243.5399932861328,
    "PDD": 135.41000366210938,
    "BRK-B": 496.510009765625,
    "OXY": 45.255001068115234,
    "GEO": 20.299999237060547
}
