{
    "VT": 139.02499389648438,
    "ANET": 137.02999877929688,
    "GOOG": 284.67999267578125,
    "PDD": 137.44000244140625,
    "BRK-B": 490.42999267578125,
    "OXY": 40.44499969482422,
    "GEO": 14.779999732971191
}
