{
    "VT": 147.5,
    "ANET": 130.99000549316406,
    "GOOG": 306.6199951171875,
    "PDD": 104.0999984741211
}
