{
    "VT": 134.44500732421875,
    "ANET": 135.67250061035156,
    "GOOG": 212.63999938964844,
    "PDD": 121.86000061035156,
    "BRK-B": 499.9898986816406,
    "OXY": 47.095401763916016,
    "GEO": 20.614999771118164
}