{
    "VT": 134.38999938964844,
    "ANET": 135.44000244140625,
    "GOOG": 212.57000732421875,
    "PDD": 121.66000366210938,
    "BRK-B": 499.1199951171875,
    "OXY": 47.064998626708984,
    "GEO": 20.639999389648438
}