{
    "VT": 141.16000366210938,
    "ANET": 127.05000305175781,
    "GOOG": 303.79998779296875,
    "PDD": 106.25,
    "BRK-B": 503.8399963378906,
    "OXY": 39.999900817871094,
    "GEO": 16.959999084472656
}
