{
    "VT": 140.22000122070312,
    "ANET": 136.49000549316406,
    "GOOG": 287.70001220703125,
    "PDD": 137.63499450683594,
    "BRK-B": 498.5950012207031,
    "OXY": 41.37990188598633,
    "GEO": 15.350000381469727
}
