{
    "VT": 147.8845977783203,
    "ANET": 143.60000610351562,
    "GOOG": 319.0050048828125,
    "PDD": 105.75
}
