{
    "VT": 141.08999633789062,
    "ANET": 134.4250030517578,
    "GOOG": 303.9750061035156,
    "PDD": 102.80999755859375
}
