{
    "VT": 140.1199951171875,
    "ANET": 142.30499267578125,
    "GOOG": 283.70001220703125,
    "PDD": 136.41000366210938,
    "BRK-B": 490.610595703125,
    "OXY": 40.07809829711914,
    "GEO": 16.764999389648438
}
