{
    "VT": 133.23719787597656,
    "ANET": 135.9250030517578,
    "GOOG": 204.2100067138672,
    "PDD": 115.27999877929688,
    "BRK-B": 476.9800109863281,
    "OXY": 44.494998931884766,
    "GEO": 21.0049991607666
}