{
    "VT": 143.5050048828125,
    "ANET": 123.6449966430664,
    "GOOG": 326.1000061035156,
    "PDD": 121.11499786376953,
    "BRK-B": 503.6099853515625,
    "OXY": 41.66999816894531,
    "GEO": 16.530000686645508
}
