{
    "VT": 142.05499267578125,
    "ANET": 134.44500732421875,
    "GOOG": 314.6499938964844,
    "PDD": 113.55000305175781,
    "BRK-B": 501.1549987792969,
    "OXY": 40.29499816894531,
    "GEO": 16.3799991607666
}
