{
    "VT": 141.22500610351562,
    "ANET": 132.07000732421875,
    "GOOG": 317.3500061035156,
    "PDD": 114.8499984741211,
    "BRK-B": 493.3299865722656,
    "OXY": 41.44499969482422,
    "GEO": 16.75
}
