{
    "VT": 145.22500610351562,
    "ANET": 138.60000610351562,
    "GOOG": 331.79998779296875,
    "PDD": 106.19999694824219
}
