{
    "VT": 143.99000549316406,
    "ANET": 130.11500549316406,
    "GOOG": 331.4700012207031,
    "PDD": 101.97000122070312
}
