{
    "VT": 145.17999267578125,
    "ANET": 140.3979949951172,
    "GOOG": 332.30999755859375,
    "PDD": 106.86000061035156
}
