{
    "VT": 140.6300048828125,
    "ANET": 126.16999816894531,
    "GOOG": 306.8599853515625,
    "PDD": 108.32990264892578,
    "BRK-B": 501.25,
    "OXY": 38.994998931884766,
    "GEO": 16.540000915527344
}
