{
    "VT": 139.85000610351562,
    "ANET": 155.8800048828125,
    "GOOG": 281.29998779296875,
    "PDD": 133.52130126953125,
    "BRK-B": 480.489990234375,
    "OXY": 40.15999984741211,
    "GEO": 16.5049991607666
}
