{
    "VT": 136.8699951171875,
    "ANET": 120.83999633789062,
    "GOOG": 314.0,
    "PDD": 114.94999694824219,
    "BRK-B": 500.2370910644531,
    "OXY": 40.939998626708984,
    "GEO": 15.145999908447266
}
