{
    "VT": 140.62010192871094,
    "ANET": 131.74000549316406,
    "GOOG": 305.739990234375,
    "PDD": 110.45999908447266,
    "BRK-B": 499.43499755859375,
    "OXY": 39.69499969482422,
    "GEO": 16.1299991607666
}
