{
    "VT": 138.88499450683594,
    "ANET": 145.30250549316406,
    "GOOG": 245.88999938964844,
    "PDD": 133.5749969482422,
    "BRK-B": 501.8599853515625,
    "OXY": 44.8849983215332,
    "GEO": 20.39080047607422
}
