{
    "VT": 133.6407928466797,
    "ANET": 137.10000610351562,
    "GOOG": 205.2899932861328,
    "PDD": 117.76000213623047,
    "BRK-B": 481.20001220703125,
    "OXY": 44.86000061035156,
    "GEO": 20.868799209594727
}