{
    "VT": 136.1199951171875,
    "ANET": 124.05500030517578,
    "GOOG": 281.302001953125,
    "PDD": 121.87000274658203,
    "BRK-B": 503.1449890136719,
    "OXY": 41.415000915527344,
    "GEO": 14.720000267028809
}
