{
    "VT": 140.4499969482422,
    "ANET": 127.30999755859375,
    "GOOG": 317.1300048828125,
    "PDD": 118.01000213623047,
    "BRK-B": 512.385009765625,
    "OXY": 42.584999084472656,
    "GEO": 15.856599807739258
}
