{
    "VT": 141.16000366210938,
    "ANET": 126.56500244140625,
    "GOOG": 303.8599853515625,
    "PDD": 106.23999786376953,
    "BRK-B": 504.57000732421875,
    "OXY": 40.01499938964844,
    "GEO": 16.99839973449707
}
