{
    "VT": 146.75,
    "ANET": 147.5800018310547,
    "GOOG": 306.70001220703125,
    "PDD": 101.06999969482422
}
