{
    "VT": 139.6300048828125,
    "ANET": 142.22000122070312,
    "GOOG": 285.04998779296875,
    "PDD": 135.97500610351562,
    "BRK-B": 490.3599853515625,
    "OXY": 40.31999969482422,
    "GEO": 16.670000076293945
}
