{
    "VT": 140.4801025390625,
    "ANET": 129.38999938964844,
    "GOOG": 306.92999267578125,
    "PDD": 111.2300033569336,
    "BRK-B": 501.6000061035156,
    "OXY": 39.86000061035156,
    "GEO": 16.239999771118164
}
