{
    "VT": 138.7100067138672,
    "ANET": 144.6300048828125,
    "GOOG": 248.17010498046875,
    "PDD": 133.22999572753906,
    "BRK-B": 500.55499267578125,
    "OXY": 44.95000076293945,
    "GEO": 18.969999313354492
}
