{
    "VT": 140.2050018310547,
    "ANET": 127.69000244140625,
    "GOOG": 319.54998779296875,
    "PDD": 116.8499984741211,
    "BRK-B": 510.7300109863281,
    "OXY": 41.814998626708984,
    "GEO": 15.819999694824219
}
