{
    "VT": 142.39500427246094,
    "ANET": 131.4499969482422,
    "GOOG": 314.9552917480469,
    "PDD": 115.12000274658203,
    "BRK-B": 498.1025085449219,
    "OXY": 39.5099983215332,
    "GEO": 16.260000228881836
}
