{
    "VT": 142.52000427246094,
    "ANET": 136.27999877929688,
    "GOOG": 299.32000732421875,
    "PDD": 100.33999633789062
}
