{
    "VT": 132.32350158691406,
    "ANET": 136.01519775390625,
    "GOOG": 210.3699951171875,
    "PDD": 121.1500015258789,
    "BRK-B": 498.6700134277344,
    "OXY": 47.91999816894531,
    "GEO": 20.700000762939453
}
