{
    "VT": 142.1468048095703,
    "ANET": 133.7449951171875,
    "GOOG": 315.55999755859375,
    "PDD": 115.0,
    "BRK-B": 502.7349853515625,
    "OXY": 41.130001068115234,
    "GEO": 16.424999237060547
}
