{
    "VT": 144.75,
    "ANET": 130.07000732421875,
    "GOOG": 330.697509765625,
    "PDD": 101.5999984741211
}
