{
    "VT": 147.5050048828125,
    "ANET": 141.16000366210938,
    "GOOG": 305.2250061035156,
    "PDD": 103.38500213623047
}
