{
    "VT": 146.1649932861328,
    "ANET": 135.6125030517578,
    "GOOG": 325.07000732421875,
    "PDD": 105.43499755859375
}
