{
    "VT": 146.38999938964844,
    "ANET": 136.66000366210938,
    "GOOG": 303.31500244140625,
    "PDD": 101.66000366210938
}
