{
    "VT": 143.30499267578125,
    "ANET": 125.32499694824219,
    "GOOG": 301.75,
    "PDD": 100.0
}
