{
    "VT": 143.5290069580078,
    "ANET": 123.6500015258789,
    "GOOG": 327.79998779296875,
    "PDD": 120.86499786376953,
    "BRK-B": 502.25,
    "OXY": 41.790000915527344,
    "GEO": 16.559999465942383
}
