{
    "VT": 145.22500610351562,
    "ANET": 136.80999755859375,
    "GOOG": 330.1000061035156,
    "PDD": 106.94000244140625
}
