{
    "VT": 140.17990112304688,
    "ANET": 126.91500091552734,
    "GOOG": 316.760009765625,
    "PDD": 117.10199737548828,
    "BRK-B": 512.72998046875,
    "OXY": 42.35499954223633,
    "GEO": 15.84000015258789
}
