{
    "VT": 135.72000122070312,
    "ANET": 138.3300018310547,
    "GOOG": 242.22000122070312,
    "PDD": 126.28500366210938,
    "BRK-B": 491.4197082519531,
    "OXY": 41.86000061035156,
    "GEO": 17.21500015258789
}
