{
    "VT": 141.85000610351562,
    "ANET": 133.32899475097656,
    "GOOG": 313.7799987792969,
    "PDD": 116.47000122070312,
    "BRK-B": 495.8500061035156,
    "OXY": 42.255001068115234,
    "GEO": 15.85990047454834
}
