{
    "VT": 139.9199981689453,
    "ANET": 131.36000061035156,
    "GOOG": 302.2300109863281,
    "PDD": 102.43000030517578
}
