{
    "VT": 137.42999267578125,
    "ANET": 144.06500244140625,
    "GOOG": 241.8000030517578,
    "PDD": 131.5399932861328,
    "BRK-B": 502.1449890136719,
    "OXY": 46.66999816894531,
    "GEO": 20.2450008392334
}
