{
    "VT": 134.14500427246094,
    "ANET": 132.89999389648438,
    "GOOG": 209.85000610351562,
    "PDD": 126.83999633789062,
    "BRK-B": 482.30999755859375,
    "OXY": 45.94499969482422,
    "GEO": 21.510000228881836
}