{
    "VT": 140.85499572753906,
    "ANET": 135.69500732421875,
    "GOOG": 304.5799865722656,
    "PDD": 102.0999984741211
}
