{
    "VT": 141.72500610351562,
    "ANET": 132.35000610351562,
    "GOOG": 315.2200012207031,
    "PDD": 113.66000366210938,
    "BRK-B": 505.760009765625,
    "OXY": 41.14500045776367,
    "GEO": 16.19499969482422
}
