{
    "VT": 140.93499755859375,
    "ANET": 136.66000366210938,
    "GOOG": 307.5450134277344,
    "PDD": 101.2249984741211
}
