{
    "VT": 143.23500061035156,
    "ANET": 138.4257049560547,
    "GOOG": 317.4700012207031,
    "PDD": 117.77999877929688,
    "BRK-B": 500.8900146484375,
    "OXY": 40.45000076293945,
    "GEO": 16.1200008392334
}
