{
    "VT": 146.00999450683594,
    "ANET": 137.80499267578125,
    "GOOG": 344.6000061035156,
    "PDD": 104.55000305175781
}
