{
    "VT": 138.85989379882812,
    "ANET": 156.1999969482422,
    "GOOG": 240.4250030517578,
    "PDD": 131.25010681152344,
    "BRK-B": 498.25,
    "OXY": 44.880001068115234,
    "GEO": 18.260000228881836
}
