{
    "VT": 135.19650268554688,
    "ANET": 141.5399932861328,
    "GOOG": 239.61000061035156,
    "PDD": 126.09500122070312,
    "BRK-B": 493.1449890136719,
    "OXY": 45.6349983215332,
    "GEO": 21.6200008392334
}
