{
    "VT": 134.17010498046875,
    "ANET": 135.2949981689453,
    "GOOG": 212.39999389648438,
    "PDD": 121.62999725341797,
    "BRK-B": 497.81500244140625,
    "OXY": 46.80500030517578,
    "GEO": 20.510000228881836
}