{
    "VT": 137.30499267578125,
    "ANET": 141.53500366210938,
    "GOOG": 252.0,
    "PDD": 129.7449951171875,
    "BRK-B": 490.989990234375,
    "OXY": 47.724998474121094,
    "GEO": 21.93000030517578
}
