{
    "VT": 133.68499755859375,
    "ANET": 133.9250030517578,
    "GOOG": 207.6699981689453,
    "PDD": 123.62999725341797,
    "BRK-B": 487.8349914550781,
    "OXY": 45.845001220703125,
    "GEO": 20.68000030517578
}