{
    "VT": 137.7100067138672,
    "ANET": 140.11000061035156,
    "GOOG": 247.1699981689453,
    "PDD": 127.58999633789062,
    "BRK-B": 495.67498779296875,
    "OXY": 42.474998474121094,
    "GEO": 17.610000610351562
}
