{
    "VT": 145.11500549316406,
    "ANET": 138.05999755859375,
    "GOOG": 330.5150146484375,
    "PDD": 107.12000274658203
}
