{
    "VT": 140.8000030517578,
    "ANET": 130.89999389648438,
    "GOOG": 318.07000732421875,
    "PDD": 116.27999877929688,
    "BRK-B": 516.3900146484375,
    "OXY": 42.22060012817383,
    "GEO": 15.835000038146973
}
