{
    "VT": 137.1199951171875,
    "ANET": 141.98500061035156,
    "GOOG": 249.6490020751953,
    "PDD": 125.79000091552734,
    "BRK-B": 491.7699890136719,
    "OXY": 45.48500061035156,
    "GEO": 21.920000076293945
}
