{
    "VT": 137.94500732421875,
    "ANET": 126.2699966430664,
    "GOOG": 285.1449890136719,
    "PDD": 129.6999969482422,
    "BRK-B": 506.9100036621094,
    "OXY": 42.21900177001953,
    "GEO": 14.729999542236328
}
