{
    "VT": 146.9199981689453,
    "ANET": 127.29000091552734,
    "GOOG": 314.875,
    "PDD": 106.9800033569336
}
