{
    "VT": 135.19500732421875,
    "ANET": 141.00669860839844,
    "GOOG": 238.83999633789062,
    "PDD": 126.41999816894531,
    "BRK-B": 493.3900146484375,
    "OXY": 45.665000915527344,
    "GEO": 21.59000015258789
}
