{
    "VT": 138.22500610351562,
    "ANET": 148.66000366210938,
    "GOOG": 244.36000061035156,
    "PDD": 133.82000732421875,
    "BRK-B": 496.55499267578125,
    "OXY": 47.66999816894531,
    "GEO": 21.899999618530273
}
