{
    "VT": 145.02999877929688,
    "ANET": 130.17999267578125,
    "GOOG": 329.860595703125,
    "PDD": 106.94999694824219
}
