{
    "VT": 141.4550018310547,
    "ANET": 131.24000549316406,
    "GOOG": 319.9100036621094,
    "PDD": 118.09639739990234,
    "BRK-B": 498.864990234375,
    "OXY": 41.85499954223633,
    "GEO": 17.155000686645508
}
