{
    "VT": 134.95249938964844,
    "ANET": 142.26499938964844,
    "GOOG": 234.4698944091797,
    "PDD": 124.87000274658203,
    "BRK-B": 496.30999755859375,
    "OXY": 45.04999923706055,
    "GEO": 20.610000610351562
}
