{
    "VT": 147.88999938964844,
    "ANET": 140.25999450683594,
    "GOOG": 311.810791015625,
    "PDD": 103.75
}
