{
    "VT": 141.5762939453125,
    "ANET": 134.13999938964844,
    "GOOG": 312.19000244140625,
    "PDD": 116.08999633789062,
    "BRK-B": 500.3699951171875,
    "OXY": 41.885101318359375,
    "GEO": 15.850000381469727
}
