{
    "VT": 141.52999877929688,
    "ANET": 132.1699981689453,
    "GOOG": 314.2200012207031,
    "PDD": 113.3499984741211,
    "BRK-B": 505.3800048828125,
    "OXY": 41.03499984741211,
    "GEO": 16.209999084472656
}
