{
    "VT": 139.02999877929688,
    "ANET": 153.9199981689453,
    "GOOG": 277.79998779296875,
    "PDD": 133.49000549316406,
    "BRK-B": 486.8999938964844,
    "OXY": 40.13999938964844,
    "GEO": 16.360000610351562
}
