{
    "VT": 138.58999633789062,
    "ANET": 143.02000427246094,
    "GOOG": 253.80999755859375,
    "PDD": 129.07000732421875,
    "BRK-B": 492.42999267578125,
    "OXY": 41.529998779296875,
    "GEO": 17.239999771118164
}
