{
    "VT": 148.80499267578125,
    "ANET": 132.5500030517578,
    "GOOG": 310.44000244140625,
    "PDD": 106.69499969482422
}
