{
    "VT": 137.9949951171875,
    "ANET": 144.33999633789062,
    "GOOG": 250.39999389648438,
    "PDD": 128.3300018310547,
    "BRK-B": 494.2149963378906,
    "OXY": 41.964500427246094,
    "GEO": 17.190000534057617
}
