{
    "VT": 133.34500122070312,
    "ANET": 136.4499969482422,
    "GOOG": 204.06500244140625,
    "PDD": 114.7249984741211,
    "BRK-B": 478.760009765625,
    "OXY": 44.69499969482422,
    "GEO": 21.014999389648438
}