{
    "VT": 147.73500061035156,
    "ANET": 143.597900390625,
    "GOOG": 318.635009765625,
    "PDD": 105.62999725341797
}
