{
    "VT": 143.36500549316406,
    "ANET": 137.3699951171875,
    "GOOG": 316.6099853515625,
    "PDD": 119.51000213623047,
    "BRK-B": 498.7699890136719,
    "OXY": 41.314998626708984,
    "GEO": 16.635000228881836
}
