{
    "VT": 140.8699951171875,
    "ANET": 131.91000366210938,
    "GOOG": 317.82000732421875,
    "PDD": 113.9800033569336,
    "BRK-B": 495.2699890136719,
    "OXY": 41.34000015258789,
    "GEO": 16.640300750732422
}
