{
    "VT": 142.52499389648438,
    "ANET": 136.47000122070312,
    "GOOG": 298.67999267578125,
    "PDD": 102.23999786376953
}
