{
    "VT": 143.63999938964844,
    "ANET": 123.94,
    "GOOG": 326.0,
    "PDD": 121.6,
    "BRK-B": 499.77,
    "OXY": 43.23,
    "GEO": 16.7450008392334
}
