{
    "VT": 136.264404296875,
    "ANET": 155.8249969482422,
    "GOOG": 239.66000366210938,
    "PDD": 124.09089660644531,
    "BRK-B": 492.0899963378906,
    "OXY": 42.743499755859375,
    "GEO": 17.8799991607666
}
