{
    "VT": 137.31500244140625,
    "ANET": 144.7899932861328,
    "GOOG": 250.14999389648438,
    "PDD": 128.35499572753906,
    "BRK-B": 490.44000244140625,
    "OXY": 45.3849983215332,
    "GEO": 22.040000915527344
}
