{
    "VT": 138.01499938964844,
    "ANET": 146.42999267578125,
    "GOOG": 250.5500030517578,
    "PDD": 132.8699951171875,
    "BRK-B": 490.75,
    "OXY": 47.165000915527344,
    "GEO": 21.93000030517578
}
