{
    "VT": 147.10000610351562,
    "ANET": 140.45989990234375,
    "GOOG": 304.1600036621094,
    "PDD": 103.45999908447266
}
