{
    "VT": 138.39999389648438,
    "ANET": 142.85000610351562,
    "GOOG": 247.97000122070312,
    "PDD": 127.11000061035156,
    "BRK-B": 494.7699890136719,
    "OXY": 42.290000915527344,
    "GEO": 17.450000762939453
}
