{
    "VT": 142.07000732421875,
    "ANET": 138.1300048828125,
    "GOOG": 299.4700012207031,
    "PDD": 102.4800033569336
}
