{
    "VT": 146.30499267578125,
    "ANET": 148.5749969482422,
    "GOOG": 336.989990234375,
    "PDD": 102.19000244140625
}
