{
    "VT": 148.33999633789062,
    "ANET": 129.4550018310547,
    "GOOG": 307.3699951171875,
    "PDD": 105.29499816894531
}
