{
    "VT": 143.88999938964844,
    "ANET": 124.50499725341797,
    "GOOG": 333.79998779296875,
    "PDD": 108.05999755859375
}
