{
    "VT": 140.69000244140625,
    "ANET": 160.3300018310547,
    "GOOG": 284.18499755859375,
    "PDD": 136.0399932861328,
    "BRK-B": 480.32501220703125,
    "OXY": 41.0536003112793,
    "GEO": 16.540000915527344
}
