{
    "VT": 138.80499267578125,
    "ANET": 125.0999984741211,
    "GOOG": 322.2099914550781,
    "PDD": 114.11499786376953,
    "BRK-B": 507.4100036621094,
    "OXY": 41.400001525878906,
    "GEO": 15.6850004196167
}
