{
    "VT": 144.69000244140625,
    "ANET": 126.79000091552734,
    "GOOG": 335.29998779296875,
    "PDD": 111.8550033569336,
    "BRK-B": 495.8599853515625,
    "OXY": 43.810001373291016,
    "GEO": 17.264999389648438
}
