{
    "VT": 141.9550018310547,
    "ANET": 134.2899932861328,
    "GOOG": 314.1099853515625,
    "PDD": 113.5,
    "BRK-B": 500.875,
    "OXY": 40.34000015258789,
    "GEO": 16.350000381469727
}
