{
    "VT": 140.77999877929688,
    "ANET": 134.9199981689453,
    "GOOG": 289.8599853515625,
    "PDD": 137.66000366210938,
    "BRK-B": 497.1400146484375,
    "OXY": 42.880001068115234,
    "GEO": 14.989999771118164
}
