{
    "VT": 137.31500244140625,
    "ANET": 147.11000061035156,
    "GOOG": 253.47999572753906,
    "PDD": 130.3000030517578,
    "BRK-B": 489.6199951171875,
    "OXY": 46.56999969482422,
    "GEO": 22.09000015258789
}
