{
    "VT": 132.2449951171875,
    "ANET": 131.9600067138672,
    "GOOG": 200.84860229492188,
    "PDD": 122.98999786376953,
    "BRK-B": 487.8550109863281,
    "OXY": 44.625,
    "GEO": 21.260000228881836
}