{
    "VT": 141.4250030517578,
    "ANET": 127.87000274658203,
    "GOOG": 321.0299987792969,
    "PDD": 117.61009979248047,
    "BRK-B": 503.19000244140625,
    "OXY": 42.845001220703125,
    "GEO": 17.110000610351562
}
