{
    "VT": 147.49070739746094,
    "ANET": 141.08999633789062,
    "GOOG": 304.1300048828125,
    "PDD": 103.62000274658203
}
