{
    "VT": 133.47999572753906,
    "ANET": 133.9149932861328,
    "GOOG": 207.25,
    "PDD": 125.68000030517578,
    "BRK-B": 487.71710205078125,
    "OXY": 45.6150016784668,
    "GEO": 20.604999542236328
}