{
    "VT": 140.47500610351562,
    "ANET": 128.4600067138672,
    "GOOG": 307.25,
    "PDD": 111.0,
    "BRK-B": 501.9599914550781,
    "OXY": 39.92499923706055,
    "GEO": 16.270000457763672
}
