{
    "VT": 142.55499267578125,
    "ANET": 138.9149932861328,
    "GOOG": 308.25,
    "PDD": 102.7750015258789
}
