{
    "VT": 143.55999755859375,
    "ANET": 139.0500030517578,
    "GOOG": 306.82000732421875,
    "PDD": 103.55000305175781
}
