{
    "VT": 138.7899932861328,
    "ANET": 144.64010620117188,
    "GOOG": 245.6649932861328,
    "PDD": 135.6999969482422,
    "BRK-B": 497.05999755859375,
    "OXY": 44.3650016784668,
    "GEO": 20.139999389648438
}
