{
    "VT": 140.83999633789062,
    "ANET": 136.22999572753906,
    "GOOG": 303.8699951171875,
    "PDD": 101.62999725341797
}
