{
    "VT": 147.5399932861328,
    "ANET": 136.38999938964844,
    "GOOG": 313.9200134277344,
    "PDD": 105.18000030517578
}
