{
    "VT": 146.17999267578125,
    "ANET": 146.08999633789062,
    "GOOG": 335.9599914550781,
    "PDD": 102.1500015258789
}
