{
    "VT": 146.4499969482422,
    "ANET": 138.06500244140625,
    "GOOG": 303.7900085449219,
    "PDD": 102.19999694824219
}
