{
    "VT": 137.42999267578125,
    "ANET": 143.61000061035156,
    "GOOG": 251.6750030517578,
    "PDD": 128.8300018310547,
    "BRK-B": 494.6299133300781,
    "OXY": 46.529998779296875,
    "GEO": 21.360000610351562
}
