{
    "VT": 142.14500427246094,
    "ANET": 133.1750030517578,
    "GOOG": 314.9100036621094,
    "PDD": 114.0999984741211,
    "BRK-B": 503.0299987792969,
    "OXY": 41.35499954223633,
    "GEO": 16.3700008392334
}
