{
    "VT": 142.08999633789062,
    "ANET": 131.0050048828125,
    "GOOG": 316.3900146484375,
    "PDD": 111.9749984741211,
    "BRK-B": 493.8599853515625,
    "OXY": 41.53499984741211,
    "GEO": 16.954999923706055
}
