{
    "VT": 138.69500732421875,
    "ANET": 143.4001007080078,
    "GOOG": 249.7100067138672,
    "PDD": 127.95999908447266,
    "BRK-B": 494.9800109863281,
    "OXY": 42.38999938964844,
    "GEO": 17.427499771118164
}
