{
    "VT": 148.19000244140625,
    "ANET": 144.5,
    "GOOG": 319.3500061035156,
    "PDD": 105.9000015258789
}
