{
    "VT": 137.2550048828125,
    "ANET": 143.2100067138672,
    "GOOG": 245.8800048828125,
    "PDD": 130.63499450683594,
    "BRK-B": 498.8599853515625,
    "OXY": 47.97990036010742,
    "GEO": 20.963699340820312
}
