{
    "VT": 138.36500549316406,
    "ANET": 124.62999725341797,
    "GOOG": 319.9849853515625,
    "PDD": 114.42500305175781,
    "BRK-B": 507.95001220703125,
    "OXY": 41.314998626708984,
    "GEO": 15.489999771118164
}
