{
    "VT": 142.40499877929688,
    "ANET": 131.72500610351562,
    "GOOG": 315.1199951171875,
    "PDD": 115.01000213623047,
    "BRK-B": 497.94500732421875,
    "OXY": 39.596500396728516,
    "GEO": 16.270000457763672
}
