{
    "VT": 142.60499572753906,
    "ANET": 134.88999938964844,
    "GOOG": 314.05999755859375,
    "PDD": 112.0250015258789,
    "BRK-B": 494.739990234375,
    "OXY": 40.95000076293945,
    "GEO": 17.030000686645508
}
