{
    "VT": 140.6197052001953,
    "ANET": 127.36000061035156,
    "GOOG": 316.6792907714844,
    "PDD": 118.97000122070312,
    "BRK-B": 506.45709228515625,
    "OXY": 41.904998779296875,
    "GEO": 16.58989906311035
}
