{
    "VT": 136.64999389648438,
    "ANET": 142.08999633789062,
    "GOOG": 247.81500244140625,
    "PDD": 129.97000122070312,
    "BRK-B": 500.1600036621094,
    "OXY": 48.20500183105469,
    "GEO": 20.920000076293945
}
