{
    "VT": 148.37989807128906,
    "ANET": 130.03500366210938,
    "GOOG": 307.20001220703125,
    "PDD": 105.44999694824219
}
