{
    "VT": 133.92999267578125,
    "ANET": 133.6199951171875,
    "GOOG": 207.89999389648438,
    "PDD": 121.66000366210938,
    "BRK-B": 495.5299987792969,
    "OXY": 46.95000076293945,
    "GEO": 20.780000686645508
}