{
    "VT": 134.05999755859375,
    "ANET": 143.3300018310547,
    "GOOG": 234.35000610351562,
    "PDD": 125.0,
    "BRK-B": 498.5,
    "OXY": 45.570701599121094,
    "GEO": 20.84000015258789
}
