{
    "VT": 139.39500427246094,
    "ANET": 148.8300018310547,
    "GOOG": 256.71990966796875,
    "PDD": 130.33999633789062,
    "BRK-B": 491.760009765625,
    "OXY": 41.0099983215332,
    "GEO": 16.885000228881836
}
