{
    "VT": 145.34010314941406,
    "ANET": 131.0500030517578,
    "GOOG": 333.8500061035156,
    "PDD": 107.4749984741211
}
