{
    "VT": 147.91990661621094,
    "ANET": 144.19000244140625,
    "GOOG": 319.44500732421875,
    "PDD": 105.75
}
