{
    "VT": 143.28280639648438,
    "ANET": 125.7699966430664,
    "GOOG": 324.8999938964844,
    "PDD": 120.08999633789062,
    "BRK-B": 497.79998779296875,
    "OXY": 41.30500030517578,
    "GEO": 16.143999099731445
}
