{
    "VT": 144.10989379882812,
    "ANET": 134.35000610351562,
    "GOOG": 314.0799865722656,
    "PDD": 123.4000015258789,
    "BRK-B": 500.1199035644531,
    "OXY": 41.76499938964844,
    "GEO": 15.869999885559082
}
