{
    "VT": 132.36659240722656,
    "ANET": 131.3800048828125,
    "GOOG": 201.8300018310547,
    "PDD": 121.49839782714844,
    "BRK-B": 487.8500061035156,
    "OXY": 44.09000015258789,
    "GEO": 21.184999465942383
}