{
    "VT": 133.7050018310547,
    "ANET": 134.02999877929688,
    "GOOG": 207.5399932861328,
    "PDD": 123.5999984741211,
    "BRK-B": 487.88861083984375,
    "OXY": 45.79999923706055,
    "GEO": 20.729999542236328
}