{
    "VT": 137.22999572753906,
    "ANET": 141.75999450683594,
    "GOOG": 252.25,
    "PDD": 129.27000427246094,
    "BRK-B": 488.510009765625,
    "OXY": 47.45930099487305,
    "GEO": 21.940000534057617
}
