{
    "VT": 140.97000122070312,
    "ANET": 129.3350067138672,
    "GOOG": 313.010498046875,
    "PDD": 117.61000061035156,
    "BRK-B": 496.9700012207031,
    "OXY": 41.470001220703125,
    "GEO": 16.920000076293945
}
