{
    "VT": 132.72999572753906,
    "ANET": 135.00999450683594,
    "GOOG": 210.52000427246094,
    "PDD": 121.91999816894531,
    "BRK-B": 502.7300109863281,
    "OXY": 47.595001220703125,
    "GEO": 20.524999618530273
}
