{
    "VT": 138.97999572753906,
    "ANET": 148.22970581054688,
    "GOOG": 256.2099914550781,
    "PDD": 129.52999877929688,
    "BRK-B": 492.4649963378906,
    "OXY": 41.38999938964844,
    "GEO": 17.200000762939453
}
