{
    "VT": 140.4199981689453,
    "ANET": 124.0,
    "GOOG": 315.8500061035156,
    "PDD": 118.71499633789062,
    "BRK-B": 509.1600036621094,
    "OXY": 42.40999984741211,
    "GEO": 16.790000915527344
}
