{
    "VT": 138.22900390625,
    "ANET": 145.88499450683594,
    "GOOG": 252.25,
    "PDD": 129.17999267578125,
    "BRK-B": 490.1199951171875,
    "OXY": 41.07500076293945,
    "GEO": 17.075000762939453
}
