{
    "VT": 134.36500549316406,
    "ANET": 142.97999572753906,
    "GOOG": 234.3249969482422,
    "PDD": 124.55999755859375,
    "BRK-B": 500.489990234375,
    "OXY": 45.6349983215332,
    "GEO": 20.8700008392334
}
