{
    "VT": 139.31500244140625,
    "ANET": 154.45919799804688,
    "GOOG": 247.0850067138672,
    "PDD": 134.0500030517578,
    "BRK-B": 502.57501220703125,
    "OXY": 44.95000076293945,
    "GEO": 18.559999465942383
}
