{
    "VT": 132.2550048828125,
    "ANET": 131.3424072265625,
    "GOOG": 201.07000732421875,
    "PDD": 122.34339904785156,
    "BRK-B": 487.8800048828125,
    "OXY": 44.709999084472656,
    "GEO": 21.1299991607666
}