{
    "VT": 147.50999450683594,
    "ANET": 130.97999572753906,
    "GOOG": 308.0450134277344,
    "PDD": 103.9000015258789
}
