{
    "VT": 147.1750030517578,
    "ANET": 126.52999877929688,
    "GOOG": 308.30999755859375,
    "PDD": 105.3499984741211
}
