{
    "VT": 136.77999877929688,
    "ANET": 142.27000427246094,
    "GOOG": 247.44000244140625,
    "PDD": 129.89999389648438,
    "BRK-B": 500.1000061035156,
    "OXY": 47.59000015258789,
    "GEO": 20.860000610351562
}
