{
    "VT": 144.43499755859375,
    "ANET": 129.5500030517578,
    "GOOG": 331.760009765625,
    "PDD": 101.7300033569336
}
