{
    "VT": 143.76739501953125,
    "ANET": 140.8249969482422,
    "GOOG": 307.3949890136719,
    "PDD": 105.51000213623047
}
