{
    "VT": 141.32000732421875,
    "ANET": 135.36500549316406,
    "GOOG": 304.19000244140625,
    "PDD": 103.8949966430664
}
