{
    "VT": 146.7949981689453,
    "ANET": 149.6699981689453,
    "GOOG": 337.110107421875,
    "PDD": 103.2300033569336
}
