{
    "VT": 142.1199951171875,
    "ANET": 160.4250030517578,
    "GOOG": 272.6499938964844,
    "PDD": 137.74000549316406,
    "BRK-B": 476.2149963378906,
    "OXY": 40.775001525878906,
    "GEO": 17.1200008392334
}
