{
    "VT": 141.14999389648438,
    "ANET": 129.35499572753906,
    "GOOG": 316.80499267578125,
    "PDD": 115.58000183105469,
    "BRK-B": 502.114990234375,
    "OXY": 42.6150016784668,
    "GEO": 17.030000686645508
}
