{
    "VT": 141.9949951171875,
    "ANET": 157.75,
    "GOOG": 268.67999267578125,
    "PDD": 138.1300048828125,
    "BRK-B": 482.92999267578125,
    "OXY": 41.029998779296875,
    "GEO": 16.690000534057617
}
