{
    "VT": 144.01499938964844,
    "ANET": 129.52000427246094,
    "GOOG": 320.4700012207031,
    "PDD": 120.52999877929688,
    "BRK-B": 494.5,
    "OXY": 41.1150016784668,
    "GEO": 15.8100004196167
}
