{
    "VT": 141.7100067138672,
    "ANET": 131.73800659179688,
    "GOOG": 313.82000732421875,
    "PDD": 114.0,
    "BRK-B": 504.2650146484375,
    "OXY": 41.21870040893555,
    "GEO": 16.079999923706055
}
