{
    "VT": 144.84500122070312,
    "ANET": 140.0850067138672,
    "GOOG": 308.6499938964844,
    "PDD": 106.19000244140625
}
