{
    "VT": 137.46499633789062,
    "ANET": 147.5800018310547,
    "GOOG": 255.30999755859375,
    "PDD": 129.02999877929688,
    "BRK-B": 494.1050109863281,
    "OXY": 45.744998931884766,
    "GEO": 21.346799850463867
}
