{
    "VT": 137.23980712890625,
    "ANET": 148.13999938964844,
    "GOOG": 254.14500427246094,
    "PDD": 131.5,
    "BRK-B": 491.0299987792969,
    "OXY": 46.209999084472656,
    "GEO": 21.670000076293945
}
