{
    "VT": 137.41000366210938,
    "ANET": 145.86659240722656,
    "GOOG": 250.25999450683594,
    "PDD": 131.5,
    "BRK-B": 495.625,
    "OXY": 47.810001373291016,
    "GEO": 21.059999465942383
}
