{
    "VT": 139.3699951171875,
    "ANET": 149.86500549316406,
    "GOOG": 249.63999938964844,
    "PDD": 133.86000061035156,
    "BRK-B": 498.9049987792969,
    "OXY": 45.095001220703125,
    "GEO": 19.170000076293945
}
