{
    "VT": 141.0500030517578,
    "ANET": 135.71499633789062,
    "GOOG": 303.5899963378906,
    "PDD": 101.87000274658203
}
