{
    "VT": 146.91000366210938,
    "ANET": 129.11000061035156,
    "GOOG": 307.3900146484375,
    "PDD": 102.58999633789062
}
