{
    "VT": 139.39999389648438,
    "ANET": 146.77499389648438,
    "GOOG": 250.17999267578125,
    "PDD": 131.52000427246094,
    "BRK-B": 494.32501220703125,
    "OXY": 41.21500015258789,
    "GEO": 17.5
}
