{
    "VT": 146.46499633789062,
    "ANET": 133.46499633789062,
    "GOOG": 314.1099853515625,
    "PDD": 100.29000091552734
}
