{
    "VT": 143.49000549316406,
    "ANET": 124.87000274658203,
    "GOOG": 301.04998779296875,
    "PDD": 99.75
}
