{
    "VT": 144.25999450683594,
    "ANET": 129.110107421875,
    "GOOG": 320.7300109863281,
    "PDD": 121.41000366210938,
    "BRK-B": 494.42999267578125,
    "OXY": 41.130001068115234,
    "GEO": 15.930000305175781
}
