{
    "VT": 139.1844940185547,
    "ANET": 146.0749969482422,
    "GOOG": 255.49000549316406,
    "PDD": 131.80499267578125,
    "BRK-B": 491.5599060058594,
    "OXY": 41.400001525878906,
    "GEO": 17.299999237060547
}
