{
    "VT": 145.39999389648438,
    "ANET": 139.22999572753906,
    "GOOG": 341.0299987792969,
    "PDD": 103.44999694824219
}
