{
    "VT": 140.39500427246094,
    "ANET": 126.4000015258789,
    "GOOG": 316.0899963378906,
    "PDD": 117.69999694824219,
    "BRK-B": 504.7799987792969,
    "OXY": 41.665000915527344,
    "GEO": 16.447999954223633
}
