{
    "VT": 140.99000549316406,
    "ANET": 133.1300048828125,
    "GOOG": 317.3900146484375,
    "PDD": 114.13999938964844,
    "BRK-B": 490.8999938964844,
    "OXY": 41.29930114746094,
    "GEO": 16.573999404907227
}
