{
    "VT": 145.46499633789062,
    "ANET": 132.36019897460938,
    "GOOG": 332.5668029785156,
    "PDD": 108.16999816894531
}
