{
    "VT": 139.9499969482422,
    "ANET": 123.20999908447266,
    "GOOG": 300.7699890136719,
    "PDD": 104.93000030517578,
    "BRK-B": 503.364990234375,
    "OXY": 40.1234016418457,
    "GEO": 16.739999771118164
}
