{
    "VT": 132.9947052001953,
    "ANET": 135.97999572753906,
    "GOOG": 204.88999938964844,
    "PDD": 114.94000244140625,
    "BRK-B": 476.8999938964844,
    "OXY": 44.224998474121094,
    "GEO": 20.899999618530273
}