{
    "VT": 134.9940948486328,
    "ANET": 141.0800018310547,
    "GOOG": 234.72500610351562,
    "PDD": 125.29499816894531,
    "BRK-B": 494.69000244140625,
    "OXY": 45.255001068115234,
    "GEO": 20.524999618530273
}
