{
    "VT": 141.3249969482422,
    "ANET": 132.05999755859375,
    "GOOG": 317.9200134277344,
    "PDD": 114.83000183105469,
    "BRK-B": 493.5299072265625,
    "OXY": 41.349998474121094,
    "GEO": 16.770000457763672
}
