{
    "VT": 139.6649932861328,
    "ANET": 151.17999267578125,
    "GOOG": 251.86000061035156,
    "PDD": 134.4199981689453,
    "BRK-B": 500.92999267578125,
    "OXY": 45.5,
    "GEO": 19.530000686645508
}
