{
    "VT": 141.82000732421875,
    "ANET": 131.40750122070312,
    "GOOG": 315.2799987792969,
    "PDD": 112.11000061035156,
    "BRK-B": 499.1000061035156,
    "OXY": 39.779998779296875,
    "GEO": 16.440000534057617
}
