{
    "VT": 141.41400146484375,
    "ANET": 129.9219970703125,
    "GOOG": 313.19000244140625,
    "PDD": 111.54000091552734,
    "BRK-B": 501.739990234375,
    "OXY": 39.8849983215332,
    "GEO": 16.520000457763672
}
