{
    "VT": 146.85000610351562,
    "ANET": 128.5850067138672,
    "GOOG": 314.75,
    "PDD": 106.18000030517578
}
