{
    "VT": 147.4897003173828,
    "ANET": 128.11000061035156,
    "GOOG": 309.29998779296875,
    "PDD": 105.95999908447266
}
