{
    "VT": 145.89999389648438,
    "ANET": 135.5449981689453,
    "GOOG": 336.3599853515625,
    "PDD": 102.52999877929688
}
