{
    "VT": 139.18499755859375,
    "ANET": 146.07000732421875,
    "GOOG": 252.47999572753906,
    "PDD": 131.20919799804688,
    "BRK-B": 493.6199951171875,
    "OXY": 40.92499923706055,
    "GEO": 17.555999755859375
}
