{
    "VT": 141.07000732421875,
    "ANET": 135.49000549316406,
    "GOOG": 309.20001220703125,
    "PDD": 101.18000030517578
}
