{
  "VT": {
    "United States": 62.16486,
    "Japan": 5.632,
    "China": 3.33858,
    "United Kingdom": 3.23528,
    "Canada": 3.02644,
    "Taiwan": 2.29509,
    "Switzerland": 2.19605,
    "India": 1.9952,
    "France": 1.99294,
    "Germany": 1.98933,
    "Australia": 1.59835,
    "Korea": 1.52001,
    "Netherlands": 1.17057,
    "Sweden": 0.8584,
    "Spain": 0.79984,
    "Italy": 0.71314,
    "Brazil": 0.59112,
    "Denmark": 0.43186,
    "Singapore": 0.42589,
    "South Africa": 0.42387,
    "Hong Kong": 0.4192,
    "Israel": 0.29569,
    "Mexico": 0.24988,
    "Belgium": 0.21349,
    "Finland": 0.20718,
    "Malaysia": 0.19853,
    "Norway": 0.16798,
    "Thailand": 0.16202,
    "Indonesia": 0.13706,
    "Poland": 0.13291,
    "Ireland": 0.0971,
    "Turkey": 0.0941,
    "Austria": 0.09195,
    "Greece": 0.07344,
    "Chile": 0.07175,
    "New Zealand": 0.05887,
    "Philippines": 0.04819,
    "Portugal": 0.04253,
    "Hungary": 0.03336,
    "Peru": 0.01979,
    "Czechia": 0.01484,
    "Colombia": 0.01404,
    "Lithuania": 0.00103
  },
  "VWO": {
    "China": 31.48456,
    "Taiwan": 22.58653,
    "India": 19.57641,
    "South Africa": 4.15739,
    "Brazil": 4.09795,
    "Mexico": 2.17685,
    "Malaysia": 1.83626,
    "Thailand": 1.56481,
    "Indonesia": 1.33527,
    "Turkey": 0.91147,
    "Chile": 0.70849,
    "Greece": 0.6488,
    "Philippines": 0.47408,
    "United States": 0.39313,
    "Hungary": 0.33692,
    "Hong Kong": 0.1904,
    "Czechia": 0.15314,
    "Colombia": 0.14155,
    "Italy": 0.06437,
    "Singapore": 0.0519,
    "Belgium": 0.03686
  },
  "IEMG": {
    "China": 25.12361,
    "Taiwan": 20.68603,
    "India": 15.33326,
    "Korea": 13.96383,
    "Brazil": 4.12275,
    "South Africa": 3.79933,
    "Mexico": 1.90943,
    "Malaysia": 1.40552,
    "Indonesia": 1.30842,
    "Poland": 1.15212,
    "Thailand": 1.1179,
    "Turkey": 0.70573,
    "Chile": 0.6498,
    "Greece": 0.5795,
    "United States": 0.53265,
    "Philippines": 0.44222,
    "Hong Kong": 0.3368,
    "Hungary": 0.29465,
    "Peru": 0.23631,
    "Colombia": 0.20593,
    "Czechia": 0.13557,
    "Belgium": 0.0298,
    "Singapore": 0.02523,
    "United Kingdom": 0.01163,
    "New Zealand": 0.00843,
    "Russian Federation": 4e-05
  },
  "VEA": {
    "Japan": 20.596,
    "United Kingdom": 11.6485,
    "Canada": 11.06167,
    "Switzerland": 7.48951,
    "France": 7.29647,
    "Germany": 7.27505,
    "Australia": 5.85408,
    "Korea": 5.56622,
    "Netherlands": 4.08218,
    "Sweden": 3.14189,
    "Spain": 2.92738,
    "Italy": 2.59602,
    "Denmark": 1.58253,
    "Singapore": 1.53796,
    "Hong Kong": 1.38806,
    "Israel": 1.01952,
    "United States": 0.88173,
    "Belgium": 0.77309,
    "Finland": 0.73967,
    "Norway": 0.61469,
    "Poland": 0.48808,
    "Austria": 0.33825,
    "Ireland": 0.28168,
    "China": 0.25223,
    "New Zealand": 0.21332,
    "Portugal": 0.15351,
    "Mexico": 0.02908,
    "Brazil": 0.02339,
    "Greece": 0.02033,
    "South Africa": 0.00977,
    "Thailand": 0.00909,
    "Indonesia": 0.00629,
    "India": 0.00592,
    "Lithuania": 0.00426,
    "Malaysia": 0.00267
  },
  "ICLN": {
    "United States": 44.30377,
    "China": 18.34338,
    "Brazil": 7.77736,
    "Spain": 7.74909,
    "Denmark": 4.43043,
    "India": 3.79863,
    "Portugal": 2.13097,
    "Japan": 2.016,
    "Korea": 1.9946,
    "Canada": 1.36441,
    "Indonesia": 1.12873,
    "Germany": 1.09369,
    "Turkey": 0.6889,
    "Israel": 0.6556,
    "New Zealand": 0.52037,
    "Taiwan": 0.51476,
    "Switzerland": 0.48136,
    "Austria": 0.45519,
    "Italy": 0.3371,
    "Thailand": 0.21518
  },
  "SOXX": {
    "United States": 82.56129,
    "Netherlands": 8.26815,
    "Taiwan": 5.3186,
    "Hong Kong": 2.10276,
    "China": 1.23869,
    "Singapore": 0.51051
  },
  "ASHR": {
    "China": 99.68699,
    "Hong Kong": 0.31301
  }
}