{
    "VT": 147.58999633789062,
    "ANET": 130.99769592285156,
    "GOOG": 307.9100036621094,
    "PDD": 103.62000274658203
}
