{
    "VT": 140.58999633789062,
    "ANET": 130.02999877929688,
    "GOOG": 306.1099853515625,
    "PDD": 110.9800033569336,
    "BRK-B": 500.6650085449219,
    "OXY": 39.81999969482422,
    "GEO": 16.209999084472656
}
