{
    "VT": 148.35499572753906,
    "ANET": 136.7100067138672,
    "GOOG": 310.5400085449219,
    "PDD": 102.44499969482422
}
