{
    "VT": 136.05999755859375,
    "ANET": 154.52999877929688,
    "GOOG": 239.94000244140625,
    "PDD": 123.97000122070312,
    "BRK-B": 491.69000244140625,
    "OXY": 42.689998626708984,
    "GEO": 17.850000381469727
}
