{
    "VT": 137.1300048828125,
    "ANET": 123.8550033569336,
    "GOOG": 288.2699890136719,
    "PDD": 120.0999984741211,
    "BRK-B": 505.9949951171875,
    "OXY": 42.525001525878906,
    "GEO": 14.65999984741211
}
