{
    "VT": 139.22000122070312,
    "ANET": 148.05999755859375,
    "GOOG": 256.43499755859375,
    "PDD": 129.3000030517578,
    "BRK-B": 492.3846130371094,
    "OXY": 41.060001373291016,
    "GEO": 16.93000030517578
}
