{
    "VT": 140.25999450683594,
    "ANET": 126.55010223388672,
    "GOOG": 316.5199890136719,
    "PDD": 118.63999938964844,
    "BRK-B": 505.8750915527344,
    "OXY": 41.88479995727539,
    "GEO": 16.579999923706055
}
