{
    "VT": 133.92999267578125,
    "ANET": 133.78439331054688,
    "GOOG": 203.64920043945312,
    "PDD": 127.08999633789062,
    "BRK-B": 490.8841857910156,
    "OXY": 45.94499969482422,
    "GEO": 21.53499984741211
}