{
    "VT": 143.30499267578125,
    "ANET": 128.64999389648438,
    "GOOG": 330.7650146484375,
    "PDD": 101.66999816894531
}
