{
    "VT": 140.3249969482422,
    "ANET": 125.98999786376953,
    "GOOG": 305.8500061035156,
    "PDD": 108.33000183105469,
    "BRK-B": 500.0,
    "OXY": 39.03860092163086,
    "GEO": 16.600000381469727
}
