{
    "VT": 135.48500061035156,
    "ANET": 154.9199981689453,
    "GOOG": 238.43499755859375,
    "PDD": 123.12999725341797,
    "BRK-B": 490.2698974609375,
    "OXY": 42.36899948120117,
    "GEO": 17.655000686645508
}
