{
    "VT": 141.36289978027344,
    "ANET": 129.38999938964844,
    "GOOG": 317.3196105957031,
    "PDD": 115.94999694824219,
    "BRK-B": 503.7200012207031,
    "OXY": 42.53499984741211,
    "GEO": 16.890100479125977
}
