{
    "VT": 147.7100067138672,
    "ANET": 134.53500366210938,
    "GOOG": 315.3399963378906,
    "PDD": 106.26499938964844
}
