{
    "VT": 147.00999450683594,
    "ANET": 129.16000366210938,
    "GOOG": 306.7699890136719,
    "PDD": 102.88999938964844
}
