{
    "VT": 143.44000244140625,
    "ANET": 136.3350067138672,
    "GOOG": 316.25,
    "PDD": 118.70500183105469,
    "BRK-B": 502.3900146484375,
    "OXY": 41.095001220703125,
    "GEO": 16.34000015258789
}
