{
    "VT": 137.9499969482422,
    "ANET": 146.25999450683594,
    "GOOG": 252.25,
    "PDD": 128.52000427246094,
    "BRK-B": 493.20001220703125,
    "OXY": 45.79499816894531,
    "GEO": 21.344999313354492
}
