{
    "VT": 144.15969848632812,
    "ANET": 130.0850067138672,
    "GOOG": 321.6300048828125,
    "PDD": 121.25,
    "BRK-B": 494.39300537109375,
    "OXY": 40.775001525878906,
    "GEO": 16.049999237060547
}
