{
    "VT": 132.68499755859375,
    "ANET": 132.90499877929688,
    "GOOG": 202.24000549316406,
    "PDD": 118.51000213623047,
    "BRK-B": 485.0849914550781,
    "OXY": 43.94499969482422,
    "GEO": 21.440000534057617
}