{
    "VT": 138.2200927734375,
    "ANET": 128.6199951171875,
    "GOOG": 275.2698974609375,
    "PDD": 132.19000244140625,
    "BRK-B": 513.510009765625,
    "OXY": 42.165000915527344,
    "GEO": 15.239999771118164
}
