{
    "VT": 137.02999877929688,
    "ANET": 133.968505859375,
    "GOOG": 276.3599853515625,
    "PDD": 133.89999389648438,
    "BRK-B": 497.9949951171875,
    "OXY": 40.65999984741211,
    "GEO": 14.760000228881836
}
