{
    "VT": 138.60000610351562,
    "ANET": 133.38510131835938,
    "GOOG": 302.6099853515625,
    "PDD": 97.73500061035156
}
