{
    "VT": 137.24000549316406,
    "ANET": 144.77000427246094,
    "GOOG": 249.23500061035156,
    "PDD": 127.7699966430664,
    "BRK-B": 490.4150085449219,
    "OXY": 45.54999923706055,
    "GEO": 22.084999084472656
}
