{
    "VT": 137.25,
    "ANET": 141.5800018310547,
    "GOOG": 248.4600067138672,
    "PDD": 133.23500061035156,
    "BRK-B": 493.8200988769531,
    "OXY": 47.650001525878906,
    "GEO": 21.96649932861328
}
