{
    "VT": 140.27499389648438,
    "ANET": 127.99500274658203,
    "GOOG": 316.739990234375,
    "PDD": 117.875,
    "BRK-B": 512.3159790039062,
    "OXY": 42.54999923706055,
    "GEO": 15.949999809265137
}
