{
    "VT": 142.05999755859375,
    "ANET": 157.94500732421875,
    "GOOG": 268.6199951171875,
    "PDD": 137.80499267578125,
    "BRK-B": 482.2950134277344,
    "OXY": 40.844200134277344,
    "GEO": 16.739999771118164
}
