{
    "VT": 140.7949981689453,
    "ANET": 128.58999633789062,
    "GOOG": 317.55999755859375,
    "PDD": 119.41000366210938,
    "BRK-B": 512.7999877929688,
    "OXY": 42.69499969482422,
    "GEO": 16.229999542236328
}
