{
    "VT": 137.50259399414062,
    "ANET": 140.1199951171875,
    "GOOG": 251.38999938964844,
    "PDD": 132.39500427246094,
    "BRK-B": 493.5690002441406,
    "OXY": 47.459999084472656,
    "GEO": 22.110000610351562
}
