{
    "VT": 138.0500030517578,
    "ANET": 143.97500610351562,
    "GOOG": 251.02999877929688,
    "PDD": 127.95999908447266,
    "BRK-B": 493.6199951171875,
    "OXY": 41.88180160522461,
    "GEO": 17.264999389648438
}
