{
    "VT": 147.72999572753906,
    "ANET": 134.89500427246094,
    "GOOG": 310.648193359375,
    "PDD": 101.41999816894531
}
