{
    "VT": 132.2449951171875,
    "ANET": 131.52499389648438,
    "GOOG": 200.89500427246094,
    "PDD": 122.31999969482422,
    "BRK-B": 487.9306945800781,
    "OXY": 44.814998626708984,
    "GEO": 21.149999618530273
}