{
    "VT": 145.389892578125,
    "ANET": 144.3300018310547,
    "GOOG": 338.4728088378906,
    "PDD": 101.7300033569336
}
