{
    "VT": 139.64999389648438,
    "ANET": 125.55999755859375,
    "GOOG": 319.29998779296875,
    "PDD": 117.20999908447266,
    "BRK-B": 509.2900085449219,
    "OXY": 41.53499984741211,
    "GEO": 15.739999771118164
}
