{
    "VT": 134.8300018310547,
    "ANET": 141.86500549316406,
    "GOOG": 234.55999755859375,
    "PDD": 125.18000030517578,
    "BRK-B": 494.67498779296875,
    "OXY": 44.994998931884766,
    "GEO": 20.5
}
