{
    "VT": 139.43719482421875,
    "ANET": 147.42999267578125,
    "GOOG": 256.9549865722656,
    "PDD": 130.86000061035156,
    "BRK-B": 491.1199951171875,
    "OXY": 41.025001525878906,
    "GEO": 16.81999969482422
}
