{
    "VT": 132.80599975585938,
    "ANET": 133.6750030517578,
    "GOOG": 201.9499969482422,
    "PDD": 118.6500015258789,
    "BRK-B": 484.07000732421875,
    "OXY": 43.810001373291016,
    "GEO": 21.575000762939453
}