{
    "VT": 137.89999389648438,
    "ANET": 145.5500030517578,
    "GOOG": 250.7100067138672,
    "PDD": 133.50999450683594,
    "BRK-B": 492.0400085449219,
    "OXY": 47.224998474121094,
    "GEO": 22.18000030517578
}
