{
    "VT": 142.4499969482422,
    "ANET": 132.86459350585938,
    "GOOG": 316.2099914550781,
    "PDD": 112.13999938964844,
    "BRK-B": 497.6099853515625,
    "OXY": 41.31999969482422,
    "GEO": 17.030000686645508
}
