{
    "VT": 143.39500427246094,
    "ANET": 135.97500610351562,
    "GOOG": 317.1199951171875,
    "PDD": 119.01000213623047,
    "BRK-B": 500.56500244140625,
    "OXY": 41.494998931884766,
    "GEO": 16.68000030517578
}
