{
    "VT": 139.15989685058594,
    "ANET": 146.53500366210938,
    "GOOG": 256.260009765625,
    "PDD": 131.75999450683594,
    "BRK-B": 491.989990234375,
    "OXY": 41.19990158081055,
    "GEO": 17.459999084472656
}
