{
    "VT": 139.77499389648438,
    "ANET": 142.91000366210938,
    "GOOG": 284.8699951171875,
    "PDD": 135.83999633789062,
    "BRK-B": 492.7749938964844,
    "OXY": 40.255001068115234,
    "GEO": 16.875
}
