{
    "VT": 146.5449981689453,
    "ANET": 136.05999755859375,
    "GOOG": 304.71820068359375,
    "PDD": 101.7699966430664
}
