{
    "VT": 141.19659423828125,
    "ANET": 132.41000366210938,
    "GOOG": 318.0,
    "PDD": 114.3499984741211,
    "BRK-B": 493.6575012207031,
    "OXY": 41.38999938964844,
    "GEO": 16.719999313354492
}
