{
    "VT": 136.77000427246094,
    "ANET": 124.80999755859375,
    "GOOG": 294.0899963378906,
    "PDD": 118.41000366210938,
    "BRK-B": 502.0,
    "OXY": 41.64509963989258,
    "GEO": 14.59000015258789
}
