{
    "VT": 134.91000366210938,
    "ANET": 143.7899932861328,
    "GOOG": 237.0500030517578,
    "PDD": 124.55999755859375,
    "BRK-B": 495.1400146484375,
    "OXY": 45.58000183105469,
    "GEO": 20.510000228881836
}
