{
    "VT": 137.4149932861328,
    "ANET": 132.36000061035156,
    "GOOG": 299.8999938964844,
    "PDD": 97.86000061035156
}
