{
    "VT": 140.55599975585938,
    "ANET": 127.55999755859375,
    "GOOG": 317.239990234375,
    "PDD": 117.80000305175781,
    "BRK-B": 513.4099731445312,
    "OXY": 42.61000061035156,
    "GEO": 16.024999618530273
}
