{
    "VT": 141.43539428710938,
    "ANET": 156.33999633789062,
    "GOOG": 267.68780517578125,
    "PDD": 137.6699981689453,
    "BRK-B": 486.2099914550781,
    "OXY": 42.474998474121094,
    "GEO": 17.09000015258789
}
