{
    "VT": 133.6300048828125,
    "ANET": 135.27999877929688,
    "GOOG": 212.41000366210938,
    "PDD": 121.2249984741211,
    "BRK-B": 505.44000244140625,
    "OXY": 47.60350036621094,
    "GEO": 20.614999771118164
}