{
    "VT": 138.30349731445312,
    "ANET": 144.75999450683594,
    "GOOG": 250.9199981689453,
    "PDD": 128.57000732421875,
    "BRK-B": 495.1099853515625,
    "OXY": 42.095001220703125,
    "GEO": 17.25
}
