{
    "VT": 140.47000122070312,
    "ANET": 128.1699981689453,
    "GOOG": 319.6700134277344,
    "PDD": 115.95999908447266,
    "BRK-B": 512.0399780273438,
    "OXY": 41.619998931884766,
    "GEO": 15.734999656677246
}
