{
    "VT": 133.10499572753906,
    "ANET": 136.48500061035156,
    "GOOG": 204.77000427246094,
    "PDD": 115.02999877929688,
    "BRK-B": 476.6000061035156,
    "OXY": 44.33000183105469,
    "GEO": 20.940000534057617
}