{
    "VT": 134.07000732421875,
    "ANET": 133.39300537109375,
    "GOOG": 210.13999938964844,
    "PDD": 127.55999755859375,
    "BRK-B": 482.6449890136719,
    "OXY": 46.10499954223633,
    "GEO": 21.084999084472656
}