{
    "VT": 138.4600067138672,
    "ANET": 156.4199981689453,
    "GOOG": 241.75,
    "PDD": 130.66000366210938,
    "BRK-B": 495.4100036621094,
    "OXY": 44.76499938964844,
    "GEO": 18.200000762939453
}
