{
    "VT": 134.52999877929688,
    "ANET": 132.38119506835938,
    "GOOG": 205.19000244140625,
    "PDD": 127.30000305175781,
    "BRK-B": 489.9700012207031,
    "OXY": 45.915000915527344,
    "GEO": 21.56999969482422
}