{
    "VT": 137.47000122070312,
    "ANET": 134.5,
    "GOOG": 281.5899963378906,
    "PDD": 134.28750610351562,
    "BRK-B": 494.6805114746094,
    "OXY": 40.439998626708984,
    "GEO": 15.3149995803833
}
