{
    "VT": 137.6750030517578,
    "ANET": 134.97000122070312,
    "GOOG": 277.8999938964844,
    "PDD": 134.4199981689453,
    "BRK-B": 497.5350036621094,
    "OXY": 41.09000015258789,
    "GEO": 14.869999885559082
}
