{
    "VT": 139.76649475097656,
    "ANET": 152.52999877929688,
    "GOOG": 249.6999969482422,
    "PDD": 134.27999877929688,
    "BRK-B": 501.8349914550781,
    "OXY": 45.744998931884766,
    "GEO": 19.671300888061523
}
