{
    "VT": 139.88999938964844,
    "ANET": 136.3800048828125,
    "GOOG": 305.94000244140625,
    "PDD": 100.37000274658203
}
