{
    "VT": 144.05999755859375,
    "ANET": 134.22999572753906,
    "GOOG": 300.510009765625,
    "PDD": 100.77999877929688
}
