{
    "VT": 137.47000122070312,
    "ANET": 143.3800048828125,
    "GOOG": 248.9499969482422,
    "PDD": 127.822998046875,
    "BRK-B": 491.8800048828125,
    "OXY": 41.79999923706055,
    "GEO": 17.25
}
