{
    "VT": 142.0850067138672,
    "ANET": 137.83999633789062,
    "GOOG": 299.4599914550781,
    "PDD": 102.43000030517578
}
