{
    "VT": 139.1300048828125,
    "ANET": 145.9499969482422,
    "GOOG": 245.4149932861328,
    "PDD": 133.75999450683594,
    "BRK-B": 500.614990234375,
    "OXY": 44.91999816894531,
    "GEO": 20.270000457763672
}
