{
    "VT": 141.3699951171875,
    "ANET": 129.38999938964844,
    "GOOG": 317.739990234375,
    "PDD": 116.18499755859375,
    "BRK-B": 505.2349853515625,
    "OXY": 42.56990051269531,
    "GEO": 16.950000762939453
}
