{
    "VT": 139.1750030517578,
    "ANET": 146.3800048828125,
    "GOOG": 249.02000427246094,
    "PDD": 131.47000122070312,
    "BRK-B": 494.28619384765625,
    "OXY": 40.88999938964844,
    "GEO": 17.46500015258789
}
