{
    "VT": 141.0399932861328,
    "ANET": 160.66000366210938,
    "GOOG": 287.5,
    "PDD": 136.0,
    "BRK-B": 479.9224853515625,
    "OXY": 40.880001068115234,
    "GEO": 16.809999465942383
}
