{
    "VT": 145.13499450683594,
    "ANET": 131.55999755859375,
    "GOOG": 332.8299865722656,
    "PDD": 107.37999725341797
}
