{
    "VT": 142.3843994140625,
    "ANET": 131.5,
    "GOOG": 315.3599853515625,
    "PDD": 115.45500183105469,
    "BRK-B": 497.6098937988281,
    "OXY": 39.56990051269531,
    "GEO": 16.280000686645508
}
