{
    "VT": 132.89500427246094,
    "ANET": 137.14999389648438,
    "GOOG": 229.85000610351562,
    "PDD": 124.36499786376953,
    "BRK-B": 500.4849853515625,
    "OXY": 46.42499923706055,
    "GEO": 20.8700008392334
}
