{
    "VT": 146.59500122070312,
    "ANET": 129.0850067138672,
    "GOOG": 305.2049865722656,
    "PDD": 102.44999694824219
}
