{
    "VT": 139.27999877929688,
    "ANET": 146.63510131835938,
    "GOOG": 252.8800048828125,
    "PDD": 131.47999572753906,
    "BRK-B": 494.3500061035156,
    "OXY": 40.849998474121094,
    "GEO": 17.459999084472656
}
