{
    "VT": 137.77999877929688,
    "ANET": 145.78900146484375,
    "GOOG": 252.13999938964844,
    "PDD": 133.0399932861328,
    "BRK-B": 490.17498779296875,
    "OXY": 47.435001373291016,
    "GEO": 21.879899978637695
}
