{
    "VT": 138.4949951171875,
    "ANET": 134.86500549316406,
    "GOOG": 284.79998779296875,
    "PDD": 136.6999969482422,
    "BRK-B": 491.4599914550781,
    "OXY": 40.10499954223633,
    "GEO": 14.992500305175781
}
