{
    "VT": 141.8300018310547,
    "ANET": 136.2100067138672,
    "GOOG": 298.4200134277344,
    "PDD": 102.10250091552734
}
