{
    "VT": 139.39759826660156,
    "ANET": 147.09500122070312,
    "GOOG": 257.2900085449219,
    "PDD": 131.4199981689453,
    "BRK-B": 490.6600036621094,
    "OXY": 41.06999969482422,
    "GEO": 16.864999771118164
}
