{
    "VT": 137.8800048828125,
    "ANET": 145.3300018310547,
    "GOOG": 252.72999572753906,
    "PDD": 127.625,
    "BRK-B": 488.8280944824219,
    "OXY": 41.244998931884766,
    "GEO": 16.790000915527344
}
