{
    "VT": 137.57009887695312,
    "ANET": 144.16470336914062,
    "GOOG": 252.21499633789062,
    "PDD": 126.97000122070312,
    "BRK-B": 489.369384765625,
    "OXY": 41.30500030517578,
    "GEO": 16.780000686645508
}
