{
    "VT": 141.7534942626953,
    "ANET": 157.23800659179688,
    "GOOG": 268.385009765625,
    "PDD": 136.82000732421875,
    "BRK-B": 483.04998779296875,
    "OXY": 41.51499938964844,
    "GEO": 16.930099487304688
}
