{
    "VT": 140.11000061035156,
    "ANET": 132.94000244140625,
    "GOOG": 281.0,
    "PDD": 134.82000732421875,
    "BRK-B": 508.875,
    "OXY": 42.14030075073242,
    "GEO": 14.8100004196167
}
