{
    "VT": 138.2198944091797,
    "ANET": 146.82000732421875,
    "GOOG": 253.25,
    "PDD": 127.76000213623047,
    "BRK-B": 496.1000061035156,
    "OXY": 46.38999938964844,
    "GEO": 21.540000915527344
}
