{
    "VT": 138.25,
    "ANET": 149.22000122070312,
    "GOOG": 244.72129821777344,
    "PDD": 134.06500244140625,
    "BRK-B": 496.3763122558594,
    "OXY": 47.5,
    "GEO": 21.770000457763672
}
