{
    "VT": 136.39430236816406,
    "ANET": 117.18000030517578,
    "GOOG": 297.6499938964844,
    "PDD": 113.55000305175781,
    "BRK-B": 506.05999755859375,
    "OXY": 41.39500045776367,
    "GEO": 15.1899995803833
}
