{
    "VT": 139.21499633789062,
    "ANET": 133.3551025390625,
    "GOOG": 277.1700134277344,
    "PDD": 130.1699981689453,
    "BRK-B": 512.0900268554688,
    "OXY": 42.834999084472656,
    "GEO": 15.130000114440918
}
