{
    "VT": 138.05999755859375,
    "ANET": 123.4000015258789,
    "GOOG": 319.95001220703125,
    "PDD": 114.05000305175781,
    "BRK-B": 507.9400939941406,
    "OXY": 41.26250076293945,
    "GEO": 15.529999732971191
}
