{
    "VT": 142.38999938964844,
    "ANET": 134.125,
    "GOOG": 306.1000061035156,
    "PDD": 105.57499694824219
}
