{
    "VT": 136.60000610351562,
    "ANET": 124.22000122070312,
    "GOOG": 284.9559020996094,
    "PDD": 121.5,
    "BRK-B": 502.5400085449219,
    "OXY": 41.84000015258789,
    "GEO": 14.609999656677246
}
