{
    "VT": 140.72500610351562,
    "ANET": 128.34500122070312,
    "GOOG": 317.89898681640625,
    "PDD": 118.97000122070312,
    "BRK-B": 512.0599975585938,
    "OXY": 42.540000915527344,
    "GEO": 16.170000076293945
}
