{
    "VT": 144.19500732421875,
    "ANET": 137.77999877929688,
    "GOOG": 300.75,
    "PDD": 100.36000061035156
}
