{
    "VT": 141.44000244140625,
    "ANET": 133.94500732421875,
    "GOOG": 303.45001220703125,
    "PDD": 104.41999816894531
}
