{
    "VT": 141.44500732421875,
    "ANET": 125.75499725341797,
    "GOOG": 308.8351135253906,
    "PDD": 111.84500122070312,
    "BRK-B": 502.80609130859375,
    "OXY": 40.1150016784668,
    "GEO": 16.860000610351562
}
