{
    "VT": 144.47500610351562,
    "ANET": 129.97000122070312,
    "GOOG": 326.1300048828125,
    "PDD": 102.30999755859375
}
