{
    "VT": 146.40499877929688,
    "ANET": 126.62999725341797,
    "GOOG": 311.0,
    "PDD": 105.77999877929688
}
