{
    "VT": 139.5399932861328,
    "ANET": 148.97999572753906,
    "GOOG": 256.8070068359375,
    "PDD": 131.85000610351562,
    "BRK-B": 492.3450012207031,
    "OXY": 40.94499969482422,
    "GEO": 16.954999923706055
}
