{
    "VT": 145.72500610351562,
    "ANET": 144.3300018310547,
    "GOOG": 338.6549987792969,
    "PDD": 101.87000274658203
}
