{
    "VT": 144.7100067138672,
    "ANET": 122.08999633789062,
    "GOOG": 327.6449890136719,
    "PDD": 120.82499694824219,
    "BRK-B": 497.0050048828125,
    "OXY": 42.529998779296875,
    "GEO": 17.389999389648438
}
