{
    "VT": 136.63999938964844,
    "ANET": 141.93499755859375,
    "GOOG": 240.24009704589844,
    "PDD": 124.56999969482422,
    "BRK-B": 495.0150146484375,
    "OXY": 46.1150016784668,
    "GEO": 22.200000762939453
}
