{
    "VT": 148.0,
    "ANET": 129.14500427246094,
    "GOOG": 303.95001220703125,
    "PDD": 105.80999755859375
}
