{
    "VT": 141.96499633789062,
    "ANET": 156.7550048828125,
    "GOOG": 269.0249938964844,
    "PDD": 138.05999755859375,
    "BRK-B": 484.67999267578125,
    "OXY": 41.04499816894531,
    "GEO": 16.71500015258789
}
