{
    "VT": 140.7100067138672,
    "ANET": 130.9199981689453,
    "GOOG": 317.91729736328125,
    "PDD": 116.77999877929688,
    "BRK-B": 504.8927001953125,
    "OXY": 41.810001373291016,
    "GEO": 16.079999923706055
}
