{
    "VT": 141.22999572753906,
    "ANET": 126.79000091552734,
    "GOOG": 308.7099914550781,
    "PDD": 111.12999725341797,
    "BRK-B": 503.60009765625,
    "OXY": 39.9900016784668,
    "GEO": 16.6200008392334
}
