{
    "VT": 136.8249969482422,
    "ANET": 142.41000366210938,
    "GOOG": 241.8699951171875,
    "PDD": 125.84500122070312,
    "BRK-B": 495.3861083984375,
    "OXY": 45.80500030517578,
    "GEO": 22.229999542236328
}
