{
    "VT": 140.34669494628906,
    "ANET": 127.08999633789062,
    "GOOG": 319.1164855957031,
    "PDD": 116.3499984741211,
    "BRK-B": 511.05029296875,
    "OXY": 41.64500045776367,
    "GEO": 15.746399879455566
}
