{
    "VT": 142.18499755859375,
    "ANET": 133.1199951171875,
    "GOOG": 314.6600036621094,
    "PDD": 114.04000091552734,
    "BRK-B": 504.2200012207031,
    "OXY": 41.37099838256836,
    "GEO": 16.364999771118164
}
