{
    "VT": 142.39999389648438,
    "ANET": 127.79499816894531,
    "GOOG": 322.1700134277344,
    "PDD": 104.51000213623047
}
