{
    "VT": 141.19000244140625,
    "ANET": 133.50999450683594,
    "GOOG": 317.94000244140625,
    "PDD": 114.12000274658203,
    "BRK-B": 493.79998779296875,
    "OXY": 41.44499969482422,
    "GEO": 16.674999237060547
}
