{
    "VT": 136.74989318847656,
    "ANET": 142.12989807128906,
    "GOOG": 241.6699981689453,
    "PDD": 125.5999984741211,
    "BRK-B": 495.0199890136719,
    "OXY": 45.83000183105469,
    "GEO": 22.170000076293945
}
