{
    "VT": 144.385498046875,
    "ANET": 123.36499786376953,
    "GOOG": 329.9837951660156,
    "PDD": 120.0999984741211,
    "BRK-B": 497.8450012207031,
    "OXY": 43.12590026855469,
    "GEO": 17.3799991607666
}
