{
    "VT": 146.34500122070312,
    "ANET": 136.05499267578125,
    "GOOG": 304.9849853515625,
    "PDD": 101.7300033569336
}
