{
    "VT": 141.09500122070312,
    "ANET": 132.58999633789062,
    "GOOG": 308.6448059082031,
    "PDD": 112.27999877929688,
    "BRK-B": 496.92999267578125,
    "OXY": 40.119998931884766,
    "GEO": 16.739999771118164
}
