{
    "VT": 147.19659423828125,
    "ANET": 127.36000061035156,
    "GOOG": 307.6499938964844,
    "PDD": 105.98999786376953
}
