{
    "VT": 136.625,
    "ANET": 142.83999633789062,
    "GOOG": 247.49549865722656,
    "PDD": 130.67999267578125,
    "BRK-B": 499.1400146484375,
    "OXY": 48.010101318359375,
    "GEO": 21.170000076293945
}
