{
    "VT": 142.42349243164062,
    "ANET": 132.9949951171875,
    "GOOG": 320.8796081542969,
    "PDD": 115.33999633789062,
    "BRK-B": 491.8399963378906,
    "OXY": 41.66999816894531,
    "GEO": 16.8700008392334
}
