{
    "VT": 141.13999938964844,
    "ANET": 128.44000244140625,
    "GOOG": 321.4451904296875,
    "PDD": 117.68499755859375,
    "BRK-B": 507.0899963378906,
    "OXY": 42.625,
    "GEO": 17.010000228881836
}
