{
    "VT": 142.94000244140625,
    "ANET": 137.2050018310547,
    "GOOG": 299.6689147949219,
    "PDD": 100.30000305175781
}
