{
    "VT": 147.89500427246094,
    "ANET": 142.08999633789062,
    "GOOG": 324.7900085449219,
    "PDD": 105.5999984741211
}
