{
    "VT": 140.4600067138672,
    "ANET": 125.8550033569336,
    "GOOG": 306.0899963378906,
    "PDD": 108.91999816894531,
    "BRK-B": 501.07501220703125,
    "OXY": 38.98500061035156,
    "GEO": 16.7549991607666
}
