{
    "VT": 135.59500122070312,
    "ANET": 151.05999755859375,
    "GOOG": 241.1699981689453,
    "PDD": 124.05000305175781,
    "BRK-B": 488.1300048828125,
    "OXY": 45.81010055541992,
    "GEO": 21.34000015258789
}
