{
    "VT": 145.11000061035156,
    "ANET": 131.1699981689453,
    "GOOG": 331.0899963378906,
    "PDD": 105.94499969482422
}
