{
    "VT": 147.7449951171875,
    "ANET": 135.91000366210938,
    "GOOG": 314.8999938964844,
    "PDD": 106.47000122070312
}
