{
    "VT": 141.46499633789062,
    "ANET": 155.3800048828125,
    "GOOG": 269.6300048828125,
    "PDD": 137.72500610351562,
    "BRK-B": 485.20001220703125,
    "OXY": 42.244300842285156,
    "GEO": 17.059999465942383
}
