{
    "VT": 137.35000610351562,
    "ANET": 141.34500122070312,
    "GOOG": 251.80999755859375,
    "PDD": 129.71499633789062,
    "BRK-B": 490.70001220703125,
    "OXY": 47.7400016784668,
    "GEO": 21.8799991607666
}
