{
    "VT": 146.73899841308594,
    "ANET": 147.1199951171875,
    "GOOG": 334.0799865722656,
    "PDD": 104.23999786376953
}
