{
    "VT": 140.5780029296875,
    "ANET": 158.1746063232422,
    "GOOG": 280.54998779296875,
    "PDD": 134.64999389648438,
    "BRK-B": 477.6000061035156,
    "OXY": 41.244998931884766,
    "GEO": 17.030000686645508
}
