{
    "VT": 140.49729919433594,
    "ANET": 156.80999755859375,
    "GOOG": 279.9599914550781,
    "PDD": 135.94000244140625,
    "BRK-B": 478.2225036621094,
    "OXY": 40.994998931884766,
    "GEO": 16.65999984741211
}
