{
    "VT": 146.25990295410156,
    "ANET": 148.6562957763672,
    "GOOG": 336.92999267578125,
    "PDD": 101.98999786376953
}
