{
    "VT": 133.65499877929688,
    "ANET": 133.97000122070312,
    "GOOG": 207.99769592285156,
    "PDD": 124.38999938964844,
    "BRK-B": 487.5989990234375,
    "OXY": 45.665000915527344,
    "GEO": 20.709999084472656
}