{
    "VT": 138.52000427246094,
    "ANET": 146.60000610351562,
    "GOOG": 255.38999938964844,
    "PDD": 127.48999786376953,
    "BRK-B": 491.1600036621094,
    "OXY": 41.71699905395508,
    "GEO": 17.06999969482422
}
