{
    "VT": 137.85000610351562,
    "ANET": 145.64500427246094,
    "GOOG": 252.02999877929688,
    "PDD": 133.27999877929688,
    "BRK-B": 489.9700012207031,
    "OXY": 47.220001220703125,
    "GEO": 21.959800720214844
}
