{
    "VT": 142.11000061035156,
    "ANET": 133.8300018310547,
    "GOOG": 314.6000061035156,
    "PDD": 114.07990264892578,
    "BRK-B": 502.5,
    "OXY": 40.88999938964844,
    "GEO": 16.399999618530273
}
