{
    "VT": 146.6750030517578,
    "ANET": 136.1750030517578,
    "GOOG": 310.8999938964844,
    "PDD": 100.41000366210938
}
