{
    "VT": 136.67999267578125,
    "ANET": 159.5850067138672,
    "GOOG": 241.75999450683594,
    "PDD": 127.20999908447266,
    "BRK-B": 489.5299987792969,
    "OXY": 42.314998626708984,
    "GEO": 17.549999237060547
}
