{
    "VT": 140.77999877929688,
    "ANET": 161.50999450683594,
    "GOOG": 279.3599853515625,
    "PDD": 135.63999938964844,
    "BRK-B": 477.25,
    "OXY": 40.98500061035156,
    "GEO": 16.649999618530273
}
