{
    "VT": 147.6699981689453,
    "ANET": 128.63400268554688,
    "GOOG": 305.6099853515625,
    "PDD": 105.05999755859375
}
