{
    "VT": 145.00999450683594,
    "ANET": 131.09500122070312,
    "GOOG": 330.2699890136719,
    "PDD": 105.96959686279297
}
