{
    "VT": 137.2100067138672,
    "ANET": 143.3076934814453,
    "GOOG": 246.99000549316406,
    "PDD": 131.22999572753906,
    "BRK-B": 498.1700134277344,
    "OXY": 48.224998474121094,
    "GEO": 21.010000228881836
}
