{
    "VT": 142.24000549316406,
    "ANET": 132.72000122070312,
    "GOOG": 320.3299865722656,
    "PDD": 115.41000366210938,
    "BRK-B": 491.9049987792969,
    "OXY": 41.625,
    "GEO": 16.889999389648438
}
