{
    "VT": 140.4499969482422,
    "ANET": 154.87100219726562,
    "GOOG": 260.8500061035156,
    "PDD": 134.13499450683594,
    "BRK-B": 490.75390625,
    "OXY": 42.71500015258789,
    "GEO": 17.299999237060547
}
