{
    "VT": 137.3249969482422,
    "ANET": 141.5500030517578,
    "GOOG": 248.4199981689453,
    "PDD": 133.4199981689453,
    "BRK-B": 495.19500732421875,
    "OXY": 47.64500045776367,
    "GEO": 21.969999313354492
}
