{
    "VT": 139.47000122070312,
    "ANET": 156.3699951171875,
    "GOOG": 244.8699951171875,
    "PDD": 133.6999969482422,
    "BRK-B": 500.3374938964844,
    "OXY": 45.59000015258789,
    "GEO": 18.424999237060547
}
