{
    "VT": 140.2899932861328,
    "ANET": 154.5,
    "GOOG": 260.9599914550781,
    "PDD": 134.1300048828125,
    "BRK-B": 489.7749938964844,
    "OXY": 42.775001525878906,
    "GEO": 17.270000457763672
}
