{
    "VT": 141.30999755859375,
    "ANET": 134.02999877929688,
    "GOOG": 299.989990234375,
    "PDD": 101.91000366210938
}
