{
    "VT": 143.63999938964844,
    "ANET": 124.92500305175781,
    "GOOG": 300.57000732421875,
    "PDD": 99.98999786376953
}
