{
    "VT": 138.74420166015625,
    "ANET": 146.35000610351562,
    "GOOG": 256.1099853515625,
    "PDD": 127.44999694824219,
    "BRK-B": 490.7200012207031,
    "OXY": 41.790000915527344,
    "GEO": 16.969999313354492
}
