{
    "VT": 143.36000061035156,
    "ANET": 124.375,
    "GOOG": 324.3900146484375,
    "PDD": 121.07499694824219,
    "BRK-B": 500.7825012207031,
    "OXY": 41.314998626708984,
    "GEO": 16.231000900268555
}
