{
    "VT": 136.7364959716797,
    "ANET": 142.02999877929688,
    "GOOG": 248.38009643554688,
    "PDD": 130.16000366210938,
    "BRK-B": 500.30999755859375,
    "OXY": 48.025001525878906,
    "GEO": 20.92009925842285
}
