{
    "VT": 135.0623016357422,
    "ANET": 142.06500244140625,
    "GOOG": 237.2899932861328,
    "PDD": 126.74500274658203,
    "BRK-B": 492.0299987792969,
    "OXY": 45.720001220703125,
    "GEO": 21.186199188232422
}
