{
    "VT": 139.0500030517578,
    "ANET": 147.85499572753906,
    "GOOG": 256.04998779296875,
    "PDD": 129.0,
    "BRK-B": 492.38580322265625,
    "OXY": 41.25,
    "GEO": 16.899999618530273
}
