{
    "VT": 140.67559814453125,
    "ANET": 128.8300018310547,
    "GOOG": 316.67999267578125,
    "PDD": 119.41999816894531,
    "BRK-B": 511.9049987792969,
    "OXY": 42.6150016784668,
    "GEO": 16.309999465942383
}
