{
    "VT": 144.97000122070312,
    "ANET": 122.79109954833984,
    "GOOG": 328.8949890136719,
    "PDD": 118.375,
    "BRK-B": 497.92999267578125,
    "OXY": 42.599998474121094,
    "GEO": 17.510000228881836
}
