{
    "VT": 145.64999389648438,
    "ANET": 144.49029541015625,
    "GOOG": 339.0299987792969,
    "PDD": 101.87999725341797
}
