{
    "VT": 141.2899932861328,
    "ANET": 134.1699981689453,
    "GOOG": 286.3800048828125,
    "PDD": 136.01499938964844,
    "BRK-B": 501.79998779296875,
    "OXY": 41.970001220703125,
    "GEO": 14.890000343322754
}
