{
    "VT": 146.88499450683594,
    "ANET": 128.3699951171875,
    "GOOG": 305.42999267578125,
    "PDD": 102.9800033569336
}
