{
    "VT": 137.02000427246094,
    "ANET": 124.31999969482422,
    "GOOG": 288.07501220703125,
    "PDD": 120.0199966430664,
    "BRK-B": 504.864990234375,
    "OXY": 42.3650016784668,
    "GEO": 14.670000076293945
}
