{
    "VT": 140.17999267578125,
    "ANET": 125.81500244140625,
    "GOOG": 304.6217041015625,
    "PDD": 108.41500091552734,
    "BRK-B": 500.3363037109375,
    "OXY": 38.95000076293945,
    "GEO": 16.75
}
