{
    "VT": 135.9799041748047,
    "ANET": 149.83120727539062,
    "GOOG": 239.75999450683594,
    "PDD": 124.16999816894531,
    "BRK-B": 488.2049865722656,
    "OXY": 45.64500045776367,
    "GEO": 21.440000534057617
}
