{
    "VT": 141.36000061035156,
    "ANET": 134.8800048828125,
    "GOOG": 285.32000732421875,
    "PDD": 135.96319580078125,
    "BRK-B": 500.0274963378906,
    "OXY": 41.810001373291016,
    "GEO": 14.885000228881836
}
