{
    "VT": 146.875,
    "ANET": 148.43800354003906,
    "GOOG": 335.6300048828125,
    "PDD": 106.2699966430664
}
