{
    "VT": 143.25999450683594,
    "ANET": 128.49000549316406,
    "GOOG": 318.4849853515625,
    "PDD": 102.13500213623047
}
