{
    "VT": 141.3249969482422,
    "ANET": 127.26119995117188,
    "GOOG": 309.1675109863281,
    "PDD": 111.18000030517578,
    "BRK-B": 503.1199951171875,
    "OXY": 39.900001525878906,
    "GEO": 16.645000457763672
}
