{
    "VT": 133.15499877929688,
    "ANET": 136.77499389648438,
    "GOOG": 227.65499877929688,
    "PDD": 120.30999755859375,
    "BRK-B": 499.29998779296875,
    "OXY": 48.064998626708984,
    "GEO": 21.040000915527344
}
