{
    "VT": 141.8260955810547,
    "ANET": 134.05999755859375,
    "GOOG": 313.4849853515625,
    "PDD": 113.30000305175781,
    "BRK-B": 499.2699890136719,
    "OXY": 40.27510070800781,
    "GEO": 16.329999923706055
}
