{
    "VT": 136.90499877929688,
    "ANET": 131.3800048828125,
    "GOOG": 298.6000061035156,
    "PDD": 96.91500091552734
}
