{
    "VT": 145.5800018310547,
    "ANET": 141.27349853515625,
    "GOOG": 338.0400085449219,
    "PDD": 102.0
}
