{
    "VT": 136.1699981689453,
    "ANET": 142.40499877929688,
    "GOOG": 246.7100067138672,
    "PDD": 131.32000732421875,
    "BRK-B": 495.92999267578125,
    "OXY": 47.154998779296875,
    "GEO": 21.31999969482422
}
