{
    "VT": 133.07000732421875,
    "ANET": 136.85000610351562,
    "GOOG": 229.79859924316406,
    "PDD": 123.25,
    "BRK-B": 498.94580078125,
    "OXY": 46.595001220703125,
    "GEO": 21.079999923706055
}
