{
    "VT": 132.82000732421875,
    "ANET": 131.8000030517578,
    "GOOG": 203.4949951171875,
    "PDD": 126.83999633789062,
    "BRK-B": 492.1994934082031,
    "OXY": 45.06999969482422,
    "GEO": 21.174999237060547
}