{
    "VT": 146.5800018310547,
    "ANET": 148.74000549316406,
    "GOOG": 333.0445861816406,
    "PDD": 103.87999725341797
}
