{
    "VT": 141.43069458007812,
    "ANET": 156.3699951171875,
    "GOOG": 265.8599853515625,
    "PDD": 137.6999969482422,
    "BRK-B": 489.6549987792969,
    "OXY": 42.404300689697266,
    "GEO": 17.190000534057617
}
