{
    "VT": 141.11500549316406,
    "ANET": 129.75,
    "GOOG": 318.33221435546875,
    "PDD": 116.37999725341797,
    "BRK-B": 491.5350036621094,
    "OXY": 41.6150016784668,
    "GEO": 16.648099899291992
}
