{
    "VT": 135.8896942138672,
    "ANET": 149.8300018310547,
    "GOOG": 240.22500610351562,
    "PDD": 124.61000061035156,
    "BRK-B": 487.55499267578125,
    "OXY": 45.428001403808594,
    "GEO": 21.18000030517578
}
