{
    "VT": 140.7100067138672,
    "ANET": 126.4000015258789,
    "GOOG": 306.760009765625,
    "PDD": 109.05000305175781,
    "BRK-B": 501.7900085449219,
    "OXY": 39.09000015258789,
    "GEO": 16.774999618530273
}
