{
    "VT": 147.52999877929688,
    "ANET": 128.85000610351562,
    "GOOG": 310.9100036621094,
    "PDD": 106.0999984741211
}
