{
    "VT": 139.3800048828125,
    "ANET": 154.78500366210938,
    "GOOG": 245.99000549316406,
    "PDD": 133.77499389648438,
    "BRK-B": 502.92999267578125,
    "OXY": 45.30500030517578,
    "GEO": 18.690000534057617
}
