{
    "VT": 139.03089904785156,
    "ANET": 152.47500610351562,
    "GOOG": 279.1028137207031,
    "PDD": 132.14999389648438,
    "BRK-B": 480.6000061035156,
    "OXY": 39.869998931884766,
    "GEO": 16.469999313354492
}
