{
    "VT": 137.1750030517578,
    "ANET": 144.0500030517578,
    "GOOG": 241.5399932861328,
    "PDD": 131.61500549316406,
    "BRK-B": 501.4049987792969,
    "OXY": 46.5989990234375,
    "GEO": 20.40999984741211
}
