{
    "VT": 146.35499572753906,
    "ANET": 144.9499969482422,
    "GOOG": 306.3999938964844,
    "PDD": 100.29000091552734
}
