{
    "VT": 141.11500549316406,
    "ANET": 129.03550720214844,
    "GOOG": 317.55999755859375,
    "PDD": 115.93000030517578,
    "BRK-B": 505.7839050292969,
    "OXY": 42.46500015258789,
    "GEO": 16.924999237060547
}
