{
    "VT": 141.14999389648438,
    "ANET": 135.77999877929688,
    "GOOG": 302.8699951171875,
    "PDD": 102.41000366210938
}
