{
    "VT": 141.39500427246094,
    "ANET": 156.61000061035156,
    "GOOG": 265.42999267578125,
    "PDD": 137.58999633789062,
    "BRK-B": 488.3699951171875,
    "OXY": 42.584999084472656,
    "GEO": 17.135000228881836
}
