{
    "VT": 139.59500122070312,
    "ANET": 152.42999267578125,
    "GOOG": 246.77999877929688,
    "PDD": 134.89999389648438,
    "BRK-B": 504.3399963378906,
    "OXY": 45.189998626708984,
    "GEO": 19.975000381469727
}
