{
    "VT": 137.28500366210938,
    "ANET": 151.0500030517578,
    "GOOG": 243.1699981689453,
    "PDD": 127.69000244140625,
    "BRK-B": 492.42999267578125,
    "OXY": 42.26729965209961,
    "GEO": 17.290000915527344
}
