{
    "VT": 139.5449981689453,
    "ANET": 122.55999755859375,
    "GOOG": 299.1099853515625,
    "PDD": 104.8550033569336,
    "BRK-B": 504.06829833984375,
    "OXY": 40.26499938964844,
    "GEO": 16.709999084472656
}
