{
    "VT": 138.7949981689453,
    "ANET": 144.1199951171875,
    "GOOG": 245.0050048828125,
    "PDD": 135.41000366210938,
    "BRK-B": 496.0199890136719,
    "OXY": 44.32500076293945,
    "GEO": 20.709299087524414
}
