{
    "VT": 138.74729919433594,
    "ANET": 161.39529418945312,
    "GOOG": 243.24000549316406,
    "PDD": 131.41000366210938,
    "BRK-B": 494.5700988769531,
    "OXY": 43.630001068115234,
    "GEO": 18.280000686645508
}
