{
    "VT": 139.53790283203125,
    "ANET": 153.0850067138672,
    "GOOG": 254.42999267578125,
    "PDD": 133.2899932861328,
    "BRK-B": 490.739990234375,
    "OXY": 43.005001068115234,
    "GEO": 17.420000076293945
}
