{
    "VT": 146.67950439453125,
    "ANET": 148.2949981689453,
    "GOOG": 333.7900085449219,
    "PDD": 104.0
}
