{
    "VT": 144.7550048828125,
    "ANET": 129.3300018310547,
    "GOOG": 339.2900085449219,
    "PDD": 111.0,
    "BRK-B": 495.260009765625,
    "OXY": 43.66999816894531,
    "GEO": 17.329999923706055
}
