{
    "VT": 132.27499389648438,
    "ANET": 131.64149475097656,
    "GOOG": 200.7949981689453,
    "PDD": 123.05999755859375,
    "BRK-B": 488.3500061035156,
    "OXY": 44.720001220703125,
    "GEO": 21.229999542236328
}