{
    "VT": 138.32000732421875,
    "ANET": 144.4499969482422,
    "GOOG": 251.50999450683594,
    "PDD": 129.19000244140625,
    "BRK-B": 490.0350036621094,
    "OXY": 41.19499969482422,
    "GEO": 17.114999771118164
}
