{
    "VT": 133.19500732421875,
    "ANET": 134.98500061035156,
    "GOOG": 201.4792022705078,
    "PDD": 117.93000030517578,
    "BRK-B": 483.67999267578125,
    "OXY": 44.22999954223633,
    "GEO": 21.649999618530273
}