{
    "VT": 145.13499450683594,
    "ANET": 144.1999969482422,
    "GOOG": 338.42999267578125,
    "PDD": 101.3949966430664
}
