{
    "VT": 147.57650756835938,
    "ANET": 140.9600067138672,
    "GOOG": 325.3399963378906,
    "PDD": 106.66999816894531
}
