{
    "VT": 137.38999938964844,
    "ANET": 132.2449951171875,
    "GOOG": 301.1700134277344,
    "PDD": 97.33999633789062
}
