{
    "VT": 133.73500061035156,
    "ANET": 132.75,
    "GOOG": 207.55740356445312,
    "PDD": 120.72000122070312,
    "BRK-B": 494.92999267578125,
    "OXY": 46.83000183105469,
    "GEO": 20.860000610351562
}