{
    "VT": 144.92999267578125,
    "ANET": 129.77999877929688,
    "GOOG": 340.3900146484375,
    "PDD": 111.6500015258789,
    "BRK-B": 493.81988525390625,
    "OXY": 43.24209976196289,
    "GEO": 17.290000915527344
}
