{
    "VT": 140.41000366210938,
    "ANET": 127.11000061035156,
    "GOOG": 319.6499938964844,
    "PDD": 116.97000122070312,
    "BRK-B": 512.5,
    "OXY": 41.959999084472656,
    "GEO": 15.729999542236328
}
