{
    "VT": 137.32009887695312,
    "ANET": 149.06500244140625,
    "GOOG": 255.13999938964844,
    "PDD": 130.80999755859375,
    "BRK-B": 491.54180908203125,
    "OXY": 46.154998779296875,
    "GEO": 21.899999618530273
}
