{
    "VT": 139.72500610351562,
    "ANET": 154.74000549316406,
    "GOOG": 279.14788818359375,
    "PDD": 133.85499572753906,
    "BRK-B": 482.6650085449219,
    "OXY": 40.150001525878906,
    "GEO": 16.450000762939453
}
