{
    "VT": 139.63229370117188,
    "ANET": 152.57000732421875,
    "GOOG": 249.14999389648438,
    "PDD": 134.89999389648438,
    "BRK-B": 502.94000244140625,
    "OXY": 45.77000045776367,
    "GEO": 19.83930015563965
}
