{
    "VT": 141.15499877929688,
    "ANET": 128.97000122070312,
    "GOOG": 317.6499938964844,
    "PDD": 115.81999969482422,
    "BRK-B": 501.7250061035156,
    "OXY": 42.564998626708984,
    "GEO": 17.104999542236328
}
