{
    "VT": 140.2100067138672,
    "ANET": 122.97010040283203,
    "GOOG": 300.5552062988281,
    "PDD": 105.69999694824219,
    "BRK-B": 501.7701110839844,
    "OXY": 39.790000915527344,
    "GEO": 16.875
}
