{
    "VT": 146.82859802246094,
    "ANET": 136.44500732421875,
    "GOOG": 310.20001220703125,
    "PDD": 101.54000091552734
}
