{
    "VT": 139.110107421875,
    "ANET": 153.97000122070312,
    "GOOG": 277.93011474609375,
    "PDD": 133.5399932861328,
    "BRK-B": 488.385009765625,
    "OXY": 40.10580062866211,
    "GEO": 16.5049991607666
}
