{
    "VT": 145.99000549316406,
    "ANET": 143.75,
    "GOOG": 335.8599853515625,
    "PDD": 107.3499984741211
}
