{
    "VT": 141.10000610351562,
    "ANET": 128.42999267578125,
    "GOOG": 318.1199951171875,
    "PDD": 116.58000183105469,
    "BRK-B": 502.135009765625,
    "OXY": 42.6349983215332,
    "GEO": 17.25
}
