{
    "VT": 145.42750549316406,
    "ANET": 133.72999572753906,
    "GOOG": 326.67999267578125,
    "PDD": 102.41000366210938
}
