{
    "VT": 140.19419860839844,
    "ANET": 141.79849243164062,
    "GOOG": 283.4800109863281,
    "PDD": 136.2299041748047,
    "BRK-B": 491.625,
    "OXY": 40.28929901123047,
    "GEO": 16.739999771118164
}
