{
    "VT": 146.42999267578125,
    "ANET": 135.63999938964844,
    "GOOG": 309.44000244140625,
    "PDD": 99.97000122070312
}
