{
    "VT": 144.64500427246094,
    "ANET": 122.95010375976562,
    "GOOG": 330.4847106933594,
    "PDD": 120.4000015258789,
    "BRK-B": 498.4100036621094,
    "OXY": 43.11000061035156,
    "GEO": 17.665000915527344
}
