{
    "VT": 138.77499389648438,
    "ANET": 162.3699951171875,
    "GOOG": 243.45799255371094,
    "PDD": 131.5500030517578,
    "BRK-B": 494.4577941894531,
    "OXY": 43.66999816894531,
    "GEO": 18.13010025024414
}
