{
    "VT": 137.13980102539062,
    "ANET": 132.75,
    "GOOG": 299.26470947265625,
    "PDD": 97.0199966430664
}
