{
    "VT": 146.97999572753906,
    "ANET": 130.38499450683594,
    "GOOG": 307.5,
    "PDD": 102.58999633789062
}
