{
    "VT": 139.52000427246094,
    "ANET": 133.3300018310547,
    "GOOG": 278.18280029296875,
    "PDD": 130.3800048828125,
    "BRK-B": 512.6500244140625,
    "OXY": 42.70000076293945,
    "GEO": 15.170000076293945
}
