{
    "VT": 145.80499267578125,
    "ANET": 135.4600067138672,
    "GOOG": 323.0799865722656,
    "PDD": 104.86000061035156
}
