{
    "VT": 147.78500366210938,
    "ANET": 129.77000427246094,
    "GOOG": 306.1099853515625,
    "PDD": 105.44999694824219
}
