{
    "VT": 147.61000061035156,
    "ANET": 141.43499755859375,
    "GOOG": 326.3699951171875,
    "PDD": 105.94499969482422
}
