{
    "VT": 141.72999572753906,
    "ANET": 131.86000061035156,
    "GOOG": 319.239990234375,
    "PDD": 114.98500061035156,
    "BRK-B": 492.6300048828125,
    "OXY": 41.619998931884766,
    "GEO": 16.809999465942383
}
