{
    "VT": 133.02000427246094,
    "ANET": 137.50999450683594,
    "GOOG": 202.8800048828125,
    "PDD": 115.91999816894531,
    "BRK-B": 475.4700012207031,
    "OXY": 44.165000915527344,
    "GEO": 20.434999465942383
}