{
    "VT": 134.13999938964844,
    "ANET": 142.34249877929688,
    "GOOG": 234.05160522460938,
    "PDD": 125.08000183105469,
    "BRK-B": 499.29998779296875,
    "OXY": 45.64500045776367,
    "GEO": 20.889999389648438
}
