{
    "VT": 143.8699951171875,
    "ANET": 131.4499969482422,
    "GOOG": 321.7799987792969,
    "PDD": 121.27999877929688,
    "BRK-B": 494.20001220703125,
    "OXY": 41.31999969482422,
    "GEO": 16.014999389648438
}
