{
    "VT": 141.72999572753906,
    "ANET": 128.8000030517578,
    "GOOG": 321.27520751953125,
    "PDD": 117.66999816894531,
    "BRK-B": 504.989990234375,
    "OXY": 42.875,
    "GEO": 17.079999923706055
}
