{
    "VT": 142.5,
    "ANET": 127.66000366210938,
    "GOOG": 323.6300048828125,
    "PDD": 104.69000244140625
}
