{
    "VT": 134.5,
    "ANET": 132.52999877929688,
    "GOOG": 208.4600067138672,
    "PDD": 127.02999877929688,
    "BRK-B": 487.7937927246094,
    "OXY": 45.7223014831543,
    "GEO": 21.299999237060547
}