{
    "VT": 141.9949951171875,
    "ANET": 131.1999969482422,
    "GOOG": 316.0199890136719,
    "PDD": 112.0199966430664,
    "BRK-B": 501.239990234375,
    "OXY": 40.150001525878906,
    "GEO": 16.3700008392334
}
