{
    "VT": 147.55499267578125,
    "ANET": 128.77499389648438,
    "GOOG": 304.9599914550781,
    "PDD": 104.9000015258789
}
