{
    "VT": 138.4600067138672,
    "ANET": 133.47500610351562,
    "GOOG": 285.3699951171875,
    "PDD": 137.22999572753906,
    "BRK-B": 492.92999267578125,
    "OXY": 39.93920135498047,
    "GEO": 15.244999885559082
}
