{
    "VT": 133.47500610351562,
    "ANET": 136.2100067138672,
    "GOOG": 207.125,
    "PDD": 119.12000274658203,
    "BRK-B": 476.57818603515625,
    "OXY": 44.94499969482422,
    "GEO": 20.885000228881836
}