{
    "VT": 137.5,
    "ANET": 142.8300018310547,
    "GOOG": 252.27999877929688,
    "PDD": 129.11000061035156,
    "BRK-B": 492.1400146484375,
    "OXY": 40.7400016784668,
    "GEO": 16.684999465942383
}
