{
    "VT": 138.79989624023438,
    "ANET": 142.3000030517578,
    "GOOG": 253.36000061035156,
    "PDD": 130.48500061035156,
    "BRK-B": 492.114990234375,
    "OXY": 41.560001373291016,
    "GEO": 17.190000534057617
}
