{
    "VT": 141.27499389648438,
    "ANET": 124.83000183105469,
    "GOOG": 310.989990234375,
    "PDD": 111.91000366210938,
    "BRK-B": 497.489990234375,
    "OXY": 40.95989990234375,
    "GEO": 17.065000534057617
}
