{
    "VT": 139.89500427246094,
    "ANET": 122.82499694824219,
    "GOOG": 300.7699890136719,
    "PDD": 105.2249984741211,
    "BRK-B": 502.7699890136719,
    "OXY": 40.084999084472656,
    "GEO": 16.7450008392334
}
