{
    "VT": 141.34500122070312,
    "ANET": 131.74000549316406,
    "GOOG": 309.75,
    "PDD": 112.68000030517578,
    "BRK-B": 499.03448486328125,
    "OXY": 40.13999938964844,
    "GEO": 16.584999084472656
}
