{
    "VT": 133.5800018310547,
    "ANET": 133.75999450683594,
    "GOOG": 208.01499938964844,
    "PDD": 125.2300033569336,
    "BRK-B": 486.75,
    "OXY": 45.59000015258789,
    "GEO": 20.6299991607666
}