{
    "VT": 146.75999450683594,
    "ANET": 138.77499389648438,
    "GOOG": 303.0299987792969,
    "PDD": 103.28500366210938
}
