{
    "VT": 139.19500732421875,
    "ANET": 153.14999389648438,
    "GOOG": 246.1649932861328,
    "PDD": 133.47000122070312,
    "BRK-B": 500.9800109863281,
    "OXY": 44.88999938964844,
    "GEO": 18.709999084472656
}
