{
    "VT": 144.11500549316406,
    "ANET": 124.9801025390625,
    "GOOG": 302.5375061035156,
    "PDD": 100.74500274658203
}
