{
    "VT": 141.70989990234375,
    "ANET": 133.16000366210938,
    "GOOG": 312.1499938964844,
    "PDD": 116.2699966430664,
    "BRK-B": 494.5799865722656,
    "OXY": 41.88999938964844,
    "GEO": 15.850000381469727
}
