{
    "VT": 137.34500122070312,
    "ANET": 125.58999633789062,
    "GOOG": 301.1650085449219,
    "PDD": 118.94000244140625,
    "BRK-B": 498.4200134277344,
    "OXY": 41.4900016784668,
    "GEO": 14.6899995803833
}
