{
    "VT": 147.01499938964844,
    "ANET": 146.8800048828125,
    "GOOG": 335.7699890136719,
    "PDD": 106.8499984741211
}
