{
    "VT": 137.80499267578125,
    "ANET": 121.75,
    "GOOG": 317.5,
    "PDD": 113.77999877929688,
    "BRK-B": 501.4549865722656,
    "OXY": 41.55500030517578,
    "GEO": 15.300000190734863
}
