{
    "VT": 137.0399932861328,
    "ANET": 160.22999572753906,
    "GOOG": 241.60499572753906,
    "PDD": 128.5399932861328,
    "BRK-B": 489.32000732421875,
    "OXY": 42.33000183105469,
    "GEO": 17.15999984741211
}
