{
    "VT": 141.3350067138672,
    "ANET": 131.04010009765625,
    "GOOG": 310.5880126953125,
    "PDD": 113.08999633789062,
    "BRK-B": 499.54998779296875,
    "OXY": 40.1156005859375,
    "GEO": 16.520000457763672
}
