{
    "VT": 141.5572052001953,
    "ANET": 128.1300048828125,
    "GOOG": 321.1099853515625,
    "PDD": 117.4000015258789,
    "BRK-B": 504.7149963378906,
    "OXY": 42.689998626708984,
    "GEO": 17.200000762939453
}
