{
    "VT": 145.23500061035156,
    "ANET": 132.7949981689453,
    "GOOG": 304.1000061035156,
    "PDD": 101.34500122070312
}
