{
    "VT": 144.96969604492188,
    "ANET": 136.10000610351562,
    "GOOG": 329.2799987792969,
    "PDD": 107.11000061035156
}
