{
    "VT": 141.11000061035156,
    "ANET": 163.99000549316406,
    "GOOG": 290.1000061035156,
    "PDD": 135.47999572753906,
    "BRK-B": 477.2300109863281,
    "OXY": 40.21500015258789,
    "GEO": 16.719999313354492
}
