{
    "VT": 137.2100067138672,
    "ANET": 143.01400756835938,
    "GOOG": 250.30999755859375,
    "PDD": 135.1300048828125,
    "BRK-B": 492.1700134277344,
    "OXY": 47.30500030517578,
    "GEO": 21.690000534057617
}
