{
    "VT": 144.85499572753906,
    "ANET": 137.57000732421875,
    "GOOG": 331.12701416015625,
    "PDD": 106.55999755859375
}
