{
    "VT": 134.8300018310547,
    "ANET": 141.82000732421875,
    "GOOG": 237.3300018310547,
    "PDD": 124.33499908447266,
    "BRK-B": 496.2149963378906,
    "OXY": 44.880001068115234,
    "GEO": 20.44499969482422
}
