{
    "VT": 146.881103515625,
    "ANET": 135.4199981689453,
    "GOOG": 308.55999755859375,
    "PDD": 103.87999725341797
}
