{
    "VT": 145.972900390625,
    "ANET": 144.36000061035156,
    "GOOG": 334.54998779296875,
    "PDD": 106.80000305175781
}
