{
    "VT": 137.63499450683594,
    "ANET": 147.25999450683594,
    "GOOG": 253.1136016845703,
    "PDD": 129.3520050048828,
    "BRK-B": 493.5849914550781,
    "OXY": 45.8849983215332,
    "GEO": 21.5
}
