{
    "VT": 136.9600067138672,
    "ANET": 126.66999816894531,
    "GOOG": 285.9150085449219,
    "PDD": 122.16500091552734,
    "BRK-B": 504.0,
    "OXY": 41.349998474121094,
    "GEO": 14.800000190734863
}
