{
    "VT": 140.6750030517578,
    "ANET": 128.69500732421875,
    "GOOG": 318.0400085449219,
    "PDD": 118.810302734375,
    "BRK-B": 511.6700134277344,
    "OXY": 42.470001220703125,
    "GEO": 16.0
}
