{
    "VT": 140.1199951171875,
    "ANET": 132.75,
    "GOOG": 279.8299865722656,
    "PDD": 134.77000427246094,
    "BRK-B": 508.7149963378906,
    "OXY": 42.029998779296875,
    "GEO": 14.84000015258789
}
