{
    "VT": 137.49009704589844,
    "ANET": 149.59500122070312,
    "GOOG": 256.1199951171875,
    "PDD": 130.27999877929688,
    "BRK-B": 493.9800109863281,
    "OXY": 46.29999923706055,
    "GEO": 21.704999923706055
}
