{
    "VT": 141.3300018310547,
    "ANET": 126.90499877929688,
    "GOOG": 307.1499938964844,
    "PDD": 111.36009979248047,
    "BRK-B": 502.20001220703125,
    "OXY": 39.89500045776367,
    "GEO": 16.760000228881836
}
