{
    "VT": 141.9199981689453,
    "ANET": 157.0749969482422,
    "GOOG": 268.6376953125,
    "PDD": 137.80999755859375,
    "BRK-B": 483.80999755859375,
    "OXY": 41.18000030517578,
    "GEO": 16.725000381469727
}
