{
    "VT": 142.5800018310547,
    "ANET": 136.61000061035156,
    "GOOG": 299.67999267578125,
    "PDD": 100.55999755859375
}
