{
    "VT": 147.9499969482422,
    "ANET": 136.1199951171875,
    "GOOG": 315.5299987792969,
    "PDD": 106.84500122070312
}
