{
    "VT": 140.75,
    "ANET": 129.4199981689453,
    "GOOG": 317.2782897949219,
    "PDD": 116.81999969482422,
    "BRK-B": 504.0,
    "OXY": 41.650001525878906,
    "GEO": 16.174999237060547
}
