{
    "VT": 137.33999633789062,
    "ANET": 135.27999877929688,
    "GOOG": 277.489990234375,
    "PDD": 133.97000122070312,
    "BRK-B": 498.5000915527344,
    "OXY": 40.8849983215332,
    "GEO": 15.050000190734863
}
