{
    "VT": 136.89999389648438,
    "ANET": 152.92999267578125,
    "GOOG": 242.44000244140625,
    "PDD": 126.4000015258789,
    "BRK-B": 496.26251220703125,
    "OXY": 45.935001373291016,
    "GEO": 23.0049991607666
}
