{
    "VT": 144.77000427246094,
    "ANET": 125.23999786376953,
    "GOOG": 338.7300109863281,
    "PDD": 112.5,
    "BRK-B": 494.80499267578125,
    "OXY": 43.47999954223633,
    "GEO": 17.170000076293945
}
