{
    "VT": 145.22500610351562,
    "ANET": 129.1199951171875,
    "GOOG": 335.239990234375,
    "PDD": 106.55000305175781
}
