{
    "VT": 137.33999633789062,
    "ANET": 144.43499755859375,
    "GOOG": 241.3800048828125,
    "PDD": 132.47500610351562,
    "BRK-B": 500.38330078125,
    "OXY": 46.53499984741211,
    "GEO": 20.480100631713867
}
