{
    "VT": 136.3000030517578,
    "ANET": 116.93499755859375,
    "GOOG": 298.6499938964844,
    "PDD": 113.22000122070312,
    "BRK-B": 505.7300109863281,
    "OXY": 41.28499984741211,
    "GEO": 15.192999839782715
}
