{
    "VT": 146.31500244140625,
    "ANET": 148.18499755859375,
    "GOOG": 336.3999938964844,
    "PDD": 102.2300033569336
}
