{
    "VT": 147.33999633789062,
    "ANET": 135.91000366210938,
    "GOOG": 314.5199890136719,
    "PDD": 106.87999725341797
}
