{
    "VT": 141.05999755859375,
    "ANET": 131.35000610351562,
    "GOOG": 313.3949890136719,
    "PDD": 116.91000366210938,
    "BRK-B": 496.385009765625,
    "OXY": 41.275001525878906,
    "GEO": 16.920000076293945
}
