{
    "VT": 142.13499450683594,
    "ANET": 160.02999877929688,
    "GOOG": 272.8299865722656,
    "PDD": 137.625,
    "BRK-B": 476.70928955078125,
    "OXY": 40.939998626708984,
    "GEO": 17.329999923706055
}
