{
    "VT": 141.33790588378906,
    "ANET": 134.38999938964844,
    "GOOG": 285.1600036621094,
    "PDD": 136.00999450683594,
    "BRK-B": 501.2099914550781,
    "OXY": 41.875,
    "GEO": 14.90999984741211
}
