{
    "VT": 141.98500061035156,
    "ANET": 135.38999938964844,
    "GOOG": 319.6099853515625,
    "PDD": 111.08999633789062,
    "BRK-B": 493.92950439453125,
    "OXY": 41.119998931884766,
    "GEO": 16.959999084472656
}
