{
    "VT": 142.09500122070312,
    "ANET": 132.78500366210938,
    "GOOG": 306.8699951171875,
    "PDD": 105.29000091552734
}
