{
    "VT": 137.14999389648438,
    "ANET": 145.89999389648438,
    "GOOG": 243.67999267578125,
    "PDD": 128.25999450683594,
    "BRK-B": 491.0799865722656,
    "OXY": 42.314998626708984,
    "GEO": 17.31999969482422
}
