{
    "VT": 141.23500061035156,
    "ANET": 135.72999572753906,
    "GOOG": 290.7799987792969,
    "PDD": 137.72000122070312,
    "BRK-B": 496.4849853515625,
    "OXY": 42.095001220703125,
    "GEO": 15.03499984741211
}
