{
    "VT": 137.64999389648438,
    "ANET": 159.66000366210938,
    "GOOG": 241.5399932861328,
    "PDD": 128.17999267578125,
    "BRK-B": 492.3699951171875,
    "OXY": 43.29499816894531,
    "GEO": 17.954999923706055
}
