{
    "VT": 132.43719482421875,
    "ANET": 129.8800048828125,
    "GOOG": 200.50999450683594,
    "PDD": 118.65499877929688,
    "BRK-B": 488.8999938964844,
    "OXY": 44.314998626708984,
    "GEO": 21.75
}