{
    "VT": 143.4250030517578,
    "ANET": 136.47999572753906,
    "GOOG": 316.0450134277344,
    "PDD": 118.93000030517578,
    "BRK-B": 501.6448974609375,
    "OXY": 41.26499938964844,
    "GEO": 16.43000030517578
}
