{
    "VT": 142.125,
    "ANET": 134.69000244140625,
    "GOOG": 321.8800048828125,
    "PDD": 115.88999938964844,
    "BRK-B": 497.739990234375,
    "OXY": 41.150001525878906,
    "GEO": 15.835000038146973
}
