{
    "VT": 146.8800048828125,
    "ANET": 138.32000732421875,
    "GOOG": 322.2200012207031,
    "PDD": 106.04000091552734
}
