{
    "VT": 146.47999572753906,
    "ANET": 143.02000427246094,
    "GOOG": 302.2449951171875,
    "PDD": 102.27999877929688
}
