{
    "VT": 146.1699981689453,
    "ANET": 136.85000610351562,
    "GOOG": 303.55999755859375,
    "PDD": 101.2249984741211
}
