{
    "VT": 136.25999450683594,
    "ANET": 142.77999877929688,
    "GOOG": 246.81509399414062,
    "PDD": 131.16000366210938,
    "BRK-B": 495.3854064941406,
    "OXY": 47.125,
    "GEO": 21.309999465942383
}
