{
    "VT": 137.3000030517578,
    "ANET": 143.16000366210938,
    "GOOG": 244.67999267578125,
    "PDD": 130.96499633789062,
    "BRK-B": 498.2196044921875,
    "OXY": 47.89500045776367,
    "GEO": 20.93910026550293
}
