{
    "VT": 146.52000427246094,
    "ANET": 150.11000061035156,
    "GOOG": 334.9700012207031,
    "PDD": 103.55999755859375
}
