{
    "VT": 134.214599609375,
    "ANET": 142.47999572753906,
    "GOOG": 233.35000610351562,
    "PDD": 125.03500366210938,
    "BRK-B": 499.19500732421875,
    "OXY": 45.630001068115234,
    "GEO": 21.0
}
