{
    "VT": 133.5800018310547,
    "ANET": 134.11000061035156,
    "GOOG": 208.7427978515625,
    "PDD": 120.58999633789062,
    "BRK-B": 495.25,
    "OXY": 46.85499954223633,
    "GEO": 20.915000915527344
}