{
    "VT": 135.7449951171875,
    "ANET": 150.3350067138672,
    "GOOG": 241.6300048828125,
    "PDD": 123.88500213623047,
    "BRK-B": 489.095703125,
    "OXY": 45.8849983215332,
    "GEO": 21.270000457763672
}
