{
    "VT": 140.0850067138672,
    "ANET": 155.9499969482422,
    "GOOG": 279.9700012207031,
    "PDD": 135.10000610351562,
    "BRK-B": 476.760009765625,
    "OXY": 41.11259841918945,
    "GEO": 16.65999984741211
}
