{
    "VT": 141.3455047607422,
    "ANET": 131.2449951171875,
    "GOOG": 313.95001220703125,
    "PDD": 113.18000030517578,
    "BRK-B": 504.3800048828125,
    "OXY": 41.185001373291016,
    "GEO": 16.045000076293945
}
