{
    "VT": 142.5449981689453,
    "ANET": 136.2509002685547,
    "GOOG": 305.80499267578125,
    "PDD": 105.0999984741211
}
