{
    "VT": 142.35499572753906,
    "ANET": 138.64999389648438,
    "GOOG": 308.1499938964844,
    "PDD": 102.82
}
