{
    "VT": 137.64999389648438,
    "ANET": 125.81500244140625,
    "GOOG": 284.94000244140625,
    "PDD": 129.6699981689453,
    "BRK-B": 506.3599853515625,
    "OXY": 41.9900016784668,
    "GEO": 14.680000305175781
}
