{
    "VT": 136.2449951171875,
    "ANET": 142.16000366210938,
    "GOOG": 246.2050018310547,
    "PDD": 130.9199981689453,
    "BRK-B": 496.4700012207031,
    "OXY": 47.01499938964844,
    "GEO": 21.299999237060547
}
