{
    "VT": 143.52999877929688,
    "ANET": 128.4250030517578,
    "GOOG": 321.42999267578125,
    "PDD": 101.94000244140625
}
