{
    "VT": 138.356201171875,
    "ANET": 148.82000732421875,
    "GOOG": 244.9600067138672,
    "PDD": 134.3699951171875,
    "BRK-B": 498.3900146484375,
    "OXY": 47.36000061035156,
    "GEO": 21.510000228881836
}
