{
    "VT": 134.4499969482422,
    "ANET": 131.1199951171875,
    "GOOG": 208.02999877929688,
    "PDD": 131.4799041748047,
    "BRK-B": 487.55059814453125,
    "OXY": 45.650001525878906,
    "GEO": 21.475000381469727
}