{
    "VT": 145.1300048828125,
    "ANET": 147.51499938964844,
    "GOOG": 328.1199951171875,
    "PDD": 101.81999969482422
}
