{
    "VT": 134.52000427246094,
    "ANET": 136.19000244140625,
    "GOOG": 212.77999877929688,
    "PDD": 122.1500015258789,
    "BRK-B": 499.2200927734375,
    "OXY": 47.45000076293945,
    "GEO": 20.559999465942383
}