{
    "VT": 141.02499389648438,
    "ANET": 129.9600067138672,
    "GOOG": 317.8349914550781,
    "PDD": 116.8949966430664,
    "BRK-B": 491.3599853515625,
    "OXY": 41.67499923706055,
    "GEO": 16.708999633789062
}
