{
    "VT": 146.13999938964844,
    "ANET": 145.4600067138672,
    "GOOG": 339.1199951171875,
    "PDD": 102.11499786376953
}
