{
    "VT": 134.43499755859375,
    "ANET": 132.3699951171875,
    "GOOG": 205.1199951171875,
    "PDD": 127.16999816894531,
    "BRK-B": 489.53961181640625,
    "OXY": 45.904998779296875,
    "GEO": 21.440000534057617
}