{
    "VT": 142.55999755859375,
    "ANET": 130.77279663085938,
    "GOOG": 315.6700134277344,
    "PDD": 114.30000305175781,
    "BRK-B": 500.69000244140625,
    "OXY": 39.965999603271484,
    "GEO": 16.399999618530273
}
