{
    "VT": 136.78500366210938,
    "ANET": 151.47999572753906,
    "GOOG": 240.6699981689453,
    "PDD": 126.46499633789062,
    "BRK-B": 496.0504150390625,
    "OXY": 46.02000045776367,
    "GEO": 22.875
}
