{
    "VT": 139.63900756835938,
    "ANET": 152.62600708007812,
    "GOOG": 250.0778045654297,
    "PDD": 134.46499633789062,
    "BRK-B": 502.3599853515625,
    "OXY": 45.70500183105469,
    "GEO": 19.8700008392334
}
