{
    "VT": 141.46499633789062,
    "ANET": 127.62750244140625,
    "GOOG": 321.29669189453125,
    "PDD": 117.79000091552734,
    "BRK-B": 502.7699890136719,
    "OXY": 42.91659927368164,
    "GEO": 17.1200008392334
}
