{
    "VT": 141.77999877929688,
    "ANET": 127.33499908447266,
    "GOOG": 323.69500732421875,
    "PDD": 117.7300033569336,
    "BRK-B": 501.94000244140625,
    "OXY": 42.61000061035156,
    "GEO": 17.1200008392334
}
