{
    "VT": 138.46499633789062,
    "ANET": 142.7050018310547,
    "GOOG": 243.99000549316406,
    "PDD": 136.2550048828125,
    "BRK-B": 493.9100036621094,
    "OXY": 43.95000076293945,
    "GEO": 20.639999389648438
}
