{
    "VT": 137.9199981689453,
    "ANET": 145.8350067138672,
    "GOOG": 252.82000732421875,
    "PDD": 128.5850067138672,
    "BRK-B": 493.3900146484375,
    "OXY": 45.845001220703125,
    "GEO": 21.299999237060547
}
