{
    "VT": 140.05990600585938,
    "ANET": 141.52499389648438,
    "GOOG": 284.9200134277344,
    "PDD": 136.17999267578125,
    "BRK-B": 489.0199890136719,
    "OXY": 39.94499969482422,
    "GEO": 16.8799991607666
}
