{
    "VT": 140.8699951171875,
    "ANET": 124.17500305175781,
    "GOOG": 301.1199951171875,
    "PDD": 104.72000122070312,
    "BRK-B": 500.8299865722656,
    "OXY": 39.73500061035156,
    "GEO": 16.860000610351562
}
