{
    "VT": 146.4600067138672,
    "ANET": 128.6649932861328,
    "GOOG": 313.8999938964844,
    "PDD": 106.2300033569336
}
