{
    "VT": 145.94500732421875,
    "ANET": 143.4199981689453,
    "GOOG": 306.9798889160156,
    "PDD": 100.06500244140625
}
