{
    "VT": 141.21499633789062,
    "ANET": 134.36000061035156,
    "GOOG": 301.20001220703125,
    "PDD": 102.04000091552734
}
