{
    "VT": 144.60499572753906,
    "ANET": 129.22999572753906,
    "GOOG": 338.79998779296875,
    "PDD": 111.13500213623047,
    "BRK-B": 495.7799987792969,
    "OXY": 43.69499969482422,
    "GEO": 17.34000015258789
}
