{
    "VT": 148.13999938964844,
    "ANET": 143.05499267578125,
    "GOOG": 317.5,
    "PDD": 105.8375015258789
}
