{
    "VT": 140.6699981689453,
    "ANET": 161.50990295410156,
    "GOOG": 282.7799987792969,
    "PDD": 135.3000030517578,
    "BRK-B": 477.0950012207031,
    "OXY": 41.040000915527344,
    "GEO": 16.540000915527344
}
