{
    "VT": 137.08999633789062,
    "ANET": 139.66000366210938,
    "GOOG": 250.7899932861328,
    "PDD": 128.47999572753906,
    "BRK-B": 491.16009521484375,
    "OXY": 40.744998931884766,
    "GEO": 16.850000381469727
}
