{
    "VT": 148.05999755859375,
    "ANET": 140.8000030517578,
    "GOOG": 311.9800109863281,
    "PDD": 104.70999908447266
}
