{
    "VT": 139.60000610351562,
    "ANET": 136.11000061035156,
    "GOOG": 305.6000061035156,
    "PDD": 97.38999938964844
}
