{
    "VT": 142.1750030517578,
    "ANET": 133.0800018310547,
    "GOOG": 314.7749938964844,
    "PDD": 113.92009735107422,
    "BRK-B": 504.5450134277344,
    "OXY": 41.349998474121094,
    "GEO": 16.34000015258789
}
