{
    "VT": 141.0500030517578,
    "ANET": 132.67999267578125,
    "GOOG": 307.1000061035156,
    "PDD": 111.25,
    "BRK-B": 496.67999267578125,
    "OXY": 40.150001525878906,
    "GEO": 16.5
}
