{
    "VT": 139.0399932861328,
    "ANET": 128.33999633789062,
    "GOOG": 288.6099853515625,
    "PDD": 130.58999633789062,
    "BRK-B": 508.0751037597656,
    "OXY": 42.64500045776367,
    "GEO": 14.819999694824219
}
