{
    "VT": 143.3000946044922,
    "ANET": 127.79049682617188,
    "GOOG": 321.8500061035156,
    "PDD": 104.3499984741211
}
