{
    "VT": 148.5399932861328,
    "ANET": 131.2899932861328,
    "GOOG": 310.4700012207031,
    "PDD": 106.5999984741211
}
