{
    "VT": 136.44000244140625,
    "ANET": 117.37999725341797,
    "GOOG": 300.95001220703125,
    "PDD": 113.12999725341797,
    "BRK-B": 503.99200439453125,
    "OXY": 41.2599983215332,
    "GEO": 15.180000305175781
}
