{
    "VT": 143.9499969482422,
    "ANET": 134.1199951171875,
    "GOOG": 313.614990234375,
    "PDD": 124.0250015258789,
    "BRK-B": 499.1400146484375,
    "OXY": 41.36539840698242,
    "GEO": 15.754300117492676
}
