{
    "VT": 133.3000030517578,
    "ANET": 137.23500061035156,
    "GOOG": 203.99000549316406,
    "PDD": 114.87999725341797,
    "BRK-B": 474.760009765625,
    "OXY": 44.25,
    "GEO": 20.510000228881836
}