{
    "VT": 142.4949951171875,
    "ANET": 136.5800018310547,
    "GOOG": 299.6000061035156,
    "PDD": 102.13999938964844
}
