{
    "VT": 144.9499969482422,
    "ANET": 129.7899932861328,
    "GOOG": 330.1683044433594,
    "PDD": 106.5
}
