{
    "VT": 143.9600067138672,
    "ANET": 124.19499969482422,
    "GOOG": 334.69000244140625,
    "PDD": 108.1500015258789
}
