{
    "VT": 137.27999877929688,
    "ANET": 125.80999755859375,
    "GOOG": 287.04998779296875,
    "PDD": 121.34500122070312,
    "BRK-B": 504.94500732421875,
    "OXY": 42.584999084472656,
    "GEO": 14.720000267028809
}
