{
    "VT": 137.52000427246094,
    "ANET": 146.07000732421875,
    "GOOG": 252.49989318847656,
    "PDD": 127.06999969482422,
    "BRK-B": 487.70001220703125,
    "OXY": 40.66999816894531,
    "GEO": 16.576200485229492
}
