{
    "VT": 133.97000122070312,
    "ANET": 133.25,
    "GOOG": 210.1699981689453,
    "PDD": 126.66500091552734,
    "BRK-B": 484.7200012207031,
    "OXY": 46.26499938964844,
    "GEO": 21.3799991607666
}