{
    "VT": 142.375,
    "ANET": 136.64999389648438,
    "GOOG": 299.5199890136719,
    "PDD": 101.80000305175781
}
