{
    "VT": 137.4600067138672,
    "ANET": 121.05500030517578,
    "GOOG": 313.4800109863281,
    "PDD": 114.11000061035156,
    "BRK-B": 499.7012023925781,
    "OXY": 41.27510070800781,
    "GEO": 15.109999656677246
}
