{
    "VT": 146.00999450683594,
    "ANET": 144.3249969482422,
    "GOOG": 335.2449951171875,
    "PDD": 106.77999877929688
}
