{
    "VT": 136.77999877929688,
    "ANET": 153.08999633789062,
    "GOOG": 239.84930419921875,
    "PDD": 127.2699966430664,
    "BRK-B": 495.54998779296875,
    "OXY": 46.07500076293945,
    "GEO": 22.545000076293945
}
