{
    "VT": 138.1697998046875,
    "ANET": 145.02499389648438,
    "GOOG": 251.69500732421875,
    "PDD": 130.55499267578125,
    "BRK-B": 497.6099853515625,
    "OXY": 47.029998779296875,
    "GEO": 21.799999237060547
}
