{
    "VT": 135.7550048828125,
    "ANET": 151.31280517578125,
    "GOOG": 240.69000244140625,
    "PDD": 124.2699966430664,
    "BRK-B": 487.260009765625,
    "OXY": 45.27000045776367,
    "GEO": 21.360000610351562
}
