{
    "VT": 140.69500732421875,
    "ANET": 126.48999786376953,
    "GOOG": 307.6050109863281,
    "PDD": 108.45500183105469,
    "BRK-B": 505.2449951171875,
    "OXY": 39.3650016784668,
    "GEO": 16.719999313354492
}
