{
    "VT": 132.10499572753906,
    "ANET": 130.57000732421875,
    "GOOG": 200.6300048828125,
    "PDD": 121.87000274658203,
    "BRK-B": 487.7749938964844,
    "OXY": 44.43000030517578,
    "GEO": 21.2549991607666
}