{
    "VT": 139.1156005859375,
    "ANET": 152.63900756835938,
    "GOOG": 255.0500030517578,
    "PDD": 132.81500244140625,
    "BRK-B": 488.9555969238281,
    "OXY": 43.02000045776367,
    "GEO": 17.239999771118164
}
