{
    "VT": 141.94500732421875,
    "ANET": 124.38500213623047,
    "GOOG": 310.0199890136719,
    "PDD": 111.86000061035156,
    "BRK-B": 503.4100036621094,
    "OXY": 40.689998626708984,
    "GEO": 16.92799949645996
}
