{
    "VT": 137.22500610351562,
    "ANET": 143.74000549316406,
    "GOOG": 241.11500549316406,
    "PDD": 133.40499877929688,
    "BRK-B": 498.0050048828125,
    "OXY": 46.96500015258789,
    "GEO": 20.600000381469727
}
