{
    "VT": 138.82009887695312,
    "ANET": 125.19999694824219,
    "GOOG": 323.0799865722656,
    "PDD": 113.98999786376953,
    "BRK-B": 507.9750061035156,
    "OXY": 41.46500015258789,
    "GEO": 15.675000190734863
}
