{
    "VT": 134.77499389648438,
    "ANET": 141.09249877929688,
    "GOOG": 235.99000549316406,
    "PDD": 127.06999969482422,
    "BRK-B": 493.8800048828125,
    "OXY": 45.95000076293945,
    "GEO": 20.59000015258789
}
