{
    "VT": 141.76499938964844,
    "ANET": 128.60000610351562,
    "GOOG": 321.2200012207031,
    "PDD": 117.69499969482422,
    "BRK-B": 504.6400146484375,
    "OXY": 42.84619903564453,
    "GEO": 17.084999084472656
}
