{
    "VT": 142.1649932861328,
    "ANET": 133.14500427246094,
    "GOOG": 314.9200134277344,
    "PDD": 113.9800033569336,
    "BRK-B": 504.5299987792969,
    "OXY": 41.51499938964844,
    "GEO": 16.344999313354492
}
