{
    "VT": 134.42999267578125,
    "ANET": 132.0,
    "GOOG": 205.11570739746094,
    "PDD": 127.19000244140625,
    "BRK-B": 489.80999755859375,
    "OXY": 45.8650016784668,
    "GEO": 21.520000457763672
}