{
    "VT": 140.414306640625,
    "ANET": 127.23999786376953,
    "GOOG": 315.6000061035156,
    "PDD": 118.36000061035156,
    "BRK-B": 505.80609130859375,
    "OXY": 41.85369873046875,
    "GEO": 16.510000228881836
}
