{
    "VT": 141.3350067138672,
    "ANET": 130.6199951171875,
    "GOOG": 310.9049987792969,
    "PDD": 112.37000274658203,
    "BRK-B": 499.19000244140625,
    "OXY": 40.165000915527344,
    "GEO": 16.770000457763672
}
