{
    "VT": 144.17999267578125,
    "ANET": 140.02000427246094,
    "GOOG": 307.8999938964844,
    "PDD": 106.1500015258789
}
