{
    "VT": 140.48500061035156,
    "ANET": 127.0999984741211,
    "GOOG": 317.14898681640625,
    "PDD": 118.81500244140625,
    "BRK-B": 506.36669921875,
    "OXY": 41.970001220703125,
    "GEO": 16.649999618530273
}
