{
    "VT": 138.5800018310547,
    "ANET": 149.6199951171875,
    "GOOG": 246.89999389648438,
    "PDD": 134.42999267578125,
    "BRK-B": 499.3500061035156,
    "OXY": 47.794700622558594,
    "GEO": 21.700000762939453
}
