{
    "VT": 137.8800048828125,
    "ANET": 143.1699981689453,
    "GOOG": 254.00999450683594,
    "PDD": 129.75999450683594,
    "BRK-B": 493.1099853515625,
    "OXY": 40.815399169921875,
    "GEO": 16.81999969482422
}
