{
    "VT": 140.83999633789062,
    "ANET": 137.86500549316406,
    "GOOG": 291.0899963378906,
    "PDD": 137.81100463867188,
    "BRK-B": 497.8500061035156,
    "OXY": 41.63999938964844,
    "GEO": 15.164999961853027
}
