{
    "VT": 137.63580322265625,
    "ANET": 146.7899932861328,
    "GOOG": 252.35879516601562,
    "PDD": 128.77999877929688,
    "BRK-B": 493.1600036621094,
    "OXY": 45.880001068115234,
    "GEO": 21.28499984741211
}
