{
    "VT": 138.60000610351562,
    "ANET": 144.91000366210938,
    "GOOG": 248.16000366210938,
    "PDD": 132.80999755859375,
    "BRK-B": 501.11700439453125,
    "OXY": 44.922298431396484,
    "GEO": 19.079999923706055
}
