{
    "VT": 137.7550048828125,
    "ANET": 142.9600067138672,
    "GOOG": 253.3300018310547,
    "PDD": 129.41000366210938,
    "BRK-B": 492.6000061035156,
    "OXY": 40.7599983215332,
    "GEO": 16.68000030517578
}
