{
    "VT": 144.9199981689453,
    "ANET": 133.42999267578125,
    "GOOG": 332.69000244140625,
    "PDD": 101.30999755859375
}
