{
    "VT": 135.10000610351562,
    "ANET": 121.12000274658203,
    "GOOG": 291.6700134277344,
    "PDD": 113.37000274658203,
    "BRK-B": 503.47198486328125,
    "OXY": 41.20500183105469,
    "GEO": 14.914999961853027
}
