{
    "VT": 141.3000030517578,
    "ANET": 134.49000549316406,
    "GOOG": 286.5199890136719,
    "PDD": 135.82000732421875,
    "BRK-B": 503.8349914550781,
    "OXY": 41.915000915527344,
    "GEO": 15.045000076293945
}
