{
    "VT": 134.88099670410156,
    "ANET": 141.4499969482422,
    "GOOG": 237.02000427246094,
    "PDD": 127.12999725341797,
    "BRK-B": 493.5,
    "OXY": 45.91999816894531,
    "GEO": 20.6299991607666
}
