{
    "VT": 139.39999389648438,
    "ANET": 155.02000427246094,
    "GOOG": 277.5899963378906,
    "PDD": 133.64999389648438,
    "BRK-B": 482.67999267578125,
    "OXY": 40.125,
    "GEO": 16.364999771118164
}
