{
    "VT": 142.58999633789062,
    "ANET": 132.5500030517578,
    "GOOG": 315.0400085449219,
    "PDD": 112.20999908447266,
    "BRK-B": 495.4075012207031,
    "OXY": 41.279998779296875,
    "GEO": 17.141000747680664
}
