{
    "VT": 144.94500732421875,
    "ANET": 129.89999389648438,
    "GOOG": 340.1300048828125,
    "PDD": 111.62300109863281,
    "BRK-B": 493.79998779296875,
    "OXY": 43.169898986816406,
    "GEO": 17.25
}
