{
    "VT": 132.08999633789062,
    "ANET": 131.77000427246094,
    "GOOG": 209.77000427246094,
    "PDD": 120.12870025634766,
    "BRK-B": 500.6499938964844,
    "OXY": 47.309200286865234,
    "GEO": 20.719999313354492
}
