{
    "VT": 137.28500366210938,
    "ANET": 148.50999450683594,
    "GOOG": 252.57000732421875,
    "PDD": 131.74000549316406,
    "BRK-B": 489.2200012207031,
    "OXY": 46.939998626708984,
    "GEO": 22.010000228881836
}
