{
    "VT": 141.49000549316406,
    "ANET": 156.61000061035156,
    "GOOG": 267.92999267578125,
    "PDD": 137.88999938964844,
    "BRK-B": 485.7699890136719,
    "OXY": 42.35499954223633,
    "GEO": 17.15999984741211
}
