{
    "VT": 133.93310546875,
    "ANET": 141.3300018310547,
    "GOOG": 230.97000122070312,
    "PDD": 124.58499908447266,
    "BRK-B": 506.4245910644531,
    "OXY": 46.67499923706055,
    "GEO": 21.165000915527344
}
