{
    "VT": 146.0800018310547,
    "ANET": 148.6199951171875,
    "GOOG": 333.30999755859375,
    "PDD": 102.4749984741211
}
