{
    "VT": 140.42999267578125,
    "ANET": 128.1999969482422,
    "GOOG": 306.8399963378906,
    "PDD": 111.20999908447266,
    "BRK-B": 501.6400146484375,
    "OXY": 39.96440124511719,
    "GEO": 16.309999465942383
}
