{
    "VT": 133.6999969482422,
    "ANET": 140.71499633789062,
    "GOOG": 228.66700744628906,
    "PDD": 124.77100372314453,
    "BRK-B": 505.3900146484375,
    "OXY": 46.654998779296875,
    "GEO": 20.969999313354492
}
