{
    "VT": 138.60000610351562,
    "ANET": 124.4800033569336,
    "GOOG": 320.5050048828125,
    "PDD": 114.38999938964844,
    "BRK-B": 508.58441162109375,
    "OXY": 41.375,
    "GEO": 15.5
}
