{
    "VT": 147.1699981689453,
    "ANET": 139.35499572753906,
    "GOOG": 323.29998779296875,
    "PDD": 106.08999633789062
}
