{
    "VT": 134.9949951171875,
    "ANET": 141.7899932861328,
    "GOOG": 235.75999450683594,
    "PDD": 125.70999908447266,
    "BRK-B": 496.69000244140625,
    "OXY": 45.880001068115234,
    "GEO": 20.485000610351562
}
