{
    "VT": 141.72999572753906,
    "ANET": 156.5800018310547,
    "GOOG": 267.5000915527344,
    "PDD": 136.82000732421875,
    "BRK-B": 483.510009765625,
    "OXY": 41.1349983215332,
    "GEO": 16.719999313354492
}
