{
    "VT": 137.31500244140625,
    "ANET": 148.57000732421875,
    "GOOG": 254.17999267578125,
    "PDD": 131.57000732421875,
    "BRK-B": 491.4800109863281,
    "OXY": 46.09400177001953,
    "GEO": 21.879899978637695
}
