{
    "VT": 143.1699981689453,
    "ANET": 136.55499267578125,
    "GOOG": 305.06500244140625,
    "PDD": 102.73999786376953
}
