{
    "VT": 146.05999755859375,
    "ANET": 144.21119689941406,
    "GOOG": 335.94000244140625,
    "PDD": 107.55500030517578
}
