{
    "VT": 140.97000122070312,
    "ANET": 135.77000427246094,
    "GOOG": 289.8900146484375,
    "PDD": 137.6750030517578,
    "BRK-B": 497.1000061035156,
    "OXY": 42.880001068115234,
    "GEO": 14.949999809265137
}
