{
    "VT": 147.48480224609375,
    "ANET": 140.89999389648438,
    "GOOG": 304.0799865722656,
    "PDD": 103.0999984741211
}
