{
    "VT": 141.0749969482422,
    "ANET": 128.35000610351562,
    "GOOG": 320.4649963378906,
    "PDD": 117.87000274658203,
    "BRK-B": 507.3599853515625,
    "OXY": 42.68349838256836,
    "GEO": 16.981300354003906
}
