{
    "VT": 139.12449645996094,
    "ANET": 157.22000122070312,
    "GOOG": 243.10499572753906,
    "PDD": 132.75999450683594,
    "BRK-B": 498.5,
    "OXY": 45.279998779296875,
    "GEO": 18.274999618530273
}
