{
    "VT": 137.2198944091797,
    "ANET": 160.40989685058594,
    "GOOG": 243.05999755859375,
    "PDD": 128.99729919433594,
    "BRK-B": 489.5,
    "OXY": 42.494998931884766,
    "GEO": 17.4950008392334
}
