{
    "VT": 146.00999450683594,
    "ANET": 143.1300048828125,
    "GOOG": 301.9599914550781,
    "PDD": 101.69999694824219
}
