{
    "VT": 133.6750030517578,
    "ANET": 136.02999877929688,
    "GOOG": 213.7100067138672,
    "PDD": 120.01000213623047,
    "BRK-B": 502.8999938964844,
    "OXY": 47.510101318359375,
    "GEO": 20.579999923706055
}