{
    "VT": 140.48240661621094,
    "ANET": 157.1300048828125,
    "GOOG": 280.8999938964844,
    "PDD": 135.52000427246094,
    "BRK-B": 473.9999084472656,
    "OXY": 40.9359016418457,
    "GEO": 16.614999771118164
}
