{
    "VT": 143.16009521484375,
    "ANET": 125.4800033569336,
    "GOOG": 326.489990234375,
    "PDD": 105.51000213623047
}
