{
    "VT": 133.49000549316406,
    "ANET": 142.0800018310547,
    "GOOG": 229.510498046875,
    "PDD": 124.62989807128906,
    "BRK-B": 503.25,
    "OXY": 46.029998779296875,
    "GEO": 20.979999542236328
}
