{
    "VT": 132.49000549316406,
    "ANET": 129.3000030517578,
    "GOOG": 200.85000610351562,
    "PDD": 118.76170349121094,
    "BRK-B": 488.9070129394531,
    "OXY": 44.10499954223633,
    "GEO": 21.764999389648438
}