{
    "VT": 145.88499450683594,
    "ANET": 143.40499877929688,
    "GOOG": 333.239990234375,
    "PDD": 107.16000366210938
}
