{
    "VT": 141.46499633789062,
    "ANET": 157.22000122070312,
    "GOOG": 269.06500244140625,
    "PDD": 137.77000427246094,
    "BRK-B": 485.32000732421875,
    "OXY": 42.19499969482422,
    "GEO": 17.02899932861328
}
