{
    "VT": 147.6699981689453,
    "ANET": 128.1999969482422,
    "GOOG": 316.25,
    "PDD": 106.76000213623047
}
