{
    "VT": 140.52999877929688,
    "ANET": 124.74500274658203,
    "GOOG": 303.2200012207031,
    "PDD": 106.44000244140625,
    "BRK-B": 502.80999755859375,
    "OXY": 39.64500045776367,
    "GEO": 16.610000610351562
}
