{
    "VT": 147.3000030517578,
    "ANET": 138.94000244140625,
    "GOOG": 312.69000244140625,
    "PDD": 104.55000305175781
}
