{
    "VT": 140.82989501953125,
    "ANET": 138.13999938964844,
    "GOOG": 291.2701110839844,
    "PDD": 137.9199981689453,
    "BRK-B": 497.9200134277344,
    "OXY": 41.679901123046875,
    "GEO": 15.180000305175781
}
