{
    "VT": 138.89999389648438,
    "ANET": 156.76499938964844,
    "GOOG": 242.2100067138672,
    "PDD": 131.25,
    "BRK-B": 496.95001220703125,
    "OXY": 45.130001068115234,
    "GEO": 18.150699615478516
}
