{
    "VT": 139.95550537109375,
    "ANET": 133.6999969482422,
    "GOOG": 301.84100341796875,
    "PDD": 102.78500366210938
}
