{
    "VT": 137.45620727539062,
    "ANET": 143.0850067138672,
    "GOOG": 251.89999389648438,
    "PDD": 129.1300048828125,
    "BRK-B": 494.7449951171875,
    "OXY": 46.470001220703125,
    "GEO": 21.469999313354492
}
