{
    "VT": 133.9145965576172,
    "ANET": 133.16000366210938,
    "GOOG": 210.22999572753906,
    "PDD": 126.70999908447266,
    "BRK-B": 484.47979736328125,
    "OXY": 46.33000183105469,
    "GEO": 21.299999237060547
}