{
    "VT": 143.8970947265625,
    "ANET": 128.47999572753906,
    "GOOG": 331.4700012207031,
    "PDD": 106.4749984741211
}
