{
    "VT": 135.5800018310547,
    "ANET": 141.59500122070312,
    "GOOG": 245.36000061035156,
    "PDD": 130.4499969482422,
    "BRK-B": 495.5050048828125,
    "OXY": 46.83000183105469,
    "GEO": 21.3799991607666
}
