{
    "VT": 142.0850067138672,
    "ANET": 130.1300048828125,
    "GOOG": 317.55499267578125,
    "PDD": 112.0,
    "BRK-B": 494.19000244140625,
    "OXY": 41.459999084472656,
    "GEO": 16.93000030517578
}
