{
    "VT": 144.23899841308594,
    "ANET": 124.25,
    "GOOG": 329.28680419921875,
    "PDD": 121.76000213623047,
    "BRK-B": 498.2749938964844,
    "OXY": 43.57500076293945,
    "GEO": 17.110000610351562
}
