{
    "VT": 140.53500366210938,
    "ANET": 126.0,
    "GOOG": 302.0,
    "PDD": 106.02999877929688,
    "BRK-B": 504.0199890136719,
    "OXY": 40.09000015258789,
    "GEO": 16.924999237060547
}
