{
    "VT": 139.02000427246094,
    "ANET": 151.85499572753906,
    "GOOG": 254.8300018310547,
    "PDD": 131.85000610351562,
    "BRK-B": 489.260009765625,
    "OXY": 42.90409851074219,
    "GEO": 17.206499099731445
}
