{
    "VT": 140.74000549316406,
    "ANET": 124.43000030517578,
    "GOOG": 307.47650146484375,
    "PDD": 110.83999633789062,
    "BRK-B": 495.8699951171875,
    "OXY": 41.060001373291016,
    "GEO": 16.989999771118164
}
