{
    "VT": 141.14999389648438,
    "ANET": 137.1300048828125,
    "GOOG": 309.0199890136719,
    "PDD": 101.0
}
