{
    "VT": 147.2949981689453,
    "ANET": 136.77999877929688,
    "GOOG": 315.3500061035156,
    "PDD": 105.44000244140625
}
