{
    "VT": 142.0399932861328,
    "ANET": 132.9949951171875,
    "GOOG": 315.7713928222656,
    "PDD": 116.29000091552734,
    "BRK-B": 495.1549987792969,
    "OXY": 42.56079864501953,
    "GEO": 15.960000038146973
}
