{
    "VT": 141.5,
    "ANET": 135.0050048828125,
    "GOOG": 287.010009765625,
    "PDD": 135.61500549316406,
    "BRK-B": 503.0,
    "OXY": 41.974998474121094,
    "GEO": 15.010000228881836
}
