{
    "VT": 137.2429962158203,
    "ANET": 144.75999450683594,
    "GOOG": 251.73500061035156,
    "PDD": 126.54499816894531,
    "BRK-B": 487.6549987792969,
    "OXY": 40.79499816894531,
    "GEO": 16.614999771118164
}
