{
    "VT": 145.42999267578125,
    "ANET": 131.96499633789062,
    "GOOG": 333.9700012207031,
    "PDD": 107.66999816894531
}
