{
    "VT": 132.0,
    "ANET": 128.3800048828125,
    "GOOG": 198.17999267578125,
    "PDD": 118.41999816894531,
    "BRK-B": 490.6099853515625,
    "OXY": 43.64500045776367,
    "GEO": 21.446500778198242
}