{
    "VT": 140.52000427246094,
    "ANET": 133.60000610351562,
    "GOOG": 289.55999755859375,
    "PDD": 138.07000732421875,
    "BRK-B": 497.44000244140625,
    "OXY": 42.75,
    "GEO": 15.020000457763672
}
