{
    "VT": 134.375,
    "ANET": 135.73500061035156,
    "GOOG": 212.24159240722656,
    "PDD": 121.82499694824219,
    "BRK-B": 499.3570861816406,
    "OXY": 47.0099983215332,
    "GEO": 20.649999618530273
}