{
    "VT": 139.75999450683594,
    "ANET": 137.47999572753906,
    "GOOG": 286.739990234375,
    "PDD": 138.1699981689453,
    "BRK-B": 489.8550109863281,
    "OXY": 40.13999938964844,
    "GEO": 16.8700008392334
}
