{
    "VT": 143.89999389648438,
    "ANET": 134.96499633789062,
    "GOOG": 314.3599853515625,
    "PDD": 124.30000305175781,
    "BRK-B": 498.32000732421875,
    "OXY": 41.474998474121094,
    "GEO": 15.704999923706055
}
