{
    "VT": 138.52000427246094,
    "ANET": 146.89999389648438,
    "GOOG": 252.47000122070312,
    "PDD": 129.9199981689453,
    "BRK-B": 491.1075134277344,
    "OXY": 41.60499954223633,
    "GEO": 17.104999542236328
}
