{
    "VT": 134.11000061035156,
    "ANET": 132.96499633789062,
    "GOOG": 209.72000122070312,
    "PDD": 126.94000244140625,
    "BRK-B": 482.5350036621094,
    "OXY": 46.0,
    "GEO": 21.299999237060547
}