{
    "VT": 133.7534942626953,
    "ANET": 141.0500030517578,
    "GOOG": 229.3000030517578,
    "PDD": 124.87000274658203,
    "BRK-B": 505.5899963378906,
    "OXY": 46.73500061035156,
    "GEO": 21.1299991607666
}
