{
    "VT": 144.84500122070312,
    "ANET": 121.9000015258789,
    "GOOG": 329.20001220703125,
    "PDD": 119.26499938964844,
    "BRK-B": 498.1325988769531,
    "OXY": 42.400001525878906,
    "GEO": 17.604999542236328
}
