{
    "VT": 137.2899932861328,
    "ANET": 141.80999755859375,
    "GOOG": 252.41000366210938,
    "PDD": 129.69000244140625,
    "BRK-B": 488.8949890136719,
    "OXY": 47.3849983215332,
    "GEO": 21.959999084472656
}
