{
    "VT": 139.875,
    "ANET": 132.0,
    "GOOG": 279.7300109863281,
    "PDD": 134.7100067138672,
    "BRK-B": 511.3999938964844,
    "OXY": 42.150001525878906,
    "GEO": 14.770000457763672
}
