{
    "VT": 138.17999267578125,
    "ANET": 146.1199951171875,
    "GOOG": 240.76499938964844,
    "PDD": 133.77999877929688,
    "BRK-B": 497.0,
    "OXY": 47.26649856567383,
    "GEO": 22.274999618530273
}
