{
    "VT": 137.8802947998047,
    "ANET": 145.22000122070312,
    "GOOG": 253.69500732421875,
    "PDD": 130.0500030517578,
    "BRK-B": 495.92498779296875,
    "OXY": 46.79499816894531,
    "GEO": 21.679000854492188
}
