{
    "VT": 148.02999877929688,
    "ANET": 139.5,
    "GOOG": 312.5299987792969,
    "PDD": 104.08499908447266
}
