{
    "VT": 135.07989501953125,
    "ANET": 142.0399932861328,
    "GOOG": 236.09500122070312,
    "PDD": 125.38500213623047,
    "BRK-B": 496.8599853515625,
    "OXY": 45.125,
    "GEO": 20.40999984741211
}
