{
    "VT": 141.1300048828125,
    "ANET": 128.30499267578125,
    "GOOG": 321.6098937988281,
    "PDD": 117.44000244140625,
    "BRK-B": 504.6499938964844,
    "OXY": 42.55500030517578,
    "GEO": 17.049999237060547
}
