{
    "VT": 138.15499877929688,
    "ANET": 133.1750030517578,
    "GOOG": 302.5299987792969,
    "PDD": 98.44499969482422
}
