{
    "VT": 141.1199951171875,
    "ANET": 161.00999450683594,
    "GOOG": 288.2749938964844,
    "PDD": 135.67999267578125,
    "BRK-B": 480.1000061035156,
    "OXY": 40.579200744628906,
    "GEO": 16.75
}
