{
    "VT": 135.85130310058594,
    "ANET": 146.49000549316406,
    "GOOG": 239.3300018310547,
    "PDD": 126.16999816894531,
    "BRK-B": 490.29998779296875,
    "OXY": 45.25709915161133,
    "GEO": 21.457399368286133
}
