{
    "VT": 132.48500061035156,
    "ANET": 136.13999938964844,
    "GOOG": 209.843505859375,
    "PDD": 121.66000366210938,
    "BRK-B": 499.9949951171875,
    "OXY": 48.084999084472656,
    "GEO": 20.44499969482422
}
