{
    "VT": 136.72500610351562,
    "ANET": 150.98500061035156,
    "GOOG": 241.57000732421875,
    "PDD": 126.30999755859375,
    "BRK-B": 495.80999755859375,
    "OXY": 45.96500015258789,
    "GEO": 23.0
}
