{
    "VT": 133.63999938964844,
    "ANET": 135.5399932861328,
    "GOOG": 212.41000366210938,
    "PDD": 120.98999786376953,
    "BRK-B": 506.4049987792969,
    "OXY": 47.66999816894531,
    "GEO": 20.520000457763672
}