{
    "VT": 135.49000549316406,
    "ANET": 150.1999969482422,
    "GOOG": 240.25999450683594,
    "PDD": 124.20999908447266,
    "BRK-B": 489.32000732421875,
    "OXY": 46.02000045776367,
    "GEO": 21.18000030517578
}
