{
    "VT": 134.0446014404297,
    "ANET": 133.3000030517578,
    "GOOG": 210.7550048828125,
    "PDD": 127.12999725341797,
    "BRK-B": 483.7250061035156,
    "OXY": 46.185001373291016,
    "GEO": 21.34000015258789
}