{
    "VT": 140.89999389648438,
    "ANET": 130.40499877929688,
    "GOOG": 313.4100036621094,
    "PDD": 116.87999725341797,
    "BRK-B": 495.7934875488281,
    "OXY": 41.29499816894531,
    "GEO": 16.940000534057617
}
