{
    "VT": 140.82449340820312,
    "ANET": 157.52000427246094,
    "GOOG": 284.67999267578125,
    "PDD": 134.89999389648438,
    "BRK-B": 475.9849853515625,
    "OXY": 40.935001373291016,
    "GEO": 16.809999465942383
}
