{
    "VT": 140.5800018310547,
    "ANET": 133.1699981689453,
    "GOOG": 279.8299865722656,
    "PDD": 135.17999267578125,
    "BRK-B": 507.8299865722656,
    "OXY": 42.099998474121094,
    "GEO": 14.760000228881836
}
