{
    "VT": 140.42579650878906,
    "ANET": 127.21499633789062,
    "GOOG": 318.9700012207031,
    "PDD": 116.97000122070312,
    "BRK-B": 512.0482788085938,
    "OXY": 41.83000183105469,
    "GEO": 15.82800006866455
}
