{
    "VT": 142.52499389648438,
    "ANET": 131.35000610351562,
    "GOOG": 315.0199890136719,
    "PDD": 115.3499984741211,
    "BRK-B": 499.2799987792969,
    "OXY": 39.76240158081055,
    "GEO": 16.399999618530273
}
