{
    "VT": 139.34500122070312,
    "ANET": 146.7949981689453,
    "GOOG": 256.94000244140625,
    "PDD": 131.56500244140625,
    "BRK-B": 491.3310852050781,
    "OXY": 41.005001068115234,
    "GEO": 16.844999313354492
}
