{
    "VT": 133.6457061767578,
    "ANET": 137.35000610351562,
    "GOOG": 203.38499450683594,
    "PDD": 119.66999816894531,
    "BRK-B": 484.4466857910156,
    "OXY": 44.1150016784668,
    "GEO": 21.170000076293945
}