{
    "VT": 139.61000061035156,
    "ANET": 153.08999633789062,
    "GOOG": 247.99000549316406,
    "PDD": 134.85000610351562,
    "BRK-B": 504.4150085449219,
    "OXY": 45.709999084472656,
    "GEO": 19.93000030517578
}
