{
    "VT": 141.22999572753906,
    "ANET": 128.27999877929688,
    "GOOG": 314.3399963378906,
    "PDD": 115.70999908447266,
    "BRK-B": 497.3800048828125,
    "OXY": 41.25,
    "GEO": 17.010000228881836
}
