{
    "VT": 142.125,
    "ANET": 133.09500122070312,
    "GOOG": 314.5450134277344,
    "PDD": 113.95999908447266,
    "BRK-B": 504.2101135253906,
    "OXY": 41.470001220703125,
    "GEO": 16.371200561523438
}
