{
    "VT": 140.78500366210938,
    "ANET": 157.2949981689453,
    "GOOG": 283.5369873046875,
    "PDD": 134.75999450683594,
    "BRK-B": 477.30010986328125,
    "OXY": 41.00519943237305,
    "GEO": 16.815000534057617
}
