{
    "VT": 140.88499450683594,
    "ANET": 133.97000122070312,
    "GOOG": 301.2099914550781,
    "PDD": 102.1500015258789
}
