{
    "VT": 146.39999389648438,
    "ANET": 126.45999908447266,
    "GOOG": 310.8999938964844,
    "PDD": 105.7750015258789
}
