{
    "VT": 143.38999938964844,
    "ANET": 135.80499267578125,
    "GOOG": 316.6400146484375,
    "PDD": 118.76000213623047,
    "BRK-B": 501.010009765625,
    "OXY": 41.744998931884766,
    "GEO": 16.739999771118164
}
