{
    "VT": 142.5399932861328,
    "ANET": 137.0800018310547,
    "GOOG": 299.8299865722656,
    "PDD": 102.19000244140625
}
