{
    "VT": 147.7799072265625,
    "ANET": 131.0,
    "GOOG": 308.0400085449219,
    "PDD": 103.88999938964844
}
