{
    "VT": 141.3800048828125,
    "ANET": 130.64010620117188,
    "GOOG": 311.3900146484375,
    "PDD": 112.33000183105469,
    "BRK-B": 499.8699951171875,
    "OXY": 40.28450012207031,
    "GEO": 16.821800231933594
}
