{
    "VT": 140.86500549316406,
    "ANET": 160.81500244140625,
    "GOOG": 285.92999267578125,
    "PDD": 136.17999267578125,
    "BRK-B": 479.81500244140625,
    "OXY": 41.122501373291016,
    "GEO": 16.530000686645508
}
