{
    "VT": 137.24000549316406,
    "ANET": 146.0500030517578,
    "GOOG": 249.93359375,
    "PDD": 127.98500061035156,
    "BRK-B": 491.0899963378906,
    "OXY": 45.4900016784668,
    "GEO": 21.959999084472656
}
