{
    "VT": 144.0050048828125,
    "ANET": 131.1999969482422,
    "GOOG": 324.4198913574219,
    "PDD": 121.29000091552734,
    "BRK-B": 493.989990234375,
    "OXY": 41.209999084472656,
    "GEO": 16.059999465942383
}
