{
    "VT": 139.36700439453125,
    "ANET": 146.24000549316406,
    "GOOG": 247.2949981689453,
    "PDD": 130.8000030517578,
    "BRK-B": 495.3699951171875,
    "OXY": 40.9900016784668,
    "GEO": 17.6200008392334
}
