{
    "VT": 141.55999755859375,
    "ANET": 134.4199981689453,
    "GOOG": 286.8251037597656,
    "PDD": 136.22500610351562,
    "BRK-B": 501.010009765625,
    "OXY": 41.76499938964844,
    "GEO": 15.079999923706055
}
