{
    "VT": 139.13999938964844,
    "ANET": 146.08999633789062,
    "GOOG": 245.5402069091797,
    "PDD": 133.72000122070312,
    "BRK-B": 501.07501220703125,
    "OXY": 44.80500030517578,
    "GEO": 20.350000381469727
}
