{
    "VT": 142.8000030517578,
    "ANET": 139.05999755859375,
    "GOOG": 308.4800109863281,
    "PDD": 102.91000366210938
}
