{
    "VT": 141.1999969482422,
    "ANET": 135.52999877929688,
    "GOOG": 302.4599914550781,
    "PDD": 103.7249984741211
}
