{
    "VT": 140.69500732421875,
    "ANET": 126.73999786376953,
    "GOOG": 316.8800048828125,
    "PDD": 118.08000183105469,
    "BRK-B": 507.0,
    "OXY": 41.88349914550781,
    "GEO": 16.608999252319336
}
