{
    "VT": 146.22000122070312,
    "ANET": 145.7100067138672,
    "GOOG": 339.9700012207031,
    "PDD": 102.3499984741211
}
