{
    "VT": 142.05999755859375,
    "ANET": 159.1999969482422,
    "GOOG": 269.44000244140625,
    "PDD": 138.94000244140625,
    "BRK-B": 475.54998779296875,
    "OXY": 40.78499984741211,
    "GEO": 16.53499984741211
}
