{
    "VT": 141.80499267578125,
    "ANET": 133.88999938964844,
    "GOOG": 314.1400146484375,
    "PDD": 113.30999755859375,
    "BRK-B": 500.03009033203125,
    "OXY": 40.253501892089844,
    "GEO": 16.3700008392334
}
