{
    "VT": 146.91000366210938,
    "ANET": 143.6199951171875,
    "GOOG": 307.864990234375,
    "PDD": 101.08000183105469
}
