{
    "VT": 132.8072052001953,
    "ANET": 132.74000549316406,
    "GOOG": 202.44839477539062,
    "PDD": 118.77999877929688,
    "BRK-B": 485.3299865722656,
    "OXY": 43.994998931884766,
    "GEO": 21.6200008392334
}