{
    "VT": 146.5050048828125,
    "ANET": 128.10740661621094,
    "GOOG": 313.2900085449219,
    "PDD": 106.2699966430664
}
