{
    "VT": 141.15499877929688,
    "ANET": 129.52999877929688,
    "GOOG": 318.44000244140625,
    "PDD": 115.7699966430664,
    "BRK-B": 492.5899963378906,
    "OXY": 41.665000915527344,
    "GEO": 16.65999984741211
}
