{
    "VT": 140.7449951171875,
    "ANET": 160.1199951171875,
    "GOOG": 281.2550048828125,
    "PDD": 135.86500549316406,
    "BRK-B": 477.2727966308594,
    "OXY": 41.11000061035156,
    "GEO": 16.770000457763672
}
