{
    "VT": 138.8000030517578,
    "ANET": 134.6750030517578,
    "GOOG": 304.2799987792969,
    "PDD": 97.19000244140625
}
