{
    "VT": 132.67999267578125,
    "ANET": 131.2050018310547,
    "GOOG": 200.13999938964844,
    "PDD": 120.0,
    "BRK-B": 488.760009765625,
    "OXY": 44.20000076293945,
    "GEO": 21.545000076293945
}