{
    "VT": 138.64500427246094,
    "ANET": 134.72000122070312,
    "GOOG": 304.0450134277344,
    "PDD": 97.73999786376953
}
