{
    "VT": 148.30499267578125,
    "ANET": 142.41000366210938,
    "GOOG": 317.25,
    "PDD": 105.48999786376953
}
