{
    "VT": 141.231201171875,
    "ANET": 125.95999908447266,
    "GOOG": 308.7300109863281,
    "PDD": 110.74500274658203,
    "BRK-B": 505.7650146484375,
    "OXY": 40.07500076293945,
    "GEO": 16.5049991607666
}
