{
    "VT": 145.05499267578125,
    "ANET": 138.0,
    "GOOG": 331.1700134277344,
    "PDD": 106.91000366210938
}
