{
    "VT": 146.13999938964844,
    "ANET": 135.4550018310547,
    "GOOG": 308.7618103027344,
    "PDD": 100.53160095214844
}
