{
    "VT": 146.86000061035156,
    "ANET": 150.41000366210938,
    "GOOG": 334.8949890136719,
    "PDD": 102.62000274658203
}
