{
    "VT": 146.8699951171875,
    "ANET": 145.88499450683594,
    "GOOG": 306.6199951171875,
    "PDD": 100.98999786376953
}
