{
    "VT": 141.02000427246094,
    "ANET": 135.27000427246094,
    "GOOG": 303.47589111328125,
    "PDD": 101.94000244140625
}
