{
    "VT": 139.61000061035156,
    "ANET": 152.1750030517578,
    "GOOG": 249.33999633789062,
    "PDD": 134.86000061035156,
    "BRK-B": 502.8999938964844,
    "OXY": 45.874698638916016,
    "GEO": 19.854999542236328
}
