{
    "VT": 138.21499633789062,
    "ANET": 129.16000366210938,
    "GOOG": 303.5199890136719,
    "PDD": 116.6500015258789,
    "BRK-B": 505.6449890136719,
    "OXY": 42.584999084472656,
    "GEO": 15.180000305175781
}
