{
    "VT": 138.41000366210938,
    "ANET": 134.71499633789062,
    "GOOG": 283.80999755859375,
    "PDD": 136.66000366210938,
    "BRK-B": 490.92999267578125,
    "OXY": 40.439998626708984,
    "GEO": 15.100000381469727
}
