{
    "VT": 137.5399932861328,
    "ANET": 133.36000061035156,
    "GOOG": 278.489990234375,
    "PDD": 134.3000030517578,
    "BRK-B": 497.9100036621094,
    "OXY": 41.09000015258789,
    "GEO": 14.9399995803833
}
