{
    "VT": 133.97999572753906,
    "ANET": 133.64999389648438,
    "GOOG": 208.0,
    "PDD": 121.81999969482422,
    "BRK-B": 496.864990234375,
    "OXY": 46.92499923706055,
    "GEO": 20.850000381469727
}