{
    "VT": 147.38999938964844,
    "ANET": 140.33999633789062,
    "GOOG": 322.5299987792969,
    "PDD": 106.62000274658203
}
