{
    "VT": 139.85000610351562,
    "ANET": 134.2550048828125,
    "GOOG": 279.0299072265625,
    "PDD": 132.10940551757812,
    "BRK-B": 510.06500244140625,
    "OXY": 42.974998474121094,
    "GEO": 15.57699966430664
}
