{
    "VT": 146.7100067138672,
    "ANET": 137.27999877929688,
    "GOOG": 303.2650146484375,
    "PDD": 102.20500183105469
}
