{
    "VT": 145.41000366210938,
    "ANET": 130.91000366210938,
    "GOOG": 332.9700012207031,
    "PDD": 108.20500183105469
}
