{
    "VT": 137.11500549316406,
    "ANET": 120.59500122070312,
    "GOOG": 318.0050048828125,
    "PDD": 114.72000122070312,
    "BRK-B": 498.4841003417969,
    "OXY": 40.97999954223633,
    "GEO": 15.039999961853027
}
