{
    "VT": 139.10000610351562,
    "ANET": 137.43499755859375,
    "GOOG": 287.57000732421875,
    "PDD": 137.97999572753906,
    "BRK-B": 491.7300109863281,
    "OXY": 40.119998931884766,
    "GEO": 15.09000015258789
}
