{
    "VT": 140.59500122070312,
    "ANET": 131.27999877929688,
    "GOOG": 305.4800109863281,
    "PDD": 110.69000244140625,
    "BRK-B": 500.2049865722656,
    "OXY": 39.67499923706055,
    "GEO": 16.082799911499023
}
