{
    "VT": 146.5500030517578,
    "ANET": 143.43499755859375,
    "GOOG": 303.1400146484375,
    "PDD": 102.2750015258789
}
