{
    "VT": 136.8101043701172,
    "ANET": 131.3300018310547,
    "GOOG": 298.67999267578125,
    "PDD": 97.0199966430664
}
