{
    "VT": 148.125,
    "ANET": 143.72500610351562,
    "GOOG": 318.889892578125,
    "PDD": 105.93000030517578
}
