{
    "VT": 133.1649932861328,
    "ANET": 135.99420166015625,
    "GOOG": 205.05999755859375,
    "PDD": 114.91999816894531,
    "BRK-B": 476.70001220703125,
    "OXY": 44.37419891357422,
    "GEO": 21.014999389648438
}