{
    "VT": 145.63999938964844,
    "ANET": 147.63999938964844,
    "GOOG": 331.510009765625,
    "PDD": 102.3499984741211
}
