{
    "VT": 142.64999389648438,
    "ANET": 138.14500427246094,
    "GOOG": 307.8500061035156,
    "PDD": 102.91999816894531
}
