{
    "VT": 143.69000244140625,
    "ANET": 129.58999633789062,
    "GOOG": 329.2699890136719,
    "PDD": 101.71499633789062
}
