{
    "VT": 143.10000610351562,
    "ANET": 136.3350067138672,
    "GOOG": 298.4551086425781,
    "PDD": 100.19000244140625
}
