{
    "VT": 134.02000427246094,
    "ANET": 133.3249969482422,
    "GOOG": 208.03419494628906,
    "PDD": 121.62000274658203,
    "BRK-B": 496.5950012207031,
    "OXY": 46.92499923706055,
    "GEO": 20.8700008392334
}