{
    "VT": 145.16000366210938,
    "ANET": 136.1699981689453,
    "GOOG": 328.7300109863281,
    "PDD": 106.54000091552734
}
