{
    "VT": 138.03500366210938,
    "ANET": 145.85000610351562,
    "GOOG": 252.07000732421875,
    "PDD": 128.71499633789062,
    "BRK-B": 493.4938049316406,
    "OXY": 45.994998931884766,
    "GEO": 21.479999542236328
}
