{
    "VT": 145.44500732421875,
    "ANET": 133.1300048828125,
    "GOOG": 333.4801025390625,
    "PDD": 108.0199966430664
}
