{
    "VT": 144.69500732421875,
    "ANET": 123.37000274658203,
    "GOOG": 330.0299987792969,
    "PDD": 120.63999938964844,
    "BRK-B": 497.7250061035156,
    "OXY": 42.79499816894531,
    "GEO": 17.450000762939453
}
