{
    "VT": 136.97999572753906,
    "ANET": 126.7300033569336,
    "GOOG": 298.90008544921875,
    "PDD": 115.36499786376953,
    "BRK-B": 504.3489990234375,
    "OXY": 42.035499572753906,
    "GEO": 15.1899995803833
}
