{
    "VT": 140.94500732421875,
    "ANET": 161.00999450683594,
    "GOOG": 283.7701110839844,
    "PDD": 136.25950622558594,
    "BRK-B": 480.1370849609375,
    "OXY": 41.185001373291016,
    "GEO": 16.59000015258789
}
