{
    "VT": 140.4250030517578,
    "ANET": 132.15499877929688,
    "GOOG": 304.989990234375,
    "PDD": 102.44999694824219
}
