{
    "VT": 135.5850067138672,
    "ANET": 151.0749969482422,
    "GOOG": 241.11000061035156,
    "PDD": 123.73999786376953,
    "BRK-B": 489.44000244140625,
    "OXY": 45.90999984741211,
    "GEO": 21.18000030517578
}
