{
    "VT": 140.99000549316406,
    "ANET": 136.39999389648438,
    "GOOG": 303.83599853515625,
    "PDD": 101.70500183105469
}
