{
    "VT": 133.0800018310547,
    "ANET": 135.15499877929688,
    "GOOG": 201.37010192871094,
    "PDD": 118.1500015258789,
    "BRK-B": 482.9599914550781,
    "OXY": 44.04499816894531,
    "GEO": 21.479999542236328
}