{
    "VT": 139.34030151367188,
    "ANET": 157.93499755859375,
    "GOOG": 245.80999755859375,
    "PDD": 133.9199981689453,
    "BRK-B": 500.5799865722656,
    "OXY": 45.02000045776367,
    "GEO": 18.485000610351562
}
