{
    "VT": 141.4499969482422,
    "ANET": 131.64500427246094,
    "GOOG": 314.6400146484375,
    "PDD": 113.51000213623047,
    "BRK-B": 505.2829895019531,
    "OXY": 41.14500045776367,
    "GEO": 16.149999618530273
}
