{
    "VT": 137.2899932861328,
    "ANET": 143.69500732421875,
    "GOOG": 251.8699951171875,
    "PDD": 129.84500122070312,
    "BRK-B": 488.95050048828125,
    "OXY": 46.619998931884766,
    "GEO": 21.81999969482422
}
