{
    "VT": 147.6750030517578,
    "ANET": 130.82000732421875,
    "GOOG": 307.0799865722656,
    "PDD": 103.94999694824219
}
