{
    "VT": 133.1750030517578,
    "ANET": 136.77000427246094,
    "GOOG": 202.86000061035156,
    "PDD": 114.95500183105469,
    "BRK-B": 476.010009765625,
    "OXY": 44.165000915527344,
    "GEO": 20.540000915527344
}