{
    "VT": 133.61000061035156,
    "ANET": 134.61000061035156,
    "GOOG": 207.16000366210938,
    "PDD": 126.43499755859375,
    "BRK-B": 486.40008544921875,
    "OXY": 46.165401458740234,
    "GEO": 20.584999084472656
}