{
    "VT": 142.39500427246094,
    "ANET": 130.68679809570312,
    "GOOG": 315.19000244140625,
    "PDD": 114.02999877929688,
    "BRK-B": 500.760009765625,
    "OXY": 40.09510040283203,
    "GEO": 16.479999542236328
}
