{
    "VT": 136.6199951171875,
    "ANET": 142.93499755859375,
    "GOOG": 241.42999267578125,
    "PDD": 125.37000274658203,
    "BRK-B": 494.2449951171875,
    "OXY": 46.0,
    "GEO": 22.170000076293945
}
