{
    "VT": 140.5196075439453,
    "ANET": 127.54959869384766,
    "GOOG": 317.1881103515625,
    "PDD": 118.80000305175781,
    "BRK-B": 506.15960693359375,
    "OXY": 41.8849983215332,
    "GEO": 16.579999923706055
}
