{
    "VT": 146.0500030517578,
    "ANET": 142.86000061035156,
    "GOOG": 301.9700012207031,
    "PDD": 101.69999694824219
}
