{
    "VT": 146.41000366210938,
    "ANET": 143.39500427246094,
    "GOOG": 302.55999755859375,
    "PDD": 102.27999877929688
}
