{
    "VT": 146.2899932861328,
    "ANET": 132.80999755859375,
    "GOOG": 314.3800048828125,
    "PDD": 100.70999908447266
}
