{
    "VT": 138.6999969482422,
    "ANET": 131.14999389648438,
    "GOOG": 303.7409973144531,
    "PDD": 117.05999755859375,
    "BRK-B": 503.091796875,
    "OXY": 42.04999923706055,
    "GEO": 15.109999656677246
}
