{
    "VT": 137.38999938964844,
    "ANET": 149.0500946044922,
    "GOOG": 255.4600067138672,
    "PDD": 130.5399932861328,
    "BRK-B": 493.1000061035156,
    "OXY": 46.2400016784668,
    "GEO": 21.948999404907227
}
