{
    "VT": 148.96499633789062,
    "ANET": 133.5,
    "GOOG": 310.95001220703125,
    "PDD": 106.41999816894531
}
