{
    "VT": 140.6199951171875,
    "ANET": 124.72000122070312,
    "GOOG": 303.5199890136719,
    "PDD": 106.3499984741211,
    "BRK-B": 503.68499755859375,
    "OXY": 39.775001525878906,
    "GEO": 16.920000076293945
}
