{
    "VT": 141.13999938964844,
    "ANET": 134.60499572753906,
    "GOOG": 300.29998779296875,
    "PDD": 101.80999755859375
}
