{
    "VT": 143.47500610351562,
    "ANET": 130.052001953125,
    "GOOG": 321.58349609375,
    "PDD": 120.98999786376953,
    "BRK-B": 494.989990234375,
    "OXY": 41.04999923706055,
    "GEO": 16.1200008392334
}
