{
    "VT": 137.27499389648438,
    "ANET": 148.37030029296875,
    "GOOG": 254.08999633789062,
    "PDD": 131.32000732421875,
    "BRK-B": 491.7965087890625,
    "OXY": 46.099998474121094,
    "GEO": 21.7549991607666
}
