{
    "VT": 142.16000366210938,
    "ANET": 130.7550048828125,
    "GOOG": 314.41900634765625,
    "PDD": 113.88999938964844,
    "BRK-B": 499.9164123535156,
    "OXY": 40.10499954223633,
    "GEO": 16.399999618530273
}
