{
    "VT": 141.6199951171875,
    "ANET": 130.2899932861328,
    "GOOG": 313.0249938964844,
    "PDD": 111.0999984741211,
    "BRK-B": 499.0400085449219,
    "OXY": 40.290000915527344,
    "GEO": 16.559999465942383
}
