{
    "VT": 147.47500610351562,
    "ANET": 140.14999389648438,
    "GOOG": 304.7200012207031,
    "PDD": 103.37999725341797
}
