{
    "VT": 138.19000244140625,
    "ANET": 147.14500427246094,
    "GOOG": 253.1699981689453,
    "PDD": 127.92500305175781,
    "BRK-B": 489.239990234375,
    "OXY": 41.150001525878906,
    "GEO": 16.790000915527344
}
