{
    "VT": 143.97500610351562,
    "ANET": 130.97500610351562,
    "GOOG": 325.7699890136719,
    "PDD": 121.2874984741211,
    "BRK-B": 493.7900085449219,
    "OXY": 40.90999984741211,
    "GEO": 16.040000915527344
}
