{
    "VT": 144.10000610351562,
    "ANET": 124.51000213623047,
    "GOOG": 333.33380126953125,
    "PDD": 108.19999694824219
}
