{
    "VT": 144.3798065185547,
    "ANET": 127.72000122070312,
    "GOOG": 329.07989501953125,
    "PDD": 105.86000061035156
}
