{
    "VT": 141.73500061035156,
    "ANET": 131.38999938964844,
    "GOOG": 315.6000061035156,
    "PDD": 111.95500183105469,
    "BRK-B": 499.2149963378906,
    "OXY": 39.7599983215332,
    "GEO": 16.389999389648438
}
