{
    "VT": 140.06979370117188,
    "ANET": 132.6649932861328,
    "GOOG": 280.9465026855469,
    "PDD": 134.6999969482422,
    "BRK-B": 509.6122131347656,
    "OXY": 42.064998626708984,
    "GEO": 14.789999961853027
}
