{
    "VT": 140.25,
    "ANET": 127.13500213623047,
    "GOOG": 319.260009765625,
    "PDD": 116.3499984741211,
    "BRK-B": 510.85479736328125,
    "OXY": 41.6150016784668,
    "GEO": 15.800000190734863
}
