{
    "VT": 139.08929443359375,
    "ANET": 143.6699981689453,
    "GOOG": 279.5450134277344,
    "PDD": 134.25,
    "BRK-B": 489.6335144042969,
    "OXY": 40.11000061035156,
    "GEO": 16.450000762939453
}
