{
    "VT": 146.83999633789062,
    "ANET": 150.22000122070312,
    "GOOG": 335.989990234375,
    "PDD": 103.4000015258789
}
