{
    "VT": 134.1300048828125,
    "ANET": 135.40550231933594,
    "GOOG": 211.24000549316406,
    "PDD": 121.38999938964844,
    "BRK-B": 498.4849853515625,
    "OXY": 46.90999984741211,
    "GEO": 20.350000381469727
}