{
    "VT": 142.5449981689453,
    "ANET": 134.86459350585938,
    "GOOG": 314.0,
    "PDD": 112.1500015258789,
    "BRK-B": 496.9599914550781,
    "OXY": 41.255001068115234,
    "GEO": 17.01959991455078
}
