{
    "VT": 138.14540100097656,
    "ANET": 135.7100067138672,
    "GOOG": 278.489990234375,
    "PDD": 134.98500061035156,
    "BRK-B": 497.5929870605469,
    "OXY": 40.94499969482422,
    "GEO": 15.09000015258789
}
