{
    "VT": 136.78500366210938,
    "ANET": 152.07000732421875,
    "GOOG": 242.05999755859375,
    "PDD": 126.28730010986328,
    "BRK-B": 495.9176940917969,
    "OXY": 46.02000045776367,
    "GEO": 22.809999465942383
}
