{
    "VT": 140.55999755859375,
    "ANET": 134.4949951171875,
    "GOOG": 300.9035949707031,
    "PDD": 102.185
}
