{
    "VT": 144.5399932861328,
    "ANET": 131.8699951171875,
    "GOOG": 303.260009765625,
    "PDD": 102.11000061035156
}
