{
    "VT": 144.40499877929688,
    "ANET": 125.25499725341797,
    "GOOG": 302.70001220703125,
    "PDD": 100.86499786376953
}
