{
    "VT": 133.47500610351562,
    "ANET": 136.27139282226562,
    "GOOG": 205.98989868164062,
    "PDD": 118.87999725341797,
    "BRK-B": 477.3699951171875,
    "OXY": 44.790000915527344,
    "GEO": 20.950000762939453
}