{
    "VT": 145.98500061035156,
    "ANET": 144.03500366210938,
    "GOOG": 335.05999755859375,
    "PDD": 107.0999984741211
}
