{
    "VT": 147.85000610351562,
    "ANET": 141.10000610351562,
    "GOOG": 312.2699890136719,
    "PDD": 104.75
}
