{
    "VT": 148.697998046875,
    "ANET": 131.69000244140625,
    "GOOG": 311.1000061035156,
    "PDD": 106.94000244140625
}
