{
    "VT": 143.1300048828125,
    "ANET": 139.82000732421875,
    "GOOG": 307.2799987792969,
    "PDD": 104.4000015258789
}
