{
    "VT": 147.6750030517578,
    "ANET": 127.61000061035156,
    "GOOG": 303.69000244140625,
    "PDD": 105.17350006103516
}
