{
    "VT": 145.9799041748047,
    "ANET": 141.2100067138672,
    "GOOG": 341.30999755859375,
    "PDD": 102.68000030517578
}
