{
    "VT": 140.2299041748047,
    "ANET": 137.57000732421875,
    "GOOG": 289.4100036621094,
    "PDD": 136.98500061035156,
    "BRK-B": 496.5132141113281,
    "OXY": 40.97999954223633,
    "GEO": 15.420000076293945
}
