{
    "VT": 147.47000122070312,
    "ANET": 140.58999633789062,
    "GOOG": 304.6050109863281,
    "PDD": 103.17500305175781
}
