{
    "VT": 138.36500549316406,
    "ANET": 127.5,
    "GOOG": 286.34619140625,
    "PDD": 129.8699951171875,
    "BRK-B": 507.1400146484375,
    "OXY": 42.31999969482422,
    "GEO": 14.698399543762207
}
