{
    "VT": 141.35000610351562,
    "ANET": 130.25,
    "GOOG": 314.8399963378906,
    "PDD": 116.16999816894531,
    "BRK-B": 493.6369934082031,
    "OXY": 41.584999084472656,
    "GEO": 16.760000228881836
}
