{
    "VT": 146.9199981689453,
    "ANET": 146.9600067138672,
    "GOOG": 335.7900085449219,
    "PDD": 106.51499938964844
}
