{
    "VT": 141.52499389648438,
    "ANET": 132.1199951171875,
    "GOOG": 314.1600036621094,
    "PDD": 113.48999786376953,
    "BRK-B": 505.11920166015625,
    "OXY": 41.099998474121094,
    "GEO": 16.139999389648438
}
