{
    "VT": 145.7899932861328,
    "ANET": 141.51499938964844,
    "GOOG": 301.1600036621094,
    "PDD": 101.37000274658203
}
