{
    "VT": 134.2050018310547,
    "ANET": 143.0449981689453,
    "GOOG": 234.38499450683594,
    "PDD": 125.06999969482422,
    "BRK-B": 498.8299865722656,
    "OXY": 45.56999969482422,
    "GEO": 20.860000610351562
}
