{
    "VT": 134.6649932861328,
    "ANET": 114.80829620361328,
    "GOOG": 299.6300048828125,
    "PDD": 111.45999908447266,
    "BRK-B": 503.7850036621094,
    "OXY": 40.6786003112793,
    "GEO": 14.920000076293945
}
