{
    "VT": 138.0800018310547,
    "ANET": 143.07980346679688,
    "GOOG": 253.7100067138672,
    "PDD": 130.02499389648438,
    "BRK-B": 493.1499938964844,
    "OXY": 40.915000915527344,
    "GEO": 16.889999389648438
}
