{
    "VT": 137.11000061035156,
    "ANET": 142.5449981689453,
    "GOOG": 251.19000244140625,
    "PDD": 128.6699981689453,
    "BRK-B": 488.4049987792969,
    "OXY": 46.810001373291016,
    "GEO": 21.94499969482422
}
