{
    "VT": 133.43499755859375,
    "ANET": 136.41000366210938,
    "GOOG": 207.11500549316406,
    "PDD": 119.51000213623047,
    "BRK-B": 476.489990234375,
    "OXY": 44.959999084472656,
    "GEO": 20.934999465942383
}