{
    "VT": 141.40499877929688,
    "ANET": 156.05499267578125,
    "GOOG": 267.05999755859375,
    "PDD": 137.64999389648438,
    "BRK-B": 487.45001220703125,
    "OXY": 42.4359016418457,
    "GEO": 17.09000015258789
}
