{
    "VT": 135.66000366210938,
    "ANET": 116.875,
    "GOOG": 298.0899963378906,
    "PDD": 112.57499694824219,
    "BRK-B": 505.4089050292969,
    "OXY": 41.20500183105469,
    "GEO": 15.029999732971191
}
