{
    "VT": 144.93499755859375,
    "ANET": 130.46249389648438,
    "GOOG": 332.3699951171875,
    "PDD": 107.4749984741211
}
