{
    "VT": 142.0850067138672,
    "ANET": 133.21319580078125,
    "GOOG": 314.79998779296875,
    "PDD": 113.94000244140625,
    "BRK-B": 504.889892578125,
    "OXY": 41.45399856567383,
    "GEO": 16.299999237060547
}
