{
    "VT": 136.6750030517578,
    "ANET": 141.875,
    "GOOG": 241.78970336914062,
    "PDD": 125.27159881591797,
    "BRK-B": 495.0400085449219,
    "OXY": 45.89500045776367,
    "GEO": 22.290000915527344
}
