{
    "VT": 140.58999633789062,
    "ANET": 161.0800018310547,
    "GOOG": 278.5920104980469,
    "PDD": 135.52999877929688,
    "BRK-B": 476.6099853515625,
    "OXY": 41.209999084472656,
    "GEO": 16.69879913330078
}
