{
    "VT": 141.3800048828125,
    "ANET": 135.01499938964844,
    "GOOG": 302.3900146484375,
    "PDD": 102.18499755859375
}
