{
    "VT": 143.093994140625,
    "ANET": 137.85000610351562,
    "GOOG": 317.42999267578125,
    "PDD": 117.87999725341797,
    "BRK-B": 502.3179931640625,
    "OXY": 40.685001373291016,
    "GEO": 16.1299991607666
}
