{
    "VT": 143.8800048828125,
    "ANET": 136.1699981689453,
    "GOOG": 317.8599853515625,
    "PDD": 122.6050033569336,
    "BRK-B": 496.9750061035156,
    "OXY": 41.904998779296875,
    "GEO": 15.795000076293945
}
