{
    "VT": 144.47999572753906,
    "ANET": 140.44000244140625,
    "GOOG": 307.9800109863281,
    "PDD": 106.18499755859375
}
