{
    "VT": 135.91510009765625,
    "ANET": 142.0749969482422,
    "GOOG": 245.7100067138672,
    "PDD": 131.1999969482422,
    "BRK-B": 495.4750061035156,
    "OXY": 46.915000915527344,
    "GEO": 21.377599716186523
}
