{
    "VT": 141.31500244140625,
    "ANET": 129.0800018310547,
    "GOOG": 314.7650146484375,
    "PDD": 115.86000061035156,
    "BRK-B": 492.82000732421875,
    "OXY": 41.4900016784668,
    "GEO": 16.679899215698242
}
