{
    "VT": 141.35000610351562,
    "ANET": 161.41000366210938,
    "GOOG": 273.4049987792969,
    "PDD": 138.00999450683594,
    "BRK-B": 474.94000244140625,
    "OXY": 40.79999923706055,
    "GEO": 16.860000610351562
}
