{
    "VT": 140.9600067138672,
    "ANET": 124.81620025634766,
    "GOOG": 309.7300109863281,
    "PDD": 111.91999816894531,
    "BRK-B": 497.9049987792969,
    "OXY": 41.10499954223633,
    "GEO": 16.92099952697754
}
