{
    "VT": 132.375,
    "ANET": 130.9499969482422,
    "GOOG": 202.0749969482422,
    "PDD": 121.4000015258789,
    "BRK-B": 486.2250061035156,
    "OXY": 44.16999816894531,
    "GEO": 21.235000610351562
}