{
    "VT": 139.74000549316406,
    "ANET": 155.60000610351562,
    "GOOG": 280.6600036621094,
    "PDD": 132.82000732421875,
    "BRK-B": 480.9400939941406,
    "OXY": 40.04999923706055,
    "GEO": 16.450000762939453
}
