{
    "VT": 136.67349243164062,
    "ANET": 142.32000732421875,
    "GOOG": 239.9788055419922,
    "PDD": 124.6449966430664,
    "BRK-B": 495.0369873046875,
    "OXY": 46.029998779296875,
    "GEO": 22.139999389648438
}
