{
    "VT": 138.7949981689453,
    "ANET": 144.72000122070312,
    "GOOG": 245.59500122070312,
    "PDD": 135.14999389648438,
    "BRK-B": 496.4200134277344,
    "OXY": 44.375,
    "GEO": 20.549999237060547
}
