{
    "VT": 141.3800048828125,
    "ANET": 125.3125,
    "GOOG": 310.75,
    "PDD": 111.73999786376953,
    "BRK-B": 496.8341064453125,
    "OXY": 40.970001220703125,
    "GEO": 17.170000076293945
}
