{
    "VT": 144.18499755859375,
    "ANET": 127.05249786376953,
    "GOOG": 332.42999267578125,
    "PDD": 107.83999633789062,
    "BRK-B": 496.3999938964844,
    "OXY": 44.58000183105469,
    "GEO": 17.030000686645508
}
