{
    "VT": 143.5050048828125,
    "ANET": 123.68000030517578,
    "GOOG": 325.4800109863281,
    "PDD": 121.16999816894531,
    "BRK-B": 500.32000732421875,
    "OXY": 41.54499816894531,
    "GEO": 16.6299991607666
}
