{
    "VT": 133.47999572753906,
    "ANET": 136.43499755859375,
    "GOOG": 206.55490112304688,
    "PDD": 118.95999908447266,
    "BRK-B": 477.7578125,
    "OXY": 44.68280029296875,
    "GEO": 20.924999237060547
}