{
    "VT": 144.7050018310547,
    "ANET": 123.5999984741211,
    "GOOG": 330.2799987792969,
    "PDD": 120.33000183105469,
    "BRK-B": 499.6400146484375,
    "OXY": 42.775001525878906,
    "GEO": 17.420000076293945
}
