{
    "VT": 138.5511016845703,
    "ANET": 129.0,
    "GOOG": 289.2755126953125,
    "PDD": 129.64999389648438,
    "BRK-B": 510.0025939941406,
    "OXY": 42.44499969482422,
    "GEO": 14.8996000289917
}
