{
    "VT": 133.3072052001953,
    "ANET": 137.06719970703125,
    "GOOG": 203.8800048828125,
    "PDD": 118.55999755859375,
    "BRK-B": 477.5,
    "OXY": 44.345001220703125,
    "GEO": 21.053800582885742
}