{
    "VT": 145.2449951171875,
    "ANET": 132.9600067138672,
    "GOOG": 303.95001220703125,
    "PDD": 101.33499908447266
}
