{
    "VT": 143.36500549316406,
    "ANET": 137.42999267578125,
    "GOOG": 316.5299987792969,
    "PDD": 118.0250015258789,
    "BRK-B": 501.30999755859375,
    "OXY": 40.890098571777344,
    "GEO": 16.239999771118164
}
