{
    "VT": 142.05499267578125,
    "ANET": 133.5399932861328,
    "GOOG": 309.6499938964844,
    "PDD": 104.54000091552734
}
