{
    "VT": 143.74000549316406,
    "ANET": 136.1999969482422,
    "GOOG": 300.57000732421875,
    "PDD": 100.45999908447266
}
