{
    "VT": 145.56500244140625,
    "ANET": 133.25,
    "GOOG": 322.8349914550781,
    "PDD": 105.08999633789062
}
