{
    "VT": 137.24000549316406,
    "ANET": 120.69000244140625,
    "GOOG": 317.2850036621094,
    "PDD": 114.57499694824219,
    "BRK-B": 498.4623107910156,
    "OXY": 41.27000045776367,
    "GEO": 15.100000381469727
}
