{
    "VT": 136.89500427246094,
    "ANET": 142.47999572753906,
    "GOOG": 248.32000732421875,
    "PDD": 131.97999572753906,
    "BRK-B": 495.502197265625,
    "OXY": 46.90999984741211,
    "GEO": 21.469999313354492
}
