{
    "VT": 140.99000549316406,
    "ANET": 131.81500244140625,
    "GOOG": 317.6199951171875,
    "PDD": 113.87999725341797,
    "BRK-B": 495.62298583984375,
    "OXY": 41.595001220703125,
    "GEO": 16.719999313354492
}
