{
    "VT": 141.13999938964844,
    "ANET": 129.5,
    "GOOG": 316.1700134277344,
    "PDD": 115.80999755859375,
    "BRK-B": 501.19000244140625,
    "OXY": 42.625,
    "GEO": 17.09000015258789
}
