{
    "VT": 141.28500366210938,
    "ANET": 129.5800018310547,
    "GOOG": 317.2900085449219,
    "PDD": 115.23999786376953,
    "BRK-B": 501.9200134277344,
    "OXY": 42.5630989074707,
    "GEO": 17.03499984741211
}
