{
    "VT": 137.13999938964844,
    "ANET": 143.47500610351562,
    "GOOG": 245.1678009033203,
    "PDD": 130.52000427246094,
    "BRK-B": 497.4599914550781,
    "OXY": 48.11000061035156,
    "GEO": 20.950000762939453
}
