{
    "VT": 133.6750030517578,
    "ANET": 135.99000549316406,
    "GOOG": 214.32000732421875,
    "PDD": 120.51000213623047,
    "BRK-B": 504.3918151855469,
    "OXY": 47.58000183105469,
    "GEO": 20.68000030517578
}