{
    "VT": 140.90499877929688,
    "ANET": 158.72000122070312,
    "GOOG": 281.57501220703125,
    "PDD": 134.76499938964844,
    "BRK-B": 478.1000061035156,
    "OXY": 41.279998779296875,
    "GEO": 17.155000686645508
}
