{
    "VT": 137.3000030517578,
    "ANET": 143.25,
    "GOOG": 251.16000366210938,
    "PDD": 127.80999755859375,
    "BRK-B": 491.4599914550781,
    "OXY": 45.814998626708984,
    "GEO": 22.270000457763672
}
