{
    "VT": 142.9149932861328,
    "ANET": 124.22000122070312,
    "GOOG": 301.07000732421875,
    "PDD": 100.0199966430664
}
