{
    "VT": 133.38699340820312,
    "ANET": 136.8000030517578,
    "GOOG": 205.9207000732422,
    "PDD": 118.75,
    "BRK-B": 477.0299987792969,
    "OXY": 44.685001373291016,
    "GEO": 20.950000762939453
}