{
    "VT": 140.73500061035156,
    "ANET": 125.7699966430664,
    "GOOG": 302.010009765625,
    "PDD": 106.08000183105469,
    "BRK-B": 502.9200134277344,
    "OXY": 40.244998931884766,
    "GEO": 17.0049991607666
}
