{
    "VT": 138.6251983642578,
    "ANET": 158.56500244140625,
    "GOOG": 241.85899353027344,
    "PDD": 130.52999877929688,
    "BRK-B": 495.8699951171875,
    "OXY": 44.46500015258789,
    "GEO": 18.065000534057617
}
