{
    "VT": 147.6649932861328,
    "ANET": 129.3300018310547,
    "GOOG": 310.9150085449219,
    "PDD": 106.72000122070312
}
