{
    "VT": 139.11000061035156,
    "ANET": 146.1699981689453,
    "GOOG": 251.9600067138672,
    "PDD": 131.72999572753906,
    "BRK-B": 493.9800109863281,
    "OXY": 40.935001373291016,
    "GEO": 17.405000686645508
}
