{
    "VT": 144.2050018310547,
    "ANET": 125.5199966430664,
    "GOOG": 302.1700134277344,
    "PDD": 100.38999938964844
}
