{
    "VT": 145.9149932861328,
    "ANET": 143.94500732421875,
    "GOOG": 335.07000732421875,
    "PDD": 107.27999877929688
}
