{
    "VT": 139.65499877929688,
    "ANET": 144.33999633789062,
    "GOOG": 283.8500061035156,
    "PDD": 135.39999389648438,
    "BRK-B": 492.5400085449219,
    "OXY": 40.119998931884766,
    "GEO": 16.450000762939453
}
