{
    "VT": 136.09500122070312,
    "ANET": 142.85000610351562,
    "GOOG": 246.75,
    "PDD": 130.67999267578125,
    "BRK-B": 496.27978515625,
    "OXY": 46.98500061035156,
    "GEO": 21.239999771118164
}
