{
    "VT": 138.67999267578125,
    "ANET": 144.7100067138672,
    "GOOG": 247.89999389648438,
    "PDD": 132.94500732421875,
    "BRK-B": 501.1679992675781,
    "OXY": 45.165000915527344,
    "GEO": 18.969999313354492
}
