{
    "VT": 140.77000427246094,
    "ANET": 136.0749969482422,
    "GOOG": 289.57000732421875,
    "PDD": 138.64999389648438,
    "BRK-B": 497.125,
    "OXY": 43.18000030517578,
    "GEO": 15.289999961853027
}
