{
    "VT": 134.91900634765625,
    "ANET": 116.41000366210938,
    "GOOG": 295.8900146484375,
    "PDD": 112.41999816894531,
    "BRK-B": 504.8599853515625,
    "OXY": 40.84000015258789,
    "GEO": 14.829999923706055
}
