{
    "VT": 138.5050048828125,
    "ANET": 157.5449981689453,
    "GOOG": 241.7368927001953,
    "PDD": 131.07000732421875,
    "BRK-B": 495.3949890136719,
    "OXY": 44.44329833984375,
    "GEO": 18.065000534057617
}
