{
    "VT": 134.8699951171875,
    "ANET": 141.88999938964844,
    "GOOG": 235.1300048828125,
    "PDD": 125.02999877929688,
    "BRK-B": 496.3599853515625,
    "OXY": 45.099998474121094,
    "GEO": 20.440000534057617
}
