{
    "VT": 143.03729248046875,
    "ANET": 127.62000274658203,
    "GOOG": 323.5849914550781,
    "PDD": 103.8102035522461
}
