{
    "VT": 134.9499969482422,
    "ANET": 142.5,
    "GOOG": 236.89999389648438,
    "PDD": 126.88500213623047,
    "BRK-B": 491.8699951171875,
    "OXY": 45.650001525878906,
    "GEO": 21.0
}
