{
    "VT": 138.81500244140625,
    "ANET": 135.47000122070312,
    "GOOG": 303.0799865722656,
    "PDD": 97.12000274658203
}
