{
    "VT": 140.44000244140625,
    "ANET": 127.5,
    "GOOG": 320.05499267578125,
    "PDD": 116.79000091552734,
    "BRK-B": 511.1494140625,
    "OXY": 41.79999923706055,
    "GEO": 15.710000038146973
}
