{
    "VT": 134.0050048828125,
    "ANET": 142.33999633789062,
    "GOOG": 233.19000244140625,
    "PDD": 124.41000366210938,
    "BRK-B": 500.168212890625,
    "OXY": 45.724998474121094,
    "GEO": 20.729999542236328
}
