{
    "VT": 138.74070739746094,
    "ANET": 135.19000244140625,
    "GOOG": 283.93499755859375,
    "PDD": 137.76499938964844,
    "BRK-B": 490.1199951171875,
    "OXY": 40.40999984741211,
    "GEO": 15.100000381469727
}
