{
    "VT": 132.1999969482422,
    "ANET": 131.47500610351562,
    "GOOG": 200.7449951171875,
    "PDD": 122.5,
    "BRK-B": 487.42999267578125,
    "OXY": 44.529998779296875,
    "GEO": 21.18000030517578
}