{
    "VT": 133.38499450683594,
    "ANET": 136.83999633789062,
    "GOOG": 230.42999267578125,
    "PDD": 122.11000061035156,
    "BRK-B": 499.9100036621094,
    "OXY": 46.439998626708984,
    "GEO": 20.950000762939453
}
