{
    "VT": 135.32000732421875,
    "ANET": 119.23500061035156,
    "GOOG": 298.29998779296875,
    "PDD": 112.16999816894531,
    "BRK-B": 504.2699890136719,
    "OXY": 40.70000076293945,
    "GEO": 14.850000381469727
}
