{
    "VT": 132.85000610351562,
    "ANET": 135.72000122070312,
    "GOOG": 212.22000122070312,
    "PDD": 121.54750061035156,
    "BRK-B": 500.3710021972656,
    "OXY": 48.05500030517578,
    "GEO": 20.989999771118164
}
