{
    "VT": 148.0050048828125,
    "ANET": 142.6699981689453,
    "GOOG": 318.05999755859375,
    "PDD": 105.83999633789062
}
