{
    "VT": 137.51800537109375,
    "ANET": 121.26000213623047,
    "GOOG": 314.5400085449219,
    "PDD": 114.47000122070312,
    "BRK-B": 499.3599853515625,
    "OXY": 41.3849983215332,
    "GEO": 15.180000305175781
}
