{
    "VT": 141.19000244140625,
    "ANET": 136.33999633789062,
    "GOOG": 302.79998779296875,
    "PDD": 101.7300033569336
}
