{
    "VT": 148.15499877929688,
    "ANET": 142.82009887695312,
    "GOOG": 319.45001220703125,
    "PDD": 105.37000274658203
}
