{
    "VT": 146.92990112304688,
    "ANET": 146.77499389648438,
    "GOOG": 335.94000244140625,
    "PDD": 106.43000030517578
}
