{
    "VT": 139.61000061035156,
    "ANET": 150.01499938964844,
    "GOOG": 251.4199981689453,
    "PDD": 134.7899932861328,
    "BRK-B": 500.1050109863281,
    "OXY": 45.39500045776367,
    "GEO": 19.395000457763672
}
