{
    "VT": 141.83990478515625,
    "ANET": 128.35499572753906,
    "GOOG": 320.5899963378906,
    "PDD": 117.83000183105469,
    "BRK-B": 503.6300048828125,
    "OXY": 43.13999938964844,
    "GEO": 17.200000762939453
}
