{
    "VT": 142.1002960205078,
    "ANET": 132.8800048828125,
    "GOOG": 306.739990234375,
    "PDD": 105.19999694824219
}
