{
    "VT": 145.02999877929688,
    "ANET": 122.8949966430664,
    "GOOG": 330.25750732421875,
    "PDD": 118.19660186767578,
    "BRK-B": 498.5461120605469,
    "OXY": 42.68000030517578,
    "GEO": 17.459199905395508
}
