{
    "VT": 137.23500061035156,
    "ANET": 146.19000244140625,
    "GOOG": 249.24000549316406,
    "PDD": 127.81500244140625,
    "BRK-B": 490.864990234375,
    "OXY": 45.42499923706055,
    "GEO": 22.030000686645508
}
