{
    "VT": 141.44500732421875,
    "ANET": 134.75,
    "GOOG": 286.4700012207031,
    "PDD": 135.99899291992188,
    "BRK-B": 501.85009765625,
    "OXY": 42.0,
    "GEO": 14.989999771118164
}
