{
    "VT": 148.34500122070312,
    "ANET": 130.2050018310547,
    "GOOG": 307.6199951171875,
    "PDD": 105.11000061035156
}
