{
    "VT": 142.43499755859375,
    "ANET": 127.84500122070312,
    "GOOG": 321.70001220703125,
    "PDD": 104.75
}
