{
    "VT": 145.77499389648438,
    "ANET": 142.17999267578125,
    "GOOG": 301.087890625,
    "PDD": 101.37000274658203
}
