{
    "VT": 137.85000610351562,
    "ANET": 135.10000610351562,
    "GOOG": 278.1600036621094,
    "PDD": 134.75,
    "BRK-B": 496.4200134277344,
    "OXY": 40.75579833984375,
    "GEO": 15.09000015258789
}
