{
    "VT": 145.99000549316406,
    "ANET": 141.08999633789062,
    "GOOG": 341.95001220703125,
    "PDD": 103.0
}
