{
    "VT": 140.9199981689453,
    "ANET": 133.3249969482422,
    "GOOG": 280.5899963378906,
    "PDD": 136.86300659179688,
    "BRK-B": 507.57000732421875,
    "OXY": 42.385101318359375,
    "GEO": 14.920000076293945
}
