{
    "VT": 139.7100067138672,
    "ANET": 152.98500061035156,
    "GOOG": 248.0,
    "PDD": 134.30999755859375,
    "BRK-B": 502.5199890136719,
    "OXY": 45.790000915527344,
    "GEO": 19.795000076293945
}
