{
    "VT": 138.47999572753906,
    "ANET": 135.24000549316406,
    "GOOG": 279.510009765625,
    "PDD": 136.01559448242188,
    "BRK-B": 498.2049865722656,
    "OXY": 41.1150016784668,
    "GEO": 14.96500015258789
}
