{
    "VT": 145.9499969482422,
    "ANET": 142.05999755859375,
    "GOOG": 306.0400085449219,
    "PDD": 99.94000244140625
}
