{
    "VT": 141.12989807128906,
    "ANET": 129.64999389648438,
    "GOOG": 318.1051940917969,
    "PDD": 116.11000061035156,
    "BRK-B": 491.6600036621094,
    "OXY": 41.59510040283203,
    "GEO": 16.690200805664062
}
