{
    "VT": 136.25,
    "ANET": 141.3800048828125,
    "GOOG": 247.875,
    "PDD": 130.30999755859375,
    "BRK-B": 497.94000244140625,
    "OXY": 48.26499938964844,
    "GEO": 21.270000457763672
}
