{
    "VT": 139.47999572753906,
    "ANET": 146.33999633789062,
    "GOOG": 242.9499969482422,
    "PDD": 133.97000122070312,
    "BRK-B": 499.7099914550781,
    "OXY": 44.97999954223633,
    "GEO": 20.520000457763672
}
