{
    "VT": 137.27000427246094,
    "ANET": 144.60499572753906,
    "GOOG": 249.1199951171875,
    "PDD": 127.66000366210938,
    "BRK-B": 490.1319885253906,
    "OXY": 45.53499984741211,
    "GEO": 22.0
}
