{
    "VT": 140.80020141601562,
    "ANET": 161.1649932861328,
    "GOOG": 280.8500061035156,
    "PDD": 135.61000061035156,
    "BRK-B": 478.0,
    "OXY": 41.095001220703125,
    "GEO": 16.729999542236328
}
