{
    "VT": 141.52479553222656,
    "ANET": 133.63499450683594,
    "GOOG": 304.0899963378906,
    "PDD": 104.2699966430664
}
