{
    "VT": 135.80160522460938,
    "ANET": 154.43499755859375,
    "GOOG": 239.22500610351562,
    "PDD": 123.54000091552734,
    "BRK-B": 489.8399963378906,
    "OXY": 42.58000183105469,
    "GEO": 17.795000076293945
}
