{
    "VT": 143.75,
    "ANET": 134.3072967529297,
    "GOOG": 313.4200134277344,
    "PDD": 125.11000061035156,
    "BRK-B": 498.04998779296875,
    "OXY": 41.755001068115234,
    "GEO": 15.760000228881836
}
