{
    "VT": 140.97999572753906,
    "ANET": 160.10000610351562,
    "GOOG": 290.1441955566406,
    "PDD": 135.9949951171875,
    "BRK-B": 480.28448486328125,
    "OXY": 40.709999084472656,
    "GEO": 16.665000915527344
}
