{
    "VT": 133.01499938964844,
    "ANET": 136.22999572753906,
    "GOOG": 204.4149932861328,
    "PDD": 114.66999816894531,
    "BRK-B": 476.2701110839844,
    "OXY": 44.334999084472656,
    "GEO": 20.594999313354492
}