{
    "VT": 139.375,
    "ANET": 153.6199951171875,
    "GOOG": 246.22999572753906,
    "PDD": 134.3800048828125,
    "BRK-B": 501.75421142578125,
    "OXY": 45.09000015258789,
    "GEO": 18.790000915527344
}
