{
    "VT": 133.8350067138672,
    "ANET": 134.60000610351562,
    "GOOG": 208.01499938964844,
    "PDD": 123.37999725341797,
    "BRK-B": 489.6300048828125,
    "OXY": 45.900001525878906,
    "GEO": 20.690000534057617
}