{
    "VT": 145.4949951171875,
    "ANET": 133.00999450683594,
    "GOOG": 333.6300048828125,
    "PDD": 107.69000244140625
}
