{
    "VT": 135.50999450683594,
    "ANET": 121.6449966430664,
    "GOOG": 292.35089111328125,
    "PDD": 113.44999694824219,
    "BRK-B": 505.0150146484375,
    "OXY": 41.53499984741211,
    "GEO": 15.0
}
