{
    "VT": 133.6199951171875,
    "ANET": 134.61000061035156,
    "GOOG": 212.24000549316406,
    "PDD": 120.51000213623047,
    "BRK-B": 505.67999267578125,
    "OXY": 47.529998779296875,
    "GEO": 20.415000915527344
}