{
    "VT": 144.0092010498047,
    "ANET": 124.30000305175781,
    "GOOG": 334.7069091796875,
    "PDD": 108.25
}
