{
    "VT": 139.52000427246094,
    "ANET": 147.6750030517578,
    "GOOG": 256.6300048828125,
    "PDD": 131.07000732421875,
    "BRK-B": 492.81500244140625,
    "OXY": 41.0099983215332,
    "GEO": 17.020000457763672
}
