{
    "VT": 138.05999755859375,
    "ANET": 144.53500366210938,
    "GOOG": 251.38999938964844,
    "PDD": 127.65499877929688,
    "BRK-B": 493.614990234375,
    "OXY": 41.880001068115234,
    "GEO": 17.149999618530273
}
