{
    "VT": 146.36000061035156,
    "ANET": 138.06500244140625,
    "GOOG": 345.79998779296875,
    "PDD": 104.66000366210938
}
