{
    "VT": 145.89999389648438,
    "ANET": 141.11000061035156,
    "GOOG": 343.1199951171875,
    "PDD": 103.0999984741211
}
