{
    "VT": 133.28990173339844,
    "ANET": 136.38999938964844,
    "GOOG": 204.0399932861328,
    "PDD": 114.96620178222656,
    "BRK-B": 477.67730712890625,
    "OXY": 44.56999969482422,
    "GEO": 20.93000030517578
}