{
    "VT": 146.5449981689453,
    "ANET": 149.16000366210938,
    "GOOG": 333.8299865722656,
    "PDD": 103.7300033569336
}
