{
    "VT": 136.0,
    "ANET": 122.7750015258789,
    "GOOG": 280.7250061035156,
    "PDD": 120.72000122070312,
    "BRK-B": 501.67999267578125,
    "OXY": 41.5099983215332,
    "GEO": 14.529999732971191
}
