{
    "VT": 147.1699981689453,
    "ANET": 151.30999755859375,
    "GOOG": 335.9949951171875,
    "PDD": 104.88500213623047
}
