{
    "VT": 138.6699981689453,
    "ANET": 144.8699951171875,
    "GOOG": 247.99000549316406,
    "PDD": 132.97500610351562,
    "BRK-B": 501.989990234375,
    "OXY": 45.099998474121094,
    "GEO": 19.09000015258789
}
