{
    "VT": 140.4499969482422,
    "ANET": 126.23999786376953,
    "GOOG": 306.2099914550781,
    "PDD": 108.33999633789062,
    "BRK-B": 500.6400146484375,
    "OXY": 39.0099983215332,
    "GEO": 16.549999237060547
}
