{
    "VT": 134.0050048828125,
    "ANET": 141.125,
    "GOOG": 231.66000366210938,
    "PDD": 123.94499969482422,
    "BRK-B": 507.0462951660156,
    "OXY": 46.60329818725586,
    "GEO": 21.190000534057617
}
