{
    "VT": 143.7740020751953,
    "ANET": 134.75,
    "GOOG": 314.75,
    "PDD": 123.98999786376953,
    "BRK-B": 497.8949890136719,
    "OXY": 41.80500030517578,
    "GEO": 15.739999771118164
}
