{
    "VT": 135.9199981689453,
    "ANET": 116.5,
    "GOOG": 296.260009765625,
    "PDD": 112.96499633789062,
    "BRK-B": 506.239990234375,
    "OXY": 41.20500183105469,
    "GEO": 15.180000305175781
}
