{
    "VT": 140.25,
    "ANET": 155.36000061035156,
    "GOOG": 259.9100036621094,
    "PDD": 134.00999450683594,
    "BRK-B": 490.7074890136719,
    "OXY": 42.665000915527344,
    "GEO": 17.299999237060547
}
