{
    "VT": 137.28990173339844,
    "ANET": 120.95999908447266,
    "GOOG": 313.239990234375,
    "PDD": 113.36000061035156,
    "BRK-B": 499.2900085449219,
    "OXY": 41.35499954223633,
    "GEO": 15.219900131225586
}
