{
    "VT": 133.36500549316406,
    "ANET": 135.5500030517578,
    "GOOG": 204.97000122070312,
    "PDD": 118.95999908447266,
    "BRK-B": 475.5,
    "OXY": 44.109901428222656,
    "GEO": 21.049999237060547
}