{
    "VT": 139.07000732421875,
    "ANET": 153.22999572753906,
    "GOOG": 278.1000061035156,
    "PDD": 133.35000610351562,
    "BRK-B": 488.66400146484375,
    "OXY": 40.025001525878906,
    "GEO": 16.450000762939453
}
