{
    "VT": 142.19500732421875,
    "ANET": 133.30039978027344,
    "GOOG": 314.5419921875,
    "PDD": 114.01000213623047,
    "BRK-B": 504.3999938964844,
    "OXY": 41.380001068115234,
    "GEO": 16.329999923706055
}
