{
    "VT": 141.60899353027344,
    "ANET": 155.82000732421875,
    "GOOG": 267.8500061035156,
    "PDD": 136.5,
    "BRK-B": 483.1600036621094,
    "OXY": 41.19499969482422,
    "GEO": 16.799999237060547
}
