{
    "VT": 142.3350067138672,
    "ANET": 134.97500610351562,
    "GOOG": 319.6600036621094,
    "PDD": 116.58000183105469,
    "BRK-B": 497.5950012207031,
    "OXY": 41.3650016784668,
    "GEO": 15.880000114440918
}
