{
    "VT": 139.13999938964844,
    "ANET": 129.46499633789062,
    "GOOG": 279.4800109863281,
    "PDD": 134.5850067138672,
    "BRK-B": 512.1300048828125,
    "OXY": 41.720001220703125,
    "GEO": 14.444000244140625
}
