{
    "VT": 138.67999267578125,
    "ANET": 144.66000366210938,
    "GOOG": 253.38619995117188,
    "PDD": 129.5800018310547,
    "BRK-B": 490.57501220703125,
    "OXY": 41.244998931884766,
    "GEO": 17.225000381469727
}
