{
    "VT": 141.14999389648438,
    "ANET": 125.66999816894531,
    "GOOG": 310.2189025878906,
    "PDD": 111.01799774169922,
    "BRK-B": 496.10760498046875,
    "OXY": 41.130001068115234,
    "GEO": 16.9950008392334
}
