{
    "VT": 144.48500061035156,
    "ANET": 127.81999969482422,
    "GOOG": 329.94000244140625,
    "PDD": 106.05000305175781
}
