{
    "VT": 147.7449951171875,
    "ANET": 130.77999877929688,
    "GOOG": 308.0299987792969,
    "PDD": 104.25
}
