{
    "VT": 132.25,
    "ANET": 130.39999389648438,
    "GOOG": 201.60000610351562,
    "PDD": 120.55999755859375,
    "BRK-B": 485.9798889160156,
    "OXY": 44.0099983215332,
    "GEO": 21.360000610351562
}