{
    "VT": 146.77999877929688,
    "ANET": 146.74000549316406,
    "GOOG": 335.010009765625,
    "PDD": 106.3499984741211
}
