{
    "VT": 137.52000427246094,
    "ANET": 144.39999389648438,
    "GOOG": 241.8699951171875,
    "PDD": 131.7449951171875,
    "BRK-B": 502.3999938964844,
    "OXY": 46.875,
    "GEO": 20.21500015258789
}
