{
    "VT": 146.5850067138672,
    "ANET": 149.38999938964844,
    "GOOG": 334.260009765625,
    "PDD": 103.74500274658203
}
