{
    "VT": 138.52999877929688,
    "ANET": 144.40499877929688,
    "GOOG": 251.0841064453125,
    "PDD": 128.44189453125,
    "BRK-B": 495.0199890136719,
    "OXY": 42.15999984741211,
    "GEO": 17.172800064086914
}
