{
    "VT": 141.39500427246094,
    "ANET": 133.0800018310547,
    "GOOG": 302.739990234375,
    "PDD": 104.58999633789062
}
