{
    "VT": 137.6649932861328,
    "ANET": 140.00999450683594,
    "GOOG": 246.17999267578125,
    "PDD": 127.70800018310547,
    "BRK-B": 495.7170104980469,
    "OXY": 42.3849983215332,
    "GEO": 17.4950008392334
}
