{
    "VT": 134.63499450683594,
    "ANET": 133.02999877929688,
    "GOOG": 205.36500549316406,
    "PDD": 127.37999725341797,
    "BRK-B": 487.8900146484375,
    "OXY": 45.78350067138672,
    "GEO": 21.729999542236328
}