{
    "VT": 132.90499877929688,
    "ANET": 133.72500610351562,
    "GOOG": 202.01499938964844,
    "PDD": 118.54000091552734,
    "BRK-B": 483.989990234375,
    "OXY": 43.939998626708984,
    "GEO": 21.49679946899414
}