{
    "VT": 139.05999755859375,
    "ANET": 124.41999816894531,
    "GOOG": 322.0950012207031,
    "PDD": 114.16799926757812,
    "BRK-B": 508.9750061035156,
    "OXY": 41.474998474121094,
    "GEO": 15.760000228881836
}
