{
    "VT": 137.18499755859375,
    "ANET": 143.29510498046875,
    "GOOG": 249.63999938964844,
    "PDD": 132.1199951171875,
    "BRK-B": 494.8699951171875,
    "OXY": 47.32500076293945,
    "GEO": 21.469999313354492
}
