{
    "VT": 143.47000122070312,
    "ANET": 140.44000244140625,
    "GOOG": 306.4200134277344,
    "PDD": 105.98999786376953
}
