{
    "VT": 135.2050018310547,
    "ANET": 141.50010681152344,
    "GOOG": 240.5399932861328,
    "PDD": 125.94999694824219,
    "BRK-B": 492.94049072265625,
    "OXY": 45.42499923706055,
    "GEO": 21.489999771118164
}
