{
    "VT": 147.92999267578125,
    "ANET": 132.11500549316406,
    "GOOG": 308.9552001953125,
    "PDD": 103.80000305175781
}
