{
    "VT": 135.97500610351562,
    "ANET": 154.92999267578125,
    "GOOG": 239.34500122070312,
    "PDD": 124.23999786376953,
    "BRK-B": 491.06500244140625,
    "OXY": 42.70500183105469,
    "GEO": 17.859699249267578
}
