{
    "VT": 139.07000732421875,
    "ANET": 151.8896026611328,
    "GOOG": 254.68499755859375,
    "PDD": 131.2550048828125,
    "BRK-B": 490.489990234375,
    "OXY": 43.095001220703125,
    "GEO": 17.020000457763672
}
