{
    "VT": 136.85499572753906,
    "ANET": 141.49000549316406,
    "GOOG": 247.70440673828125,
    "PDD": 130.05999755859375,
    "BRK-B": 501.05999755859375,
    "OXY": 47.685001373291016,
    "GEO": 20.795000076293945
}
