{
    "VT": 137.41000366210938,
    "ANET": 132.91000366210938,
    "GOOG": 300.94000244140625,
    "PDD": 97.51080322265625
}
