{
    "VT": 138.38999938964844,
    "ANET": 144.32000732421875,
    "GOOG": 251.95010375976562,
    "PDD": 129.4499969482422,
    "BRK-B": 490.0599060058594,
    "OXY": 41.150001525878906,
    "GEO": 17.145000457763672
}
