{
    "VT": 141.85000610351562,
    "ANET": 123.37000274658203,
    "GOOG": 298.0899963378906,
    "PDD": 99.87999725341797
}
