{
    "VT": 133.13999938964844,
    "ANET": 137.4199981689453,
    "GOOG": 230.72999572753906,
    "PDD": 124.2699966430664,
    "BRK-B": 500.5899963378906,
    "OXY": 46.619998931884766,
    "GEO": 20.950000762939453
}
