{
    "VT": 145.0050048828125,
    "ANET": 145.52999877929688,
    "GOOG": 334.43499755859375,
    "PDD": 105.76000213623047
}
