{
    "VT": 141.69000244140625,
    "ANET": 157.16000366210938,
    "GOOG": 268.3500061035156,
    "PDD": 136.6300048828125,
    "BRK-B": 483.5,
    "OXY": 41.30500030517578,
    "GEO": 16.809999465942383
}
