{
    "VT": 142.09500122070312,
    "ANET": 131.05999755859375,
    "GOOG": 314.8599853515625,
    "PDD": 113.58999633789062,
    "BRK-B": 499.4800109863281,
    "OXY": 40.15999984741211,
    "GEO": 16.31999969482422
}
