{
    "VT": 139.29110717773438,
    "ANET": 146.63999938964844,
    "GOOG": 244.88999938964844,
    "PDD": 134.03500366210938,
    "BRK-B": 501.5249938964844,
    "OXY": 44.85210037231445,
    "GEO": 20.479999542236328
}
