{
    "VT": 141.5850067138672,
    "ANET": 132.5449981689453,
    "GOOG": 314.57000732421875,
    "PDD": 113.2300033569336,
    "BRK-B": 504.9599914550781,
    "OXY": 41.150001525878906,
    "GEO": 16.149999618530273
}
