{
    "VT": 140.7104034423828,
    "ANET": 126.73999786376953,
    "GOOG": 318.52410888671875,
    "PDD": 119.0,
    "BRK-B": 506.8299865722656,
    "OXY": 42.415000915527344,
    "GEO": 16.809999465942383
}
