{
    "VT": 137.18499755859375,
    "ANET": 132.69500732421875,
    "GOOG": 300.3599853515625,
    "PDD": 97.08000183105469
}
