{
    "VT": 135.10279846191406,
    "ANET": 141.27000427246094,
    "GOOG": 238.1699981689453,
    "PDD": 126.2750015258789,
    "BRK-B": 492.55010986328125,
    "OXY": 45.70500183105469,
    "GEO": 21.100000381469727
}
