{
    "VT": 133.21499633789062,
    "ANET": 136.22500610351562,
    "GOOG": 204.1199951171875,
    "PDD": 114.86499786376953,
    "BRK-B": 477.0450134277344,
    "OXY": 44.56999969482422,
    "GEO": 21.09000015258789
}