{
    "VT": 141.2899932861328,
    "ANET": 156.56500244140625,
    "GOOG": 265.6300048828125,
    "PDD": 136.97500610351562,
    "BRK-B": 491.0199890136719,
    "OXY": 42.66400146484375,
    "GEO": 17.31999969482422
}
