{
    "VT": 139.53970336914062,
    "ANET": 122.5199966430664,
    "GOOG": 298.6300048828125,
    "PDD": 104.40499877929688,
    "BRK-B": 503.9549865722656,
    "OXY": 40.8650016784668,
    "GEO": 16.690000534057617
}
