{
    "VT": 142.01499938964844,
    "ANET": 160.3000030517578,
    "GOOG": 273.364990234375,
    "PDD": 137.7760009765625,
    "BRK-B": 476.110107421875,
    "OXY": 40.959999084472656,
    "GEO": 17.079999923706055
}
