{
    "VT": 133.98989868164062,
    "ANET": 133.32000732421875,
    "GOOG": 208.0500030517578,
    "PDD": 121.72000122070312,
    "BRK-B": 496.3599853515625,
    "OXY": 47.025001525878906,
    "GEO": 20.860000610351562
}