{
    "VT": 145.2550048828125,
    "ANET": 141.97999572753906,
    "GOOG": 338.5899963378906,
    "PDD": 101.44499969482422
}
