{
    "VT": 136.33999633789062,
    "ANET": 124.58499908447266,
    "GOOG": 293.94000244140625,
    "PDD": 117.33000183105469,
    "BRK-B": 498.8999938964844,
    "OXY": 41.45000076293945,
    "GEO": 14.729999542236328
}
