{
    "VT": 133.7949981689453,
    "ANET": 133.11500549316406,
    "GOOG": 209.610107421875,
    "PDD": 127.5,
    "BRK-B": 484.8500061035156,
    "OXY": 46.40999984741211,
    "GEO": 21.309999465942383
}