{
    "VT": 135.11000061035156,
    "ANET": 142.65499877929688,
    "GOOG": 235.58999633789062,
    "PDD": 125.62999725341797,
    "BRK-B": 496.8800048828125,
    "OXY": 45.150001525878906,
    "GEO": 20.510000228881836
}
