{
    "VT": 139.01499938964844,
    "ANET": 134.6699981689453,
    "GOOG": 303.5199890136719,
    "PDD": 97.87000274658203
}
