{
    "VT": 140.39990234375,
    "ANET": 126.37000274658203,
    "GOOG": 308.260009765625,
    "PDD": 108.61000061035156,
    "BRK-B": 501.9800109863281,
    "OXY": 38.93000030517578,
    "GEO": 17.03499984741211
}
