{
    "VT": 146.06500244140625,
    "ANET": 136.35360717773438,
    "GOOG": 324.9049987792969,
    "PDD": 105.16999816894531
}
