{
    "VT": 145.02000427246094,
    "ANET": 130.67999267578125,
    "GOOG": 330.1499938964844,
    "PDD": 106.56939697265625
}
