{
    "VT": 136.61500549316406,
    "ANET": 143.5919952392578,
    "GOOG": 241.5500030517578,
    "PDD": 125.27999877929688,
    "BRK-B": 494.64190673828125,
    "OXY": 45.90999984741211,
    "GEO": 22.190000534057617
}
