{
    "VT": 148.10000610351562,
    "ANET": 140.77000427246094,
    "GOOG": 311.3739929199219,
    "PDD": 104.65499877929688
}
