{
    "VT": 142.74000549316406,
    "ANET": 128.09970092773438,
    "GOOG": 324.82000732421875,
    "PDD": 104.52999877929688
}
