{
    "VT": 145.0500030517578,
    "ANET": 143.06500244140625,
    "GOOG": 338.2900085449219,
    "PDD": 101.26260375976562
}
