{
    "VT": 137.1750030517578,
    "ANET": 144.47999572753906,
    "GOOG": 240.5749969482422,
    "PDD": 132.0399932861328,
    "BRK-B": 500.8211975097656,
    "OXY": 46.54650115966797,
    "GEO": 20.68000030517578
}
