{
    "VT": 134.2449951171875,
    "ANET": 142.5,
    "GOOG": 234.03500366210938,
    "PDD": 124.47000122070312,
    "BRK-B": 499.2601013183594,
    "OXY": 45.630001068115234,
    "GEO": 20.940000534057617
}
