{
    "VT": 137.22500610351562,
    "ANET": 146.3350067138672,
    "GOOG": 250.66000366210938,
    "PDD": 129.34500122070312,
    "BRK-B": 489.75,
    "OXY": 46.26499938964844,
    "GEO": 21.774999618530273
}
