{
    "VT": 140.72999572753906,
    "ANET": 124.11000061035156,
    "GOOG": 302.4200134277344,
    "PDD": 106.52999877929688,
    "BRK-B": 501.1000061035156,
    "OXY": 39.415000915527344,
    "GEO": 16.677499771118164
}
