{
    "VT": 136.08999633789062,
    "ANET": 142.0399932861328,
    "GOOG": 246.42990112304688,
    "PDD": 131.5749969482422,
    "BRK-B": 495.7200012207031,
    "OXY": 46.869998931884766,
    "GEO": 21.309999465942383
}
