{
    "VT": 142.81500244140625,
    "ANET": 139.3699951171875,
    "GOOG": 308.7099914550781,
    "PDD": 102.95999908447266
}
