{
    "VT": 143.3300018310547,
    "ANET": 136.0919952392578,
    "GOOG": 316.2300109863281,
    "PDD": 119.52999877929688,
    "BRK-B": 500.3599853515625,
    "OXY": 41.53499984741211,
    "GEO": 16.729999542236328
}
