{
    "VT": 141.41000366210938,
    "ANET": 131.72999572753906,
    "GOOG": 318.4700012207031,
    "PDD": 115.0,
    "BRK-B": 492.6278991699219,
    "OXY": 41.2400016784668,
    "GEO": 16.764999389648438
}
