{
    "VT": 133.35000610351562,
    "ANET": 136.2949981689453,
    "GOOG": 204.05999755859375,
    "PDD": 119.88500213623047,
    "BRK-B": 477.3999938964844,
    "OXY": 44.4109992980957,
    "GEO": 21.229999542236328
}