{
    "VT": 135.4315948486328,
    "ANET": 119.36000061035156,
    "GOOG": 300.37548828125,
    "PDD": 112.375,
    "BRK-B": 505.7597961425781,
    "OXY": 40.941001892089844,
    "GEO": 14.970000267028809
}
