{
    "VT": 139.53500366210938,
    "ANET": 153.00999450683594,
    "GOOG": 255.1199951171875,
    "PDD": 133.5749969482422,
    "BRK-B": 491.2408142089844,
    "OXY": 43.099998474121094,
    "GEO": 17.1299991607666
}
