{
    "VT": 148.9250030517578,
    "ANET": 133.1999969482422,
    "GOOG": 311.6650085449219,
    "PDD": 106.54000091552734
}
