{
    "VT": 142.14999389648438,
    "ANET": 128.83880615234375,
    "GOOG": 322.17010498046875,
    "PDD": 118.26499938964844,
    "BRK-B": 501.9549865722656,
    "OXY": 43.04499816894531,
    "GEO": 17.165000915527344
}
