{
    "VT": 141.27000427246094,
    "ANET": 125.23999786376953,
    "GOOG": 310.07000732421875,
    "PDD": 111.01000213623047,
    "BRK-B": 496.3500061035156,
    "OXY": 41.10499954223633,
    "GEO": 17.100000381469727
}
