{
    "VT": 140.46499633789062,
    "ANET": 128.97000122070312,
    "GOOG": 318.1700134277344,
    "PDD": 116.80999755859375,
    "BRK-B": 514.4379272460938,
    "OXY": 42.03499984741211,
    "GEO": 15.710000038146973
}
