{
    "VT": 141.6199951171875,
    "ANET": 125.41000366210938,
    "GOOG": 308.2699890136719,
    "PDD": 110.87999725341797,
    "BRK-B": 505.385009765625,
    "OXY": 40.35649871826172,
    "GEO": 17.125
}
