{
    "VT": 145.1199951171875,
    "ANET": 138.13999938964844,
    "GOOG": 328.9219970703125,
    "PDD": 107.13999938964844
}
