{
    "VT": 137.1699981689453,
    "ANET": 134.3800048828125,
    "GOOG": 277.4700012207031,
    "PDD": 134.27000427246094,
    "BRK-B": 498.6300048828125,
    "OXY": 40.6775016784668,
    "GEO": 14.829999923706055
}
