{
    "VT": 133.61509704589844,
    "ANET": 134.55999755859375,
    "GOOG": 209.32000732421875,
    "PDD": 120.57050323486328,
    "BRK-B": 494.00518798828125,
    "OXY": 46.770198822021484,
    "GEO": 21.09000015258789
}