{
    "VT": 144.13499450683594,
    "ANET": 123.94999694824219,
    "GOOG": 335.1199951171875,
    "PDD": 108.05000305175781
}
