{
    "VT": 139.10000610351562,
    "ANET": 145.52000427246094,
    "GOOG": 252.89999389648438,
    "PDD": 130.86500549316406,
    "BRK-B": 495.1499938964844,
    "OXY": 40.869998931884766,
    "GEO": 17.809999465942383
}
