{
    "VT": 145.74000549316406,
    "ANET": 142.2624969482422,
    "GOOG": 301.375,
    "PDD": 101.23999786376953
}
