{
    "VT": 137.78500366210938,
    "ANET": 146.30999755859375,
    "GOOG": 250.77000427246094,
    "PDD": 133.26499938964844,
    "BRK-B": 491.3844909667969,
    "OXY": 47.28499984741211,
    "GEO": 22.100000381469727
}
