{
    "VT": 140.64500427246094,
    "ANET": 136.71499633789062,
    "GOOG": 307.07000732421875,
    "PDD": 100.5989990234375
}
