{
    "VT": 140.48500061035156,
    "ANET": 137.33999633789062,
    "GOOG": 289.05999755859375,
    "PDD": 137.67999267578125,
    "BRK-B": 499.67999267578125,
    "OXY": 41.479000091552734,
    "GEO": 15.3100004196167
}
