{
    "VT": 139.33999633789062,
    "ANET": 132.55999755859375,
    "GOOG": 277.0899963378906,
    "PDD": 130.61000061035156,
    "BRK-B": 510.3424987792969,
    "OXY": 42.83000183105469,
    "GEO": 15.229999542236328
}
