{
    "VT": 141.8249969482422,
    "ANET": 133.2449951171875,
    "GOOG": 312.84381103515625,
    "PDD": 113.61000061035156,
    "BRK-B": 499.9339904785156,
    "OXY": 40.34000015258789,
    "GEO": 16.309999465942383
}
