{
    "VT": 145.24729919433594,
    "ANET": 123.91000366210938,
    "GOOG": 331.5299987792969,
    "PDD": 118.73999786376953,
    "BRK-B": 498.1099853515625,
    "OXY": 42.6150016784668,
    "GEO": 17.44499969482422
}
