{
    "VT": 141.5800018310547,
    "ANET": 133.52999877929688,
    "GOOG": 303.0,
    "PDD": 104.66999816894531
}
