{
    "VT": 140.46499633789062,
    "ANET": 157.08999633789062,
    "GOOG": 280.6000061035156,
    "PDD": 135.83999633789062,
    "BRK-B": 477.739990234375,
    "OXY": 41.125,
    "GEO": 16.649999618530273
}
