{
    "VT": 142.38999938964844,
    "ANET": 130.6999969482422,
    "GOOG": 314.8699951171875,
    "PDD": 113.93000030517578,
    "BRK-B": 500.614990234375,
    "OXY": 40.005001068115234,
    "GEO": 16.399999618530273
}
