{
    "VT": 142.47999572753906,
    "ANET": 131.8300018310547,
    "GOOG": 314.8689880371094,
    "PDD": 114.83000183105469,
    "BRK-B": 498.2300109863281,
    "OXY": 39.724998474121094,
    "GEO": 16.360000610351562
}
