{
    "VT": 144.4600067138672,
    "ANET": 125.19999694824219,
    "GOOG": 302.7300109863281,
    "PDD": 100.87000274658203
}
