{
    "VT": 147.9949951171875,
    "ANET": 129.1300048828125,
    "GOOG": 306.04998779296875,
    "PDD": 105.0199966430664
}
