{
    "VT": 138.82899475097656,
    "ANET": 155.64500427246094,
    "GOOG": 241.11199951171875,
    "PDD": 131.75100708007812,
    "BRK-B": 498.2701110839844,
    "OXY": 44.834999084472656,
    "GEO": 18.270000457763672
}
