{
    "VT": 137.22999572753906,
    "ANET": 140.5198974609375,
    "GOOG": 247.02000427246094,
    "PDD": 127.22000122070312,
    "BRK-B": 495.0199890136719,
    "OXY": 42.36909866333008,
    "GEO": 17.18000030517578
}
