{
    "VT": 142.0,
    "ANET": 158.09500122070312,
    "GOOG": 272.7095031738281,
    "PDD": 137.33999633789062,
    "BRK-B": 475.6400146484375,
    "OXY": 40.935001373291016,
    "GEO": 17.350000381469727
}
