{
    "VT": 142.06500244140625,
    "ANET": 133.36500549316406,
    "GOOG": 309.2099914550781,
    "PDD": 104.5
}
