{
    "VT": 137.375,
    "ANET": 142.99000549316406,
    "GOOG": 250.46499633789062,
    "PDD": 131.5449981689453,
    "BRK-B": 494.67498779296875,
    "OXY": 47.167598724365234,
    "GEO": 21.530000686645508
}
