{
    "VT": 136.83999633789062,
    "ANET": 142.3300018310547,
    "GOOG": 247.57000732421875,
    "PDD": 129.92999267578125,
    "BRK-B": 501.4599914550781,
    "OXY": 47.79999923706055,
    "GEO": 20.8700008392334
}
