{
    "VT": 140.96499633789062,
    "ANET": 134.13999938964844,
    "GOOG": 299.3399963378906,
    "PDD": 101.12000274658203
}
