{
    "VT": 146.6300048828125,
    "ANET": 147.32000732421875,
    "GOOG": 306.3999938964844,
    "PDD": 100.91999816894531
}
