{
    "VT": 145.14500427246094,
    "ANET": 139.90499877929688,
    "GOOG": 331.3599853515625,
    "PDD": 106.91000366210938
}
