{
    "VT": 143.9499969482422,
    "ANET": 129.77000427246094,
    "GOOG": 319.7449951171875,
    "PDD": 120.88999938964844,
    "BRK-B": 495.135009765625,
    "OXY": 40.970001220703125,
    "GEO": 15.829999923706055
}
