{
    "VT": 143.5,
    "ANET": 123.94000244140625,
    "GOOG": 326.34991455078125,
    "PDD": 121.2300033569336,
    "BRK-B": 501.44500732421875,
    "OXY": 42.779998779296875,
    "GEO": 16.59000015258789
}
