{
    "VT": 142.55999755859375,
    "ANET": 133.92999267578125,
    "GOOG": 313.2698974609375,
    "PDD": 111.95999908447266,
    "BRK-B": 495.0,
    "OXY": 40.95500183105469,
    "GEO": 17.059999465942383
}
