{
    "VT": 148.0800018310547,
    "ANET": 141.17999267578125,
    "GOOG": 312.8699951171875,
    "PDD": 104.01499938964844
}
