{
    "VT": 146.23500061035156,
    "ANET": 135.77499389648438,
    "GOOG": 322.6000061035156,
    "PDD": 105.02999877929688
}
