{
    "VT": 137.36000061035156,
    "ANET": 148.99000549316406,
    "GOOG": 254.66000366210938,
    "PDD": 131.28500366210938,
    "BRK-B": 491.614990234375,
    "OXY": 46.1349983215332,
    "GEO": 21.91010093688965
}
