{
    "VT": 137.16000366210938,
    "ANET": 141.14500427246094,
    "GOOG": 251.11000061035156,
    "PDD": 128.47000122070312,
    "BRK-B": 488.489990234375,
    "OXY": 47.30550003051758,
    "GEO": 21.940000534057617
}
