{
    "VT": 142.7550048828125,
    "ANET": 138.4199981689453,
    "GOOG": 307.989990234375,
    "PDD": 103.16000366210938
}
