{
    "VT": 141.30999755859375,
    "ANET": 134.38999938964844,
    "GOOG": 285.42999267578125,
    "PDD": 135.9600067138672,
    "BRK-B": 499.5400085449219,
    "OXY": 41.845001220703125,
    "GEO": 14.899999618530273
}
