{
    "VT": 143.1199951171875,
    "ANET": 125.85440063476562,
    "GOOG": 327.1000061035156,
    "PDD": 105.48079681396484
}
