{
    "VT": 141.30589294433594,
    "ANET": 157.4499969482422,
    "GOOG": 266.625,
    "PDD": 137.52999877929688,
    "BRK-B": 487.5,
    "OXY": 42.369998931884766,
    "GEO": 17.09000015258789
}
