{
    "VT": 140.78500366210938,
    "ANET": 127.68000030517578,
    "GOOG": 320.1499938964844,
    "PDD": 119.0,
    "BRK-B": 506.82000732421875,
    "OXY": 42.64500045776367,
    "GEO": 17.0
}
