{
    "VT": 141.77000427246094,
    "ANET": 133.5449981689453,
    "GOOG": 312.58050537109375,
    "PDD": 113.44999694824219,
    "BRK-B": 499.9599914550781,
    "OXY": 40.334999084472656,
    "GEO": 16.31999969482422
}
