{
    "VT": 146.39999389648438,
    "ANET": 132.83999633789062,
    "GOOG": 310.44000244140625,
    "PDD": 100.72000122070312
}
