{
    "VT": 138.0800018310547,
    "ANET": 143.80999755859375,
    "GOOG": 250.99000549316406,
    "PDD": 127.80000305175781,
    "BRK-B": 494.75,
    "OXY": 41.93000030517578,
    "GEO": 17.139999389648438
}
