{
    "VT": 133.44000244140625,
    "ANET": 137.20399475097656,
    "GOOG": 203.06509399414062,
    "PDD": 119.69999694824219,
    "BRK-B": 482.67999267578125,
    "OXY": 44.31010055541992,
    "GEO": 20.959999084472656
}