{
    "VT": 138.0749969482422,
    "ANET": 146.4499969482422,
    "GOOG": 240.9600067138672,
    "PDD": 133.46499633789062,
    "BRK-B": 496.860107421875,
    "OXY": 47.279998779296875,
    "GEO": 22.155000686645508
}
