{
    "VT": 131.918701171875,
    "ANET": 134.97999572753906,
    "GOOG": 207.72999572753906,
    "PDD": 121.43009948730469,
    "BRK-B": 499.739990234375,
    "OXY": 47.78499984741211,
    "GEO": 20.290000915527344
}
