{
    "VT": 137.72549438476562,
    "ANET": 122.0,
    "GOOG": 318.94000244140625,
    "PDD": 113.45999908447266,
    "BRK-B": 504.94000244140625,
    "OXY": 41.4900016784668,
    "GEO": 15.279999732971191
}
