{
    "VT": 133.875,
    "ANET": 133.11000061035156,
    "GOOG": 208.1790008544922,
    "PDD": 120.7300033569336,
    "BRK-B": 495.55999755859375,
    "OXY": 46.880001068115234,
    "GEO": 20.950000762939453
}