{
    "VT": 138.08999633789062,
    "ANET": 143.88999938964844,
    "GOOG": 249.8800048828125,
    "PDD": 128.85000610351562,
    "BRK-B": 494.08990478515625,
    "OXY": 41.89799880981445,
    "GEO": 17.299999237060547
}
