{
    "VT": 137.28500366210938,
    "ANET": 144.2779998779297,
    "GOOG": 249.0998992919922,
    "PDD": 127.1500015258789,
    "BRK-B": 490.1650085449219,
    "OXY": 45.45500183105469,
    "GEO": 22.1299991607666
}
