{
    "VT": 140.6750030517578,
    "ANET": 138.17010498046875,
    "GOOG": 291.1000061035156,
    "PDD": 137.80999755859375,
    "BRK-B": 497.7181091308594,
    "OXY": 41.540000915527344,
    "GEO": 15.28499984741211
}
