{
    "VT": 138.7449951171875,
    "ANET": 144.77000427246094,
    "GOOG": 248.2449951171875,
    "PDD": 133.0500030517578,
    "BRK-B": 501.4599914550781,
    "OXY": 45.20000076293945,
    "GEO": 18.96500015258789
}
