{
    "VT": 137.5655975341797,
    "ANET": 141.52999877929688,
    "GOOG": 247.63999938964844,
    "PDD": 127.625,
    "BRK-B": 494.3299865722656,
    "OXY": 42.42499923706055,
    "GEO": 17.280000686645508
}
