{
    "VT": 132.48460388183594,
    "ANET": 136.13999938964844,
    "GOOG": 210.90499877929688,
    "PDD": 121.5250015258789,
    "BRK-B": 499.04559326171875,
    "OXY": 47.95000076293945,
    "GEO": 20.869699478149414
}
