{
    "VT": 140.38999938964844,
    "ANET": 157.63499450683594,
    "GOOG": 281.6914978027344,
    "PDD": 134.92999267578125,
    "BRK-B": 476.885009765625,
    "OXY": 41.185001373291016,
    "GEO": 17.040000915527344
}
