{
    "VT": 139.27499389648438,
    "ANET": 154.27000427246094,
    "GOOG": 246.05999755859375,
    "PDD": 133.77000427246094,
    "BRK-B": 502.67999267578125,
    "OXY": 45.07500076293945,
    "GEO": 18.690000534057617
}
