{
    "VT": 133.40499877929688,
    "ANET": 138.13499450683594,
    "GOOG": 206.5850067138672,
    "PDD": 119.04000091552734,
    "BRK-B": 477.9800109863281,
    "OXY": 44.974998474121094,
    "GEO": 20.989999771118164
}