{
    "VT": 137.5030059814453,
    "ANET": 145.24000549316406,
    "GOOG": 252.77999877929688,
    "PDD": 127.83000183105469,
    "BRK-B": 490.6700134277344,
    "OXY": 45.849998474121094,
    "GEO": 22.100000381469727
}
