{
    "VT": 139.3300018310547,
    "ANET": 155.3524932861328,
    "GOOG": 245.42999267578125,
    "PDD": 134.16009521484375,
    "BRK-B": 500.30999755859375,
    "OXY": 45.06999969482422,
    "GEO": 18.540000915527344
}
