{
    "VT": 134.47999572753906,
    "ANET": 133.00999450683594,
    "GOOG": 207.73500061035156,
    "PDD": 127.93499755859375,
    "BRK-B": 488.3999938964844,
    "OXY": 45.935001373291016,
    "GEO": 21.200000762939453
}