{
    "VT": 148.77499389648438,
    "ANET": 131.99000549316406,
    "GOOG": 310.45001220703125,
    "PDD": 106.9800033569336
}
