{
    "VT": 146.77999877929688,
    "ANET": 127.9000015258789,
    "GOOG": 305.4200134277344,
    "PDD": 102.6449966430664
}
