{
    "VT": 143.6699981689453,
    "ANET": 129.49000549316406,
    "GOOG": 325.4700012207031,
    "PDD": 104.36000061035156
}
