{
    "VT": 136.77999877929688,
    "ANET": 148.5399932861328,
    "GOOG": 241.41000366210938,
    "PDD": 127.66999816894531,
    "BRK-B": 490.9873046875,
    "OXY": 42.20000076293945,
    "GEO": 17.219999313354492
}
