{
    "VT": 145.9600067138672,
    "ANET": 144.52000427246094,
    "GOOG": 334.30999755859375,
    "PDD": 106.87999725341797
}
