{
    "VT": 145.28500366210938,
    "ANET": 138.4149932861328,
    "GOOG": 332.010009765625,
    "PDD": 106.83000183105469
}
