{
    "VT": 138.97000122070312,
    "ANET": 152.0749969482422,
    "GOOG": 247.0,
    "PDD": 134.6699981689453,
    "BRK-B": 500.5799865722656,
    "OXY": 44.999900817871094,
    "GEO": 18.709999084472656
}
