{
    "VT": 141.9199981689453,
    "ANET": 156.05499267578125,
    "GOOG": 268.75,
    "PDD": 137.8699951171875,
    "BRK-B": 484.7300109863281,
    "OXY": 41.279998779296875,
    "GEO": 16.770000457763672
}
