{
    "VT": 141.97000122070312,
    "ANET": 131.27000427246094,
    "GOOG": 316.010009765625,
    "PDD": 112.26000213623047,
    "BRK-B": 499.6449890136719,
    "OXY": 40.04999923706055,
    "GEO": 16.34000015258789
}
