{
    "VT": 142.4134063720703,
    "ANET": 131.4600067138672,
    "GOOG": 315.1700134277344,
    "PDD": 115.44000244140625,
    "BRK-B": 497.5849914550781,
    "OXY": 39.525001525878906,
    "GEO": 16.25
}
