{
    "VT": 132.41769409179688,
    "ANET": 131.57000732421875,
    "GOOG": 202.41000366210938,
    "PDD": 121.25,
    "BRK-B": 486.57501220703125,
    "OXY": 44.02000045776367,
    "GEO": 21.169300079345703
}