{
    "VT": 137.99000549316406,
    "ANET": 145.8249969482422,
    "GOOG": 253.23500061035156,
    "PDD": 130.22000122070312,
    "BRK-B": 495.9800109863281,
    "OXY": 46.790000915527344,
    "GEO": 21.75
}
