{
    "VT": 138.55999755859375,
    "ANET": 148.6300048828125,
    "GOOG": 246.0,
    "PDD": 134.44500732421875,
    "BRK-B": 498.5150146484375,
    "OXY": 47.459999084472656,
    "GEO": 21.7189998626709
}
