{
    "VT": 140.7324981689453,
    "ANET": 125.29900360107422,
    "GOOG": 304.44000244140625,
    "PDD": 106.31999969482422,
    "BRK-B": 503.2149963378906,
    "OXY": 39.709999084472656,
    "GEO": 16.799999237060547
}
