{
    "VT": 138.9600067138672,
    "ANET": 149.25,
    "GOOG": 253.63999938964844,
    "PDD": 131.1699981689453,
    "BRK-B": 490.75,
    "OXY": 43.165000915527344,
    "GEO": 17.09000015258789
}
