{
    "VT": 140.5,
    "ANET": 154.7100067138672,
    "GOOG": 261.6700134277344,
    "PDD": 133.85499572753906,
    "BRK-B": 492.5299987792969,
    "OXY": 42.6349983215332,
    "GEO": 17.239999771118164
}
