{
    "VT": 137.47500610351562,
    "ANET": 140.4803924560547,
    "GOOG": 251.05999755859375,
    "PDD": 133.89500427246094,
    "BRK-B": 492.45001220703125,
    "OXY": 47.46500015258789,
    "GEO": 22.364999771118164
}
