{
    "VT": 132.36500549316406,
    "ANET": 129.80999755859375,
    "GOOG": 200.73159790039062,
    "PDD": 118.66000366210938,
    "BRK-B": 488.9700012207031,
    "OXY": 44.23419952392578,
    "GEO": 21.649999618530273
}