{
    "VT": 139.92999267578125,
    "ANET": 123.0250015258789,
    "GOOG": 300.5,
    "PDD": 105.08999633789062,
    "BRK-B": 502.510009765625,
    "OXY": 40.14500045776367,
    "GEO": 16.739999771118164
}
