{
    "VT": 137.25,
    "ANET": 143.64999389648438,
    "GOOG": 248.47000122070312,
    "PDD": 131.0030059814453,
    "BRK-B": 498.67498779296875,
    "OXY": 48.439998626708984,
    "GEO": 21.209999084472656
}
