{
    "VT": 141.3249969482422,
    "ANET": 130.91000366210938,
    "GOOG": 310.5469970703125,
    "PDD": 112.70999908447266,
    "BRK-B": 498.8919982910156,
    "OXY": 40.084999084472656,
    "GEO": 16.84000015258789
}
