{
    "VT": 145.48989868164062,
    "ANET": 133.67250061035156,
    "GOOG": 303.25,
    "PDD": 101.2300033569336
}
