{
    "VT": 145.47000122070312,
    "ANET": 134.9499969482422,
    "GOOG": 303.1300048828125,
    "PDD": 101.31999969482422
}
