{
    "VT": 140.60000610351562,
    "ANET": 159.61500549316406,
    "GOOG": 284.0299987792969,
    "PDD": 135.8000030517578,
    "BRK-B": 480.7950134277344,
    "OXY": 40.869998931884766,
    "GEO": 16.3700008392334
}
