{
    "VT": 138.97509765625,
    "ANET": 125.37999725341797,
    "GOOG": 322.9949951171875,
    "PDD": 113.8499984741211,
    "BRK-B": 508.260009765625,
    "OXY": 41.459999084472656,
    "GEO": 15.779999732971191
}
