{
    "VT": 137.77349853515625,
    "ANET": 145.16000366210938,
    "GOOG": 253.10000610351562,
    "PDD": 133.86000061035156,
    "BRK-B": 494.0799865722656,
    "OXY": 47.334999084472656,
    "GEO": 21.985000610351562
}
