{
    "VT": 135.47000122070312,
    "ANET": 122.19999694824219,
    "GOOG": 294.0,
    "PDD": 113.63999938964844,
    "BRK-B": 502.426513671875,
    "OXY": 41.57500076293945,
    "GEO": 14.90999984741211
}
