{
    "VT": 145.9199981689453,
    "ANET": 148.18499755859375,
    "GOOG": 331.010009765625,
    "PDD": 102.33000183105469
}
