{
    "VT": 135.02000427246094,
    "ANET": 140.93499755859375,
    "GOOG": 234.47500610351562,
    "PDD": 125.38999938964844,
    "BRK-B": 494.6050109863281,
    "OXY": 45.21500015258789,
    "GEO": 20.450000762939453
}
