{
    "VT": 145.44000244140625,
    "ANET": 131.02999877929688,
    "GOOG": 333.67999267578125,
    "PDD": 102.32499694824219
}
