{
    "VT": 146.9199981689453,
    "ANET": 148.2100067138672,
    "GOOG": 337.1650085449219,
    "PDD": 106.29499816894531
}
