{
    "VT": 133.56500244140625,
    "ANET": 136.0,
    "GOOG": 212.76499938964844,
    "PDD": 121.0,
    "BRK-B": 505.70001220703125,
    "OXY": 47.6150016784668,
    "GEO": 20.43000030517578
}