{
    "VT": 140.77000427246094,
    "ANET": 130.9499969482422,
    "GOOG": 318.25,
    "PDD": 116.34500122070312,
    "BRK-B": 515.9849853515625,
    "OXY": 42.19430160522461,
    "GEO": 15.84000015258789
}
