{
    "VT": 141.28500366210938,
    "ANET": 135.9499969482422,
    "GOOG": 291.1650085449219,
    "PDD": 137.55499267578125,
    "BRK-B": 497.57000732421875,
    "OXY": 42.329898834228516,
    "GEO": 14.850000381469727
}
