{
    "VT": 137.2957000732422,
    "ANET": 146.21499633789062,
    "GOOG": 244.30999755859375,
    "PDD": 128.27000427246094,
    "BRK-B": 491.9649963378906,
    "OXY": 42.409698486328125,
    "GEO": 17.27560043334961
}
