{
    "VT": 133.74349975585938,
    "ANET": 133.10000610351562,
    "GOOG": 209.6699981689453,
    "PDD": 128.42999267578125,
    "BRK-B": 485.0400085449219,
    "OXY": 46.314998626708984,
    "GEO": 21.049999237060547
}