{
    "VT": 146.75999450683594,
    "ANET": 142.82000732421875,
    "GOOG": 307.8699951171875,
    "PDD": 100.81999969482422
}
