{
    "VT": 134.03469848632812,
    "ANET": 133.0500030517578,
    "GOOG": 209.375,
    "PDD": 128.08999633789062,
    "BRK-B": 482.44000244140625,
    "OXY": 46.16189956665039,
    "GEO": 21.070100784301758
}