{
    "VT": 138.26499938964844,
    "ANET": 145.60000610351562,
    "GOOG": 252.72000122070312,
    "PDD": 128.7100067138672,
    "BRK-B": 497.6199951171875,
    "OXY": 46.970001220703125,
    "GEO": 21.7450008392334
}
