{
    "VT": 147.7050018310547,
    "ANET": 141.35000610351562,
    "GOOG": 325.19000244140625,
    "PDD": 105.6449966430664
}
