{
    "VT": 146.4250030517578,
    "ANET": 135.22999572753906,
    "GOOG": 313.2655029296875,
    "PDD": 100.44100189208984
}
