{
    "VT": 140.7100067138672,
    "ANET": 157.35499572753906,
    "GOOG": 284.739990234375,
    "PDD": 134.80999755859375,
    "BRK-B": 476.92498779296875,
    "OXY": 40.90549850463867,
    "GEO": 16.735000610351562
}
