{
    "VT": 139.82000732421875,
    "ANET": 134.9199981689453,
    "GOOG": 278.8500061035156,
    "PDD": 131.77000427246094,
    "BRK-B": 509.7940979003906,
    "OXY": 42.880001068115234,
    "GEO": 15.329999923706055
}
