{
    "VT": 137.38999938964844,
    "ANET": 147.86000061035156,
    "GOOG": 243.71949768066406,
    "PDD": 128.35000610351562,
    "BRK-B": 492.010009765625,
    "OXY": 42.43000030517578,
    "GEO": 17.34000015258789
}
