{
    "VT": 142.07000732421875,
    "ANET": 128.55999755859375,
    "GOOG": 322.6449890136719,
    "PDD": 117.80999755859375,
    "BRK-B": 503.1499938964844,
    "OXY": 42.849998474121094,
    "GEO": 17.29010009765625
}
