{
    "VT": 140.64999389648438,
    "ANET": 133.24000549316406,
    "GOOG": 305.2699890136719,
    "PDD": 102.94999694824219
}
