{
    "VT": 141.74710083007812,
    "ANET": 132.97999572753906,
    "GOOG": 313.1400146484375,
    "PDD": 113.39009857177734,
    "BRK-B": 499.0199890136719,
    "OXY": 40.29999923706055,
    "GEO": 16.329999923706055
}
