{
    "VT": 139.03500366210938,
    "ANET": 130.27999877929688,
    "GOOG": 291.8999938964844,
    "PDD": 129.9550018310547,
    "BRK-B": 509.8900146484375,
    "OXY": 42.470001220703125,
    "GEO": 15.180000305175781
}
