{
    "VT": 144.39999389648438,
    "ANET": 140.4149932861328,
    "GOOG": 308.2699890136719,
    "PDD": 106.41000366210938
}
