{
    "VT": 133.7949981689453,
    "ANET": 135.61500549316406,
    "GOOG": 212.91000366210938,
    "PDD": 121.06999969482422,
    "BRK-B": 505.5350036621094,
    "OXY": 47.6150016784668,
    "GEO": 20.700000762939453
}