{
    "VT": 145.21839904785156,
    "ANET": 123.19999694824219,
    "GOOG": 331.677001953125,
    "PDD": 118.51000213623047,
    "BRK-B": 498.760009765625,
    "OXY": 42.67729949951172,
    "GEO": 17.389999389648438
}
