{
    "VT": 137.51499938964844,
    "ANET": 144.07000732421875,
    "GOOG": 248.5749969482422,
    "PDD": 131.4600067138672,
    "BRK-B": 497.3450012207031,
    "OXY": 48.165000915527344,
    "GEO": 21.165000915527344
}
