{
    "VT": 137.3000030517578,
    "ANET": 143.8699951171875,
    "GOOG": 248.63999938964844,
    "PDD": 131.14500427246094,
    "BRK-B": 498.7699890136719,
    "OXY": 48.29499816894531,
    "GEO": 21.15999984741211
}
