{
    "VT": 135.14500427246094,
    "ANET": 141.3300018310547,
    "GOOG": 238.0399932861328,
    "PDD": 126.30500030517578,
    "BRK-B": 492.9849853515625,
    "OXY": 45.66999816894531,
    "GEO": 21.260000228881836
}
