{
    "VT": 135.5500030517578,
    "ANET": 150.85000610351562,
    "GOOG": 240.8000030517578,
    "PDD": 123.8499984741211,
    "BRK-B": 489.25,
    "OXY": 45.96500015258789,
    "GEO": 21.06999969482422
}
