{
    "VT": 137.52000427246094,
    "ANET": 143.8300018310547,
    "GOOG": 252.36500549316406,
    "PDD": 129.5749969482422,
    "BRK-B": 495.31500244140625,
    "OXY": 46.494998931884766,
    "GEO": 21.450000762939453
}
