{
    "VT": 140.8350067138672,
    "ANET": 127.18000030517578,
    "GOOG": 320.1600036621094,
    "PDD": 118.9000015258789,
    "BRK-B": 505.9949951171875,
    "OXY": 42.744998931884766,
    "GEO": 17.100000381469727
}
