{
    "VT": 137.34100341796875,
    "ANET": 144.52999877929688,
    "GOOG": 249.17999267578125,
    "PDD": 127.63999938964844,
    "BRK-B": 490.70001220703125,
    "OXY": 45.505001068115234,
    "GEO": 22.03499984741211
}
