{
    "VT": 139.47000122070312,
    "ANET": 152.78500366210938,
    "GOOG": 246.2100067138672,
    "PDD": 133.1999969482422,
    "BRK-B": 498.6499938964844,
    "OXY": 44.650001525878906,
    "GEO": 20.1299991607666
}
