{
    "VT": 140.9199981689453,
    "ANET": 126.91000366210938,
    "GOOG": 307.5400085449219,
    "PDD": 108.63999938964844,
    "BRK-B": 502.114990234375,
    "OXY": 39.04499816894531,
    "GEO": 16.545000076293945
}
