{
    "VT": 145.0,
    "ANET": 138.1575927734375,
    "GOOG": 331.57000732421875,
    "PDD": 106.75499725341797
}
