{
    "VT": 140.14999389648438,
    "ANET": 142.27999877929688,
    "GOOG": 284.19000244140625,
    "PDD": 136.25999450683594,
    "BRK-B": 490.1300048828125,
    "OXY": 39.875,
    "GEO": 17.06999969482422
}
