{
    "VT": 140.0399932861328,
    "ANET": 135.72000122070312,
    "GOOG": 286.989990234375,
    "PDD": 137.58999633789062,
    "BRK-B": 500.9100036621094,
    "OXY": 41.20000076293945,
    "GEO": 15.279999732971191
}
