{
    "VT": 136.2299041748047,
    "ANET": 141.14999389648438,
    "GOOG": 246.0500030517578,
    "PDD": 131.15499877929688,
    "BRK-B": 497.2348937988281,
    "OXY": 46.93730163574219,
    "GEO": 21.3700008392334
}
