{
    "VT": 137.1699981689453,
    "ANET": 142.77499389648438,
    "GOOG": 250.17999267578125,
    "PDD": 134.50999450683594,
    "BRK-B": 493.5899963378906,
    "OXY": 47.244998931884766,
    "GEO": 21.610000610351562
}
