{
    "VT": 146.85000610351562,
    "ANET": 142.5050048828125,
    "GOOG": 306.9700012207031,
    "PDD": 100.9800033569336
}
