{
    "VT": 133.99920654296875,
    "ANET": 136.6750030517578,
    "GOOG": 212.72000122070312,
    "PDD": 121.0999984741211,
    "BRK-B": 502.07000732421875,
    "OXY": 47.71419906616211,
    "GEO": 20.459999084472656
}