{
    "VT": 139.26499938964844,
    "ANET": 151.88510131835938,
    "GOOG": 248.04849243164062,
    "PDD": 133.7899932861328,
    "BRK-B": 499.5,
    "OXY": 45.38999938964844,
    "GEO": 20.155000686645508
}
