{
    "VT": 137.13999938964844,
    "ANET": 124.44999694824219,
    "GOOG": 288.4100036621094,
    "PDD": 120.80999755859375,
    "BRK-B": 504.7149963378906,
    "OXY": 42.46500015258789,
    "GEO": 14.640000343322754
}
