{
    "VT": 139.4949951171875,
    "ANET": 122.08999633789062,
    "GOOG": 298.1099853515625,
    "PDD": 104.88500213623047,
    "BRK-B": 504.2149963378906,
    "OXY": 40.314998626708984,
    "GEO": 16.739999771118164
}
