{
    "VT": 139.1999969482422,
    "ANET": 145.07000732421875,
    "GOOG": 243.68499755859375,
    "PDD": 134.8800048828125,
    "BRK-B": 498.8186950683594,
    "OXY": 44.66849899291992,
    "GEO": 20.549999237060547
}
