{
    "VT": 141.59500122070312,
    "ANET": 129.3159942626953,
    "GOOG": 318.9150085449219,
    "PDD": 117.42500305175781,
    "BRK-B": 498.3450012207031,
    "OXY": 41.959999084472656,
    "GEO": 17.075000762939453
}
