{
    "VT": 140.31500244140625,
    "ANET": 128.1300048828125,
    "GOOG": 316.2099914550781,
    "PDD": 118.4800033569336,
    "BRK-B": 510.05999755859375,
    "OXY": 42.53499984741211,
    "GEO": 16.165000915527344
}
