{
    "VT": 133.68499755859375,
    "ANET": 135.6699981689453,
    "GOOG": 214.27999877929688,
    "PDD": 120.72000122070312,
    "BRK-B": 504.2398986816406,
    "OXY": 47.584999084472656,
    "GEO": 20.719999313354492
}