{
    "VT": 142.14500427246094,
    "ANET": 132.6999969482422,
    "GOOG": 315.1600036621094,
    "PDD": 113.91000366210938,
    "BRK-B": 504.510009765625,
    "OXY": 41.59000015258789,
    "GEO": 16.1299991607666
}
