{
    "VT": 139.60580444335938,
    "ANET": 148.84500122070312,
    "GOOG": 256.9599914550781,
    "PDD": 132.05999755859375,
    "BRK-B": 493.2969970703125,
    "OXY": 41.04999923706055,
    "GEO": 16.959999084472656
}
