{
    "VT": 148.9250030517578,
    "ANET": 132.7801055908203,
    "GOOG": 312.3500061035156,
    "PDD": 106.51000213623047
}
