{
    "VT": 136.13499450683594,
    "ANET": 141.60499572753906,
    "GOOG": 246.02000427246094,
    "PDD": 130.91000366210938,
    "BRK-B": 496.3699951171875,
    "OXY": 46.9734992980957,
    "GEO": 21.280000686645508
}
