{
    "VT": 140.21499633789062,
    "ANET": 142.1199951171875,
    "GOOG": 283.4595947265625,
    "PDD": 136.4149932861328,
    "BRK-B": 490.739990234375,
    "OXY": 40.18000030517578,
    "GEO": 16.81100082397461
}
