{
    "VT": 137.375,
    "ANET": 143.51319885253906,
    "GOOG": 251.22999572753906,
    "PDD": 129.15499877929688,
    "BRK-B": 494.4700012207031,
    "OXY": 46.44380187988281,
    "GEO": 21.399999618530273
}
