{
    "VT": 140.63999938964844,
    "ANET": 134.07000732421875,
    "GOOG": 289.489990234375,
    "PDD": 138.25,
    "BRK-B": 497.0400085449219,
    "OXY": 42.95000076293945,
    "GEO": 14.880000114440918
}
