{
    "VT": 137.2100067138672,
    "ANET": 124.72000122070312,
    "GOOG": 287.7699890136719,
    "PDD": 121.2699966430664,
    "BRK-B": 505.375,
    "OXY": 42.505001068115234,
    "GEO": 14.640000343322754
}
