{
    "VT": 137.66000366210938,
    "ANET": 144.08999633789062,
    "GOOG": 252.1999969482422,
    "PDD": 129.9250030517578,
    "BRK-B": 494.6000061035156,
    "OXY": 46.680198669433594,
    "GEO": 21.530000686645508
}
