{
    "VT": 132.41000366210938,
    "ANET": 129.85499572753906,
    "GOOG": 199.8311004638672,
    "PDD": 118.16999816894531,
    "BRK-B": 489.364990234375,
    "OXY": 43.915000915527344,
    "GEO": 21.700000762939453
}