{
    "VT": 136.5749969482422,
    "ANET": 155.13499450683594,
    "GOOG": 238.7449951171875,
    "PDD": 126.66000366210938,
    "BRK-B": 495.06500244140625,
    "OXY": 45.974998474121094,
    "GEO": 21.725000381469727
}
