{
    "VT": 139.33990478515625,
    "ANET": 154.72000122070312,
    "GOOG": 245.8800048828125,
    "PDD": 134.38999938964844,
    "BRK-B": 501.5299987792969,
    "OXY": 45.137699127197266,
    "GEO": 18.81999969482422
}
