{
    "VT": 136.77000427246094,
    "ANET": 142.47999572753906,
    "GOOG": 248.5449981689453,
    "PDD": 130.12010192871094,
    "BRK-B": 501.0653991699219,
    "OXY": 47.79999923706055,
    "GEO": 20.90999984741211
}
