{
    "VT": 144.1446075439453,
    "ANET": 129.41749572753906,
    "GOOG": 319.80999755859375,
    "PDD": 121.37999725341797,
    "BRK-B": 494.5,
    "OXY": 41.23500061035156,
    "GEO": 15.930000305175781
}
