{
    "VT": 132.32000732421875,
    "ANET": 131.9199981689453,
    "GOOG": 200.91000366210938,
    "PDD": 123.2750015258789,
    "BRK-B": 488.5950012207031,
    "OXY": 44.785099029541016,
    "GEO": 21.274999618530273
}