{
    "VT": 140.85000610351562,
    "ANET": 157.36000061035156,
    "GOOG": 283.05999755859375,
    "PDD": 135.47500610351562,
    "BRK-B": 477.0299987792969,
    "OXY": 40.92499923706055,
    "GEO": 16.829999923706055
}
