{
    "VT": 144.83999633789062,
    "ANET": 132.375,
    "GOOG": 303.3550109863281,
    "PDD": 101.33999633789062
}
