{
    "VT": 138.91419982910156,
    "ANET": 136.02499389648438,
    "GOOG": 286.07000732421875,
    "PDD": 137.58999633789062,
    "BRK-B": 492.3999938964844,
    "OXY": 40.380001068115234,
    "GEO": 15.5600004196167
}
