{
    "VT": 133.5500030517578,
    "ANET": 133.8300018310547,
    "GOOG": 207.66000366210938,
    "PDD": 120.45999908447266,
    "BRK-B": 492.6499938964844,
    "OXY": 46.43000030517578,
    "GEO": 20.68000030517578
}