{
    "VT": 144.625,
    "ANET": 123.31999969482422,
    "GOOG": 330.81500244140625,
    "PDD": 120.4749984741211,
    "BRK-B": 497.5050048828125,
    "OXY": 42.834999084472656,
    "GEO": 17.479999542236328
}
