{
    "VT": 142.24000549316406,
    "ANET": 127.95500183105469,
    "GOOG": 312.9079895019531,
    "PDD": 112.43000030517578,
    "BRK-B": 496.343994140625,
    "OXY": 41.17499923706055,
    "GEO": 17.225000381469727
}
