{
    "VT": 132.8000030517578,
    "ANET": 136.22999572753906,
    "GOOG": 229.11000061035156,
    "PDD": 124.2300033569336,
    "BRK-B": 500.7699890136719,
    "OXY": 46.46989822387695,
    "GEO": 21.0
}
