{
    "VT": 143.4600067138672,
    "ANET": 123.05000305175781,
    "GOOG": 324.85369873046875,
    "PDD": 121.68000030517578,
    "BRK-B": 501.285400390625,
    "OXY": 43.55860137939453,
    "GEO": 16.709999084472656
}
