{
    "VT": 144.5399932861328,
    "ANET": 129.6999969482422,
    "GOOG": 323.9100036621094,
    "PDD": 102.98999786376953
}
