{
    "VT": 140.50999450683594,
    "ANET": 126.1449966430664,
    "GOOG": 305.843994140625,
    "PDD": 108.75,
    "BRK-B": 501.760009765625,
    "OXY": 38.974998474121094,
    "GEO": 16.635000228881836
}
