{
    "VT": 139.18499755859375,
    "ANET": 154.8350067138672,
    "GOOG": 278.239990234375,
    "PDD": 133.50999450683594,
    "BRK-B": 485.6549987792969,
    "OXY": 40.07500076293945,
    "GEO": 16.34000015258789
}
