{
    "VT": 140.13999938964844,
    "ANET": 141.97000122070312,
    "GOOG": 284.010009765625,
    "PDD": 136.42999267578125,
    "BRK-B": 490.239990234375,
    "OXY": 39.92499923706055,
    "GEO": 16.989999771118164
}
