{
    "VT": 136.75,
    "ANET": 117.73999786376953,
    "GOOG": 301.739990234375,
    "PDD": 113.47000122070312,
    "BRK-B": 505.114990234375,
    "OXY": 41.34000015258789,
    "GEO": 15.180000305175781
}
