{
    "VT": 137.4550018310547,
    "ANET": 147.0,
    "GOOG": 254.4490966796875,
    "PDD": 130.25999450683594,
    "BRK-B": 492.4773864746094,
    "OXY": 45.67720031738281,
    "GEO": 21.435800552368164
}
