{
    "VT": 136.9250030517578,
    "ANET": 140.90499877929688,
    "GOOG": 246.37429809570312,
    "PDD": 126.94000244140625,
    "BRK-B": 493.7699890136719,
    "OXY": 42.06999969482422,
    "GEO": 17.34000015258789
}
