{
    "VT": 137.0,
    "ANET": 147.61000061035156,
    "GOOG": 252.8502960205078,
    "PDD": 130.5850067138672,
    "BRK-B": 490.0733947753906,
    "OXY": 46.13999938964844,
    "GEO": 21.889999389648438
}
