{
    "VT": 138.6945037841797,
    "ANET": 134.91000366210938,
    "GOOG": 283.5199890136719,
    "PDD": 136.9250030517578,
    "BRK-B": 490.2950134277344,
    "OXY": 40.279998779296875,
    "GEO": 15.3100004196167
}
