{
    "VT": 139.38999938964844,
    "ANET": 134.0,
    "GOOG": 277.2900085449219,
    "PDD": 130.13499450683594,
    "BRK-B": 509.77880859375,
    "OXY": 42.84000015258789,
    "GEO": 15.165599822998047
}
