{
    "VT": 136.5050048828125,
    "ANET": 143.38499450683594,
    "GOOG": 240.88999938964844,
    "PDD": 125.30000305175781,
    "BRK-B": 494.70001220703125,
    "OXY": 46.17499923706055,
    "GEO": 22.040000915527344
}
