{
    "VT": 143.1199951171875,
    "ANET": 139.75999450683594,
    "GOOG": 305.69500732421875,
    "PDD": 104.9800033569336
}
