{
    "VT": 140.89500427246094,
    "ANET": 136.64500427246094,
    "GOOG": 307.2284851074219,
    "PDD": 100.58000183105469
}
