{
    "VT": 142.0500030517578,
    "ANET": 134.52499389648438,
    "GOOG": 314.3500061035156,
    "PDD": 113.83499908447266,
    "BRK-B": 501.19000244140625,
    "OXY": 40.415000915527344,
    "GEO": 16.3799991607666
}
