{
    "VT": 141.61500549316406,
    "ANET": 132.0850067138672,
    "GOOG": 314.7349853515625,
    "PDD": 113.61000061035156,
    "BRK-B": 505.1199951171875,
    "OXY": 41.04999923706055,
    "GEO": 16.174999237060547
}
