{
    "VT": 144.9949951171875,
    "ANET": 130.15499877929688,
    "GOOG": 329.90008544921875,
    "PDD": 106.55500030517578
}
