{
    "VT": 136.88499450683594,
    "ANET": 142.2899932861328,
    "GOOG": 249.24000549316406,
    "PDD": 132.47000122070312,
    "BRK-B": 495.4898986816406,
    "OXY": 47.095001220703125,
    "GEO": 21.579999923706055
}
