{
    "VT": 147.22999572753906,
    "ANET": 128.94000244140625,
    "GOOG": 307.0098876953125,
    "PDD": 103.09500122070312
}
