{
    "VT": 137.05999755859375,
    "ANET": 141.9250030517578,
    "GOOG": 250.93499755859375,
    "PDD": 129.14999389648438,
    "BRK-B": 487.32000732421875,
    "OXY": 47.25,
    "GEO": 21.860000610351562
}
