{
    "VT": 140.77499389648438,
    "ANET": 160.6999969482422,
    "GOOG": 283.99639892578125,
    "PDD": 136.06500244140625,
    "BRK-B": 480.2493896484375,
    "OXY": 41.04499816894531,
    "GEO": 16.549999237060547
}
