{
    "VT": 137.69000244140625,
    "ANET": 140.8300018310547,
    "GOOG": 247.2100067138672,
    "PDD": 127.6500015258789,
    "BRK-B": 495.82000732421875,
    "OXY": 42.349998474121094,
    "GEO": 17.30500030517578
}
