{
    "VT": 138.6300048828125,
    "ANET": 145.72500610351562,
    "GOOG": 255.27999877929688,
    "PDD": 127.94999694824219,
    "BRK-B": 490.9200134277344,
    "OXY": 41.58000183105469,
    "GEO": 17.114999771118164
}
