{
    "VT": 142.06500244140625,
    "ANET": 133.6699981689453,
    "GOOG": 307.0,
    "PDD": 105.37999725341797
}
