{
    "VT": 142.375,
    "ANET": 131.4980926513672,
    "GOOG": 315.0199890136719,
    "PDD": 115.31999969482422,
    "BRK-B": 498.82000732421875,
    "OXY": 39.71500015258789,
    "GEO": 16.299999237060547
}
