{
    "VT": 142.94500732421875,
    "ANET": 125.54000091552734,
    "GOOG": 327.1700134277344,
    "PDD": 105.45999908447266
}
