{
    "VT": 138.8699951171875,
    "ANET": 144.27000427246094,
    "GOOG": 247.83999633789062,
    "PDD": 133.50999450683594,
    "BRK-B": 500.9999084472656,
    "OXY": 45.03020095825195,
    "GEO": 19.059999465942383
}
