{
    "VT": 137.53500366210938,
    "ANET": 144.89999389648438,
    "GOOG": 253.86500549316406,
    "PDD": 134.38999938964844,
    "BRK-B": 491.6400146484375,
    "OXY": 47.20000076293945,
    "GEO": 21.920000076293945
}
