{
    "VT": 132.6750030517578,
    "ANET": 136.33999633789062,
    "GOOG": 211.4250030517578,
    "PDD": 121.5199966430664,
    "BRK-B": 499.7300109863281,
    "OXY": 47.98500061035156,
    "GEO": 20.954999923706055
}
