{
    "VT": 140.6750030517578,
    "ANET": 156.2550048828125,
    "GOOG": 283.3110046386719,
    "PDD": 136.17999267578125,
    "BRK-B": 475.318603515625,
    "OXY": 40.9635009765625,
    "GEO": 16.959999084472656
}
