{
    "VT": 141.81500244140625,
    "ANET": 131.3800048828125,
    "GOOG": 315.1099853515625,
    "PDD": 112.11000061035156,
    "BRK-B": 499.0899963378906,
    "OXY": 39.90999984741211,
    "GEO": 16.388700485229492
}
