{
    "VT": 141.5,
    "ANET": 134.0800018310547,
    "GOOG": 287.1000061035156,
    "PDD": 136.0,
    "BRK-B": 502.385009765625,
    "OXY": 41.97999954223633,
    "GEO": 15.085000038146973
}
