{
    "VT": 136.69970703125,
    "ANET": 143.80499267578125,
    "GOOG": 240.1999969482422,
    "PDD": 125.88999938964844,
    "BRK-B": 497.17999267578125,
    "OXY": 46.34989929199219,
    "GEO": 22.57509994506836
}
