{
    "VT": 138.4499969482422,
    "ANET": 155.9949951171875,
    "GOOG": 241.3699951171875,
    "PDD": 130.52000427246094,
    "BRK-B": 496.1700134277344,
    "OXY": 44.68149948120117,
    "GEO": 18.167600631713867
}
