{
    "VT": 135.1199951171875,
    "ANET": 119.58999633789062,
    "GOOG": 291.5,
    "PDD": 113.28500366210938,
    "BRK-B": 505.1650085449219,
    "OXY": 41.26499938964844,
    "GEO": 14.917499542236328
}
