{
    "VT": 141.39999389648438,
    "ANET": 132.27000427246094,
    "GOOG": 314.20001220703125,
    "PDD": 113.41000366210938,
    "BRK-B": 504.6159973144531,
    "OXY": 41.14799880981445,
    "GEO": 16.090200424194336
}
