{
    "VT": 141.33999633789062,
    "ANET": 129.18499755859375,
    "GOOG": 317.8599853515625,
    "PDD": 115.48999786376953,
    "BRK-B": 503.0400085449219,
    "OXY": 42.66400146484375,
    "GEO": 17.21500015258789
}
