{
    "VT": 133.69000244140625,
    "ANET": 135.2100067138672,
    "GOOG": 212.5800018310547,
    "PDD": 121.75,
    "BRK-B": 504.635009765625,
    "OXY": 47.47999954223633,
    "GEO": 20.520000457763672
}