{
    "VT": 137.7100067138672,
    "ANET": 145.2899932861328,
    "GOOG": 251.6199951171875,
    "PDD": 133.32000732421875,
    "BRK-B": 491.6549987792969,
    "OXY": 47.439998626708984,
    "GEO": 21.850000381469727
}
