{
    "VT": 140.44000244140625,
    "ANET": 127.29499816894531,
    "GOOG": 318.9049987792969,
    "PDD": 116.83999633789062,
    "BRK-B": 512.3400268554688,
    "OXY": 41.83000183105469,
    "GEO": 15.869999885559082
}
