{
    "VT": 132.0399932861328,
    "ANET": 128.5,
    "GOOG": 198.49000549316406,
    "PDD": 118.5199966430664,
    "BRK-B": 490.7998962402344,
    "OXY": 43.947200775146484,
    "GEO": 21.360000610351562
}