{
    "VT": 147.3300018310547,
    "ANET": 129.11500549316406,
    "GOOG": 306.9599914550781,
    "PDD": 102.83000183105469
}
