{
    "VT": 147.88980102539062,
    "ANET": 141.52000427246094,
    "GOOG": 325.1554870605469,
    "PDD": 105.51000213623047
}
